aircraft_type,altitude_bin,number_struck,number_struck_actual,flight_date,engines,origin_state,flight_phase,wildlife_size,conditions_sky,wildlife_species,pilot_warned,altitude,is_high_altitude,flight_year,flight_month,airport_name_clean,latitude,longitude,elevation_ft,nearest_turbine_km,state_abbr,Station_ID,avg_temp_c,avg_humidity_pct,avg_wind_speed_kmh,avg_visibility_km,total_precip_mm,avg_pressure_hpa,is_migration_season,risk_level,risk_target
Airplane,"(1000, 2000]",Over 100,859,2000-11-23,2.0,New York,Climb,Medium,No Cloud,Unknown bird - medium,False,1500,True,2000,11,LAGUARDIA NY,40.777199,-73.872597,21.0,268.82670826154464,NY,KJFK_New_York,17.3,62.0,16.65,12.75,0.0,1015.35,1,High,2
Airplane,"(1000, 2000]",2 to 10,9,2000-01-20,2.0,Illinois,Approach,Large,No Cloud,Canada goose,False,1700,False,2000,1,CHICAGO O'HARE INTL ARPT,41.9786,-87.9048,680.0,4.16460023622371,IL,KORD_Chicago,14.9,70.5,20.3,15.15,0.0,1015.4,1,High,2
Airplane,"(3000, 5000]",2 to 10,7,2000-02-25,2.0,Illinois,Climb,Medium,Overcast,Unknown bird - medium,False,5000,True,2000,2,CHICAGO O'HARE INTL ARPT,41.9786,-87.9048,680.0,4.16460023622371,IL,KORD_Chicago,20.166666666666668,70.66666666666667,7.399999999999999,12.4,0.0,1007.8666666666668,1,High,2
Airplane,"(10, 30]",2 to 10,3,2000-03-06,2.0,Colorado,Approach,Small,No Cloud,Unknown bird - small,False,20,False,2000,3,ASPEN-PITKIN CO/SARD,39.223202,-106.869003,7820.0,159.8702462092854,CO,KDEN_Denver,14.55,52.0,11.5,11.25,0.0,1022.95,1,High,2
Airplane,"(0, 10]",2 to 10,5,2000-03-11,2.0,Colorado,Approach,Small,No Cloud,Western meadowlark,False,10,False,2000,3,PUEBLO MEMORIAL ARPT,38.289101,-104.497002,4726.0,17.704292706523976,CO,KDEN_Denver,16.45,89.0,15.75,12.55,0.0,1013.35,1,High,2
Airplane,"(0, 10]",2 to 10,5,2000-03-13,2.0,New York,Climb,Medium,No Cloud,Ring-billed gull,True,10,False,2000,3,WESTCHESTER COUNTY ARPT,41.06700134277344,-73.70760345458984,439.0,243.3503200617849,NY,KJFK_New_York,9.35,62.5,11.6,10.25,0.0,1006.05,1,High,2
Airplane,"(1000, 2000]",2 to 10,10,2000-03-15,3.0,New York,Approach,Medium,No Cloud,Unknown bird - medium,False,1300,False,2000,3,LAGUARDIA NY,40.777199,-73.872597,21.0,268.82670826154464,NY,KJFK_New_York,13.7,80.5,4.8,15.3,0.0,1007.6,1,Medium,1
Airplane,"(1000, 2000]",2 to 10,2,2000-05-03,2.0,Illinois,Approach,Small,No Cloud,Unknown bird - small,False,1800,False,2000,5,GREATER PEORIA REGIONAL ARPT,38.812906,-106.120062,7946.0,1287.5633843304047,IL,KORD_Chicago,23.15,81.0,2.4,14.65,0.0,1006.35,1,Low,0
Airplane,"(30, 50]",2 to 10,4,2000-05-13,2.0,New York,Climb,Medium,Some Cloud,Herring gull,False,50,False,2000,5,STEWART INTL AIRPORT,41.85419845581055,-89.08760070800781,770.0,772.6270946133457,NY,KJFK_New_York,6.6,75.0,9.15,15.55,0.0,1013.05,1,High,2
Airplane,"(400, 600]",2 to 10,9,2000-06-12,2.0,Colorado,Approach,Small,No Cloud,Unknown bird - small,False,500,False,2000,6,DENVER INTL AIRPORT,39.52920150756836,-104.65799713134766,6295.0,27.573111187238812,CO,KDEN_Denver,16.1,69.0,12.1,15.05,0.0,1006.6,1,High,2
Airplane,"(-1, 0]",2 to 10,5,2000-06-29,2.0,Illinois,Take-off run,Small,No Cloud,Unknown bird - small,True,0,False,2000,6,CHICAGO O'HARE INTL ARPT,41.9786,-87.9048,680.0,4.16460023622371,IL,KORD_Chicago,17.6,38.5,8.0,14.15,0.0,1008.4,1,High,2
Airplane,"(-1, 0]",2 to 10,6,2000-08-06,2.0,New York,Take-off run,Small,Overcast,Upland sandpiper,False,0,False,2000,8,GREATER ROCHESTER INTL,43.1189,-77.672401,559.0,27.86996070509405,NY,KJFK_New_York,16.45,77.0,7.1,15.7,8.6,1014.8,1,High,2
Airplane,"(100, 200]",2 to 10,5,2000-08-12,1.0,Illinois,Climb,Small,No Cloud,Unknown bird - small,False,150,False,2000,8,DUPAGE AIRPORT,41.90779877,-88.24859619,759.0,32.15621751349237,IL,KORD_Chicago,17.3,43.5,10.35,13.0,0.0,1009.45,1,High,2
Airplane,"(50, 100]",2 to 10,6,2000-08-12,1.0,Illinois,Approach,Small,Some Cloud,Unknown bird - small,False,100,False,2000,8,DUPAGE AIRPORT,41.90779877,-88.24859619,759.0,32.15621751349237,IL,KORD_Chicago,17.3,43.5,10.35,13.0,0.0,1009.45,1,High,2
Airplane,"(-1, 0]",2 to 10,2,2000-08-23,2.0,Illinois,Take-off run,Small,Some Cloud,Mourning dove,False,0,False,2000,8,BLOOMINGTON/NORMAL,40.4771,-88.915901,871.0,9.96741417120628,IL,KORD_Chicago,14.35,45.5,19.75,14.4,0.0,1017.95,1,High,2
Airplane,"(-1, 0]",2 to 10,8,2000-08-23,2.0,Illinois,Take-off run,Small,Some Cloud,Mourning dove,True,0,False,2000,8,BLOOMINGTON/NORMAL,40.4771,-88.915901,871.0,9.96741417120628,IL,KORD_Chicago,14.35,45.5,19.75,14.4,0.0,1017.95,1,High,2
Airplane,"(-1, 0]",2 to 10,10,2000-09-04,3.0,New York,Landing Roll,Small,Overcast,European starling,False,0,False,2000,9,GREATER ROCHESTER INTL,43.1189,-77.672401,559.0,27.86996070509405,NY,KJFK_New_York,9.1,75.66666666666667,8.933333333333334,13.733333333333334,0.0,1012.7333333333332,1,High,2
Airplane,"(-1, 0]",2 to 10,4,2000-09-04,4.0,Illinois,Take-off run,Small,Overcast,Unknown bird - small,False,0,False,2000,9,QUAD CITY ARPT,39.6431007385,-89.14450073239999,630.0,33.991848342153304,IL,KORD_Chicago,20.433333333333334,71.0,8.9,10.7,0.0,1010.9333333333334,1,High,2
Airplane,"(-1, 0]",2 to 10,3,2000-09-10,2.0,Illinois,Landing Roll,Medium,Some Cloud,Unknown bird - medium,True,0,False,2000,9,QUAD CITY ARPT,39.6431007385,-89.14450073239999,630.0,33.991848342153304,IL,KORD_Chicago,11.766666666666666,56.0,12.633333333333333,11.333333333333334,0.0,1009.0333333333332,1,High,2
Airplane,"(-1, 0]",2 to 10,3,2000-09-20,2.0,Colorado,Landing Roll,Small,Some Cloud,Horned lark,False,0,True,2000,9,COLORADO SPRINGS MUNICIPAL,38.805801,-104.700996,6187.0,38.3672452711314,CO,KDEN_Denver,13.0,72.5,8.45,11.15,0.0,1017.4,1,High,2
Airplane,"(-1, 0]",2 to 10,5,2000-10-15,2.0,New York,Take-off run,Medium,No Cloud,Herring gull,False,0,True,2000,10,ALBANY INTL,42.748299,-73.801697,285.0,94.50065050780267,NY,KJFK_New_York,9.0,76.5,13.35,14.8,0.0,1020.1,1,High,2
Airplane,"(-1, 0]",2 to 10,4,2000-10-25,2.0,New York,Take-off run,Medium,No Cloud,Herring gull,False,0,False,2000,10,JOHN F KENNEDY INTL,40.639447,-73.779317,13.0,285.81600722845906,NY,KJFK_New_York,16.3,75.0,29.15,12.0,3.7,1010.8,1,High,2
Airplane,"(-1, 0]",2 to 10,2,2000-10-31,2.0,New York,Take-off run,Small,No Cloud,Unknown bird - small,False,0,False,2000,10,BUFFALO-NIAGARA INTL,42.940498,-78.732201,728.0,16.688896633415297,NY,KJFK_New_York,9.0,65.0,12.7,14.6,3.0,1015.55,1,High,2
Airplane,"(-1, 0]",2 to 10,9,2000-11-08,3.0,Illinois,Take-off run,Small,No Cloud,Unknown bird - small,False,0,False,2000,11,WAUKEGAN REGIONAL ARPT,42.422199249268,-87.867897033691,727.0,47.79741233555611,IL,KORD_Chicago,22.5,81.0,5.0,11.2,0.0,1019.1,1,High,2
Airplane,"(10, 30]",2 to 10,6,2000-11-11,2.0,Colorado,Approach,Small,Overcast,Unknown bird - small,False,20,True,2000,11,DENVER INTL AIRPORT,39.52920150756836,-104.65799713134766,6295.0,27.573111187238812,CO,KDEN_Denver,19.95,31.5,5.85,16.1,0.0,1015.15,1,High,2
Airplane,"(200, 400]",2 to 10,4,2000-11-16,3.0,New York,Climb,Small,No Cloud,Unknown bird - small,False,400,False,2000,11,LAGUARDIA NY,40.777199,-73.872597,21.0,268.82670826154464,NY,KJFK_New_York,8.5,76.0,13.5,9.55,0.0,1020.45,1,High,2
Airplane,"(-1, 0]",2 to 10,8,2000-12-01,2.0,New York,Take-off run,Small,No Cloud,Snow bunting,False,0,True,2000,12,JOHN F KENNEDY INTL,40.639447,-73.779317,13.0,285.81600722845906,NY,KJFK_New_York,4.433333333333334,83.0,17.3,15.433333333333332,1.6,1012.7333333333332,1,High,2
Airplane,"(200, 400]",2 to 10,10,2001-02-27,2.0,Colorado,Approach,Large,Some Cloud,Canada goose,False,300,True,2001,2,DENVER INTL AIRPORT,39.52920150756836,-104.65799713134766,6295.0,27.573111187238812,CO,KDEN_Denver,11.9,59.0,11.333333333333334,12.833333333333334,0.0,1015.1333333333332,1,High,2
Airplane,"(-1, 0]",2 to 10,2,2001-03-10,2.0,New York,Take-off run,Small,No Cloud,Snow bunting,False,0,True,2001,3,ALBANY INTL,42.748299,-73.801697,285.0,94.50065050780267,NY,KJFK_New_York,10.333333333333334,77.33333333333333,7.2,13.933333333333335,0.4,1013.3666666666668,1,High,2
Airplane,"(-1, 0]",2 to 10,7,2001-03-11,2.0,New York,Landing Roll,Small,Some Cloud,Unknown bird - small,False,0,False,2001,3,ALBANY INTL,42.748299,-73.801697,285.0,94.50065050780267,NY,KJFK_New_York,12.55,48.0,1.65,15.45,0.0,1019.55,1,High,2
Airplane,"(1000, 2000]",2 to 10,2,2001-03-12,2.0,New York,Climb,Medium,Overcast,Unknown bird - medium,False,1200,True,2001,3,LAGUARDIA NY,40.777199,-73.872597,21.0,268.82670826154464,NY,KJFK_New_York,12.95,69.5,4.6,12.7,0.0,1017.25,1,Medium,1
Airplane,"(-1, 0]",2 to 10,10,2001-04-30,2.0,New York,Landing Roll,Medium,Some Cloud,Ring-billed gull,False,0,False,2001,4,GREATER ROCHESTER INTL,43.1189,-77.672401,559.0,27.86996070509405,NY,KJFK_New_York,14.0,60.0,8.5,10.45,0.0,1019.4,1,High,2
Airplane,"(30, 50]",2 to 10,8,2001-05-28,2.0,Illinois,Climb,Medium,Overcast,Unknown bird - medium,True,50,True,2001,5,CHICAGO MIDWAY INTL ARPT,41.785999,-87.752403,620.0,8.607490552607114,IL,KORD_Chicago,11.95,83.0,8.1,10.8,0.0,1016.15,1,High,2
Airplane,"(0, 10]",2 to 10,3,2001-07-28,2.0,Illinois,Approach,Small,Some Cloud,Unknown bird - small,False,10,False,2001,7,CHICAGO O'HARE INTL ARPT,41.9786,-87.9048,680.0,4.16460023622371,IL,KORD_Chicago,19.1,90.0,13.4,14.65,0.0,1015.6,1,High,2
Airplane,"(-1, 0]",2 to 10,6,2001-07-31,2.0,New York,Take-off run,Small,Some Cloud,Unknown bird - small,True,0,False,2001,7,GREATER ROCHESTER INTL,43.1189,-77.672401,559.0,27.86996070509405,NY,KJFK_New_York,13.933333333333332,73.66666666666667,6.333333333333333,16.1,2.7,1014.2333333333332,1,High,2
Airplane,"(-1, 0]",2 to 10,10,2001-08-18,2.0,Illinois,Landing Roll,Small,Overcast,Unknown bird - small,False,0,False,2001,8,CHICAGO O'HARE INTL ARPT,41.9786,-87.9048,680.0,4.16460023622371,IL,KORD_Chicago,22.3,78.5,10.05,11.05,0.0,1016.75,1,High,2
Airplane,"(30, 50]",2 to 10,3,2001-08-20,2.0,New York,Climb,Medium,No Cloud,Unknown bird - medium,False,50,False,2001,8,STEWART INTL AIRPORT,41.85419845581055,-89.08760070800781,770.0,772.6270946133457,NY,KJFK_New_York,10.9,48.5,4.550000000000001,15.4,0.0,1015.25,1,High,2
Airplane,"(-1, 0]",2 to 10,2,2001-09-08,2.0,Illinois,Take-off run,Small,No Cloud,European starling,True,0,True,2001,9,CHICAGO O'HARE INTL ARPT,41.9786,-87.9048,680.0,4.16460023622371,IL,KORD_Chicago,-0.9333333333333332,54.0,16.333333333333332,14.733333333333334,3.6,1015.6,1,High,2
Airplane,"(200, 400]",2 to 10,2,2001-09-22,2.0,Colorado,Approach,Small,No Cloud,European starling,True,300,True,2001,9,DENVER INTL AIRPORT,39.52920150756836,-104.65799713134766,6295.0,27.573111187238812,CO,KDEN_Denver,11.6,66.0,7.6,14.4,0.0,1012.25,1,High,2
Airplane,"(30, 50]",2 to 10,6,2001-09-27,2.0,New York,Approach,Small,Overcast,Unknown bird - small,True,40,False,2001,9,GREATER ROCHESTER INTL,43.1189,-77.672401,559.0,27.86996070509405,NY,KJFK_New_York,26.3,53.5,8.55,14.15,0.0,1013.9,1,High,2
Airplane,"(-1, 0]",2 to 10,5,2001-09-29,2.0,New York,Take-off run,Large,Overcast,Great black-backed gull,True,0,True,2001,9,JOHN F KENNEDY INTL,40.639447,-73.779317,13.0,285.81600722845906,NY,KJFK_New_York,10.9,68.5,10.3,14.85,0.0,1011.45,1,High,2
Airplane,"(-1, 0]",2 to 10,8,2001-09-29,2.0,New York,Take-off run,Medium,Some Cloud,Herring gull,True,0,False,2001,9,JOHN F KENNEDY INTL,40.639447,-73.779317,13.0,285.81600722845906,NY,KJFK_New_York,10.9,68.5,10.3,14.85,0.0,1011.45,1,High,2
Airplane,"(3000, 5000]",2 to 10,9,2001-10-13,3.0,New York,Approach,Medium,Overcast,Unknown bird - medium,False,3500,False,2001,10,WESTCHESTER COUNTY ARPT,41.06700134277344,-73.70760345458984,439.0,243.3503200617849,NY,KJFK_New_York,15.55,72.0,6.65,16.1,0.4,1014.85,1,High,2
Airplane,"(600, 1000]",2 to 10,6,2001-10-21,2.0,Colorado,Approach,Small,No Cloud,Unknown bird - small,False,1000,True,2001,10,DENVER INTL AIRPORT,39.52920150756836,-104.65799713134766,6295.0,27.573111187238812,CO,KDEN_Denver,16.0,49.5,4.550000000000001,16.1,0.0,1011.35,1,Medium,1
Airplane,"(50, 100]",2 to 10,5,2001-11-04,1.0,Illinois,Approach,Small,No Cloud,Unknown bird - small,True,75,False,2001,11,DUPAGE AIRPORT,41.90779877,-88.24859619,759.0,32.15621751349237,IL,KORD_Chicago,7.199999999999999,39.0,11.25,11.3,0.6,1014.9,1,High,2
Airplane,"(50, 100]",2 to 10,5,2001-11-16,1.0,Illinois,Approach,Large,No Cloud,Canada goose,False,100,False,2001,11,DUPAGE AIRPORT,41.90779877,-88.24859619,759.0,32.15621751349237,IL,KORD_Chicago,10.0,83.5,15.05,12.8,0.0,1014.85,1,High,2
Airplane,"(-1, 0]",2 to 10,2,2001-11-28,2.0,New York,Take-off run,Small,Overcast,Mourning dove,True,0,False,2001,11,GREATER BINGHAMTON ARPT,39.9734,-90.403702,465.0,928.1562052517568,NY,KJFK_New_York,13.75,50.5,12.85,12.05,0.0,1010.6,1,High,2
Airplane,"(200, 400]",2 to 10,2,2001-12-14,2.0,Illinois,Approach,Small,Overcast,Unknown bird - small,False,272,True,2001,12,CHICAGO O'HARE INTL ARPT,41.9786,-87.9048,680.0,4.16460023622371,IL,KORD_Chicago,11.7,38.0,10.8,13.3,2.9,1012.15,1,High,2
Airplane,"(50, 100]",2 to 10,5,2002-01-26,2.0,New York,Approach,Small,No Cloud,Unknown bird - small,False,100,False,2002,1,GREATER BINGHAMTON ARPT,39.9734,-90.403702,465.0,928.1562052517568,NY,KJFK_New_York,16.55,56.5,7.65,13.9,0.0,1011.8,1,High,2
Airplane,"(-1, 0]",2 to 10,2,2002-02-02,2.0,New York,Take-off run,Small,Some Cloud,European starling,False,0,False,2002,2,WESTCHESTER COUNTY ARPT,41.06700134277344,-73.70760345458984,439.0,243.3503200617849,NY,KJFK_New_York,6.9,72.0,6.550000000000001,16.1,0.0,1013.75,1,High,2
Airplane,"(-1, 0]",2 to 10,2,2002-02-09,2.0,New York,Take-off run,Medium,No Cloud,Unknown bird - medium,True,0,False,2002,2,JOHN F KENNEDY INTL,40.639447,-73.779317,13.0,285.81600722845906,NY,KJFK_New_York,10.266666666666667,46.66666666666666,8.9,15.3,5.8,1012.5666666666666,1,High,2
Airplane,"(30, 50]",2 to 10,5,2002-02-11,4.0,New York,Approach,Small,No Cloud,European starling,False,50,False,2002,2,JOHN F KENNEDY INTL,40.639447,-73.779317,13.0,285.81600722845906,NY,KJFK_New_York,15.65,57.0,5.2,15.75,0.0,1014.35,1,Medium,1
Airplane,"(5000, 18000]",2 to 10,3,2002-04-15,2.0,Illinois,Approach,Small,No Cloud,American woodcock,False,6200,False,2002,4,CHICAGO O'HARE INTL ARPT,41.9786,-87.9048,680.0,4.16460023622371,IL,KORD_Chicago,-0.9499999999999996,55.0,13.0,11.95,0.0,1015.3,1,High,2
Airplane,"(5000, 18000]",2 to 10,9,2002-05-12,2.0,Colorado,Climb,Small,No Cloud,Unknown bird - small,False,10000,True,2002,5,DENVER INTL AIRPORT,39.52920150756836,-104.65799713134766,6295.0,27.573111187238812,CO,KDEN_Denver,24.35,77.5,8.7,10.6,0.0,1006.75,1,High,2
Airplane,"(-1, 0]",2 to 10,10,2002-05-12,2.0,New York,Take-off run,Small,Overcast,Rock pigeon,True,0,False,2002,5,JOHN F KENNEDY INTL,40.639447,-73.779317,13.0,285.81600722845906,NY,KJFK_New_York,13.95,35.0,15.65,16.1,0.0,1016.65,1,High,2
Airplane,"(1000, 2000]",2 to 10,9,2002-05-16,2.0,New York,Approach,Small,Some Cloud,Unknown bird - small,False,1800,True,2002,5,LAGUARDIA NY,40.777199,-73.872597,21.0,268.82670826154464,NY,KJFK_New_York,14.8,50.5,5.4,13.95,0.0,1018.55,1,Medium,1
Airplane,"(600, 1000]",2 to 10,6,2002-05-21,2.0,Illinois,Approach,Small,No Cloud,Unknown bird - small,True,1000,False,2002,5,CHICAGO O'HARE INTL ARPT,41.9786,-87.9048,680.0,4.16460023622371,IL,KORD_Chicago,31.25,40.5,18.2,16.1,0.8,1010.75,1,High,2
Airplane,"(400, 600]",2 to 10,8,2002-06-30,2.0,New York,Climb,Small,No Cloud,Unknown bird - small,False,500,True,2002,6,BUFFALO-NIAGARA INTL,42.940498,-78.732201,728.0,16.688896633415297,NY,KJFK_New_York,10.95,70.0,4.25,14.25,0.0,1015.9,1,High,2
Airplane,"(0, 10]",2 to 10,6,2002-07-15,2.0,New York,Climb,Small,Some Cloud,Unknown bird - small,False,10,True,2002,7,LONG ISLAND MAC ARTHUR,40.796324,-73.101703,99.0,292.8807816425768,NY,KJFK_New_York,20.200000000000003,80.5,15.9,15.95,0.0,1006.1,1,High,2
Airplane,"(-1, 0]",2 to 10,3,2002-07-23,2.0,New York,Landing Roll,Small,Overcast,European starling,False,0,False,2002,7,WESTCHESTER COUNTY ARPT,41.06700134277344,-73.70760345458984,439.0,243.3503200617849,NY,KJFK_New_York,3.0,38.0,12.85,15.45,0.0,1016.7,1,High,2
Airplane,"(3000, 5000]",2 to 10,4,2002-08-06,2.0,Illinois,Climb,Large,Some Cloud,Canada goose,False,4600,False,2002,8,CHICAGO O'HARE INTL ARPT,41.9786,-87.9048,680.0,4.16460023622371,IL,KORD_Chicago,20.65,79.0,14.05,14.35,0.0,1011.1,1,High,2
Airplane,"(-1, 0]",2 to 10,4,2002-09-07,2.0,New York,Landing Roll,Small,No Cloud,Killdeer,True,0,True,2002,9,ALBANY INTL,42.748299,-73.801697,285.0,94.50065050780267,NY,KJFK_New_York,5.449999999999999,78.5,15.75,11.65,0.0,1005.85,1,High,2
Airplane,"(2000, 3000]",2 to 10,9,2002-09-11,2.0,New York,Approach,Small,No Cloud,Unknown bird - small,False,3000,False,2002,9,LAGUARDIA NY,40.777199,-73.872597,21.0,268.82670826154464,NY,KJFK_New_York,3.433333333333333,54.333333333333336,9.933333333333332,15.766666666666667,0.0,1014.3333333333334,1,Medium,1
Airplane,"(-1, 0]",2 to 10,3,2002-09-16,2.0,New York,Landing Roll,Small,No Cloud,Rock pigeon,True,0,False,2002,9,BUFFALO-NIAGARA INTL,42.940498,-78.732201,728.0,16.688896633415297,NY,KJFK_New_York,21.200000000000003,51.0,19.8,12.3,0.0,1016.1,1,High,2
Airplane,"(1000, 2000]",2 to 10,4,2002-09-28,2.0,New York,Climb,Medium,Some Cloud,Unknown bird - medium,False,1200,True,2002,9,JOHN F KENNEDY INTL,40.639447,-73.779317,13.0,285.81600722845906,NY,KJFK_New_York,5.0,66.33333333333333,12.3,13.766666666666666,0.0,1019.9666666666666,1,High,2
Airplane,"(-1, 0]",2 to 10,4,2002-10-07,2.0,Illinois,Landing Roll,Small,Some Cloud,Mourning dove,False,0,True,2002,10,ABRAHAM LINCOLN CAPITAL ARPT,39.844101,-89.677902,598.0,24.88369746449472,IL,KORD_Chicago,6.3,69.5,8.85,15.8,0.3,1012.15,1,High,2
Airplane,"(3000, 5000]",2 to 10,6,2002-10-14,2.0,New York,Descent,Large,No Cloud,Canada goose,False,4000,False,2002,10,ALBANY INTL,42.748299,-73.801697,285.0,94.50065050780267,NY,KJFK_New_York,7.8,91.33333333333331,3.233333333333333,14.366666666666667,0.0,1012.9333333333334,1,High,2
Airplane,"(-1, 0]",2 to 10,6,2002-10-15,2.0,New York,Landing Roll,Small,Overcast,Mourning dove,True,0,False,2002,10,WESTCHESTER COUNTY ARPT,41.06700134277344,-73.70760345458984,439.0,243.3503200617849,NY,KJFK_New_York,14.8,70.0,5.7,14.35,0.0,1011.2,1,High,2
Airplane,"(600, 1000]",2 to 10,8,2002-10-21,2.0,New York,Approach,Large,No Cloud,Canada goose,True,750,False,2002,10,ALBANY INTL,42.748299,-73.801697,285.0,94.50065050780267,NY,KJFK_New_York,15.7,75.0,10.15,14.95,0.0,1010.8,1,High,2
Airplane,"(-1, 0]",2 to 10,4,2002-10-29,2.0,New York,Landing Roll,Small,Some Cloud,Dunlin,True,0,False,2002,10,JOHN F KENNEDY INTL,40.639447,-73.779317,13.0,285.81600722845906,NY,KJFK_New_York,4.7,77.0,4.5,13.45,0.0,1015.0,1,High,2
Airplane,"(1000, 2000]",2 to 10,7,2002-10-29,2.0,New York,Climb,Large,No Cloud,Canada goose,True,2000,False,2002,10,JOHN F KENNEDY INTL,40.639447,-73.779317,13.0,285.81600722845906,NY,KJFK_New_York,4.7,77.0,4.5,13.45,0.0,1015.0,1,High,2
Airplane,"(100, 200]",2 to 10,7,2002-10-31,2.0,Colorado,Approach,Large,Overcast,Canada goose,False,200,False,2002,10,DENVER INTL AIRPORT,39.52920150756836,-104.65799713134766,6295.0,27.573111187238812,CO,KDEN_Denver,2.533333333333333,54.66666666666666,11.9,14.800000000000002,0.1,1011.1,1,High,2
Airplane,"(200, 400]",2 to 10,5,2002-11-21,1.0,New York,Approach,Small,Some Cloud,European starling,True,400,False,2002,11,ALBANY INTL,42.748299,-73.801697,285.0,94.50065050780267,NY,KJFK_New_York,11.35,58.5,8.2,14.35,2.1,1021.85,1,High,2
Airplane,"(-1, 0]",2 to 10,4,2002-12-02,2.0,New York,Take-off run,Small,Some Cloud,Unknown bird - small,False,0,False,2002,12,GREATER ROCHESTER INTL,43.1189,-77.672401,559.0,27.86996070509405,NY,KJFK_New_York,4.6,66.5,16.0,16.0,0.0,1018.7,1,High,2
Airplane,"(-1, 0]",2 to 10,10,2002-12-22,2.0,New York,Take-off run,Small,Overcast,Horned lark,True,0,False,2002,12,JOHN F KENNEDY INTL,40.639447,-73.779317,13.0,285.81600722845906,NY,KJFK_New_York,8.45,63.5,4.65,16.1,0.0,1012.55,1,Medium,1
Airplane,"(200, 400]",2 to 10,10,2003-01-04,2.0,New York,Approach,Medium,Overcast,Lesser scaup,True,350,False,2003,1,JOHN F KENNEDY INTL,40.639447,-73.779317,13.0,285.81600722845906,NY,KJFK_New_York,13.4,62.5,8.0,14.85,0.0,1018.7,1,Medium,1
Airplane,"(200, 400]",2 to 10,7,2003-01-13,2.0,New York,Approach,Medium,Overcast,Lesser scaup,True,350,False,2003,1,JOHN F KENNEDY INTL,40.639447,-73.779317,13.0,285.81600722845906,NY,KJFK_New_York,7.3,41.0,2.7,16.1,0.0,1019.35,1,Medium,1
Airplane,"(-1, 0]",2 to 10,4,2003-02-26,2.0,Colorado,Landing Roll,Small,Overcast,Unknown bird - small,False,0,True,2003,2,YAMPA VALLEY,40.481201,-107.218002,6606.0,180.83264488239317,CO,KDEN_Denver,11.5,86.0,4.7,14.0,0.0,1031.5,1,High,2
Airplane,"(400, 600]",2 to 10,3,2003-03-23,2.0,New York,Approach,Large,No Cloud,Unknown bird - large,False,500,False,2003,3,LAGUARDIA NY,40.777199,-73.872597,21.0,268.82670826154464,NY,KJFK_New_York,14.233333333333334,61.66666666666666,8.233333333333333,14.9,0.0,1010.3333333333334,1,High,2
Airplane,"(10, 30]",2 to 10,8,2003-03-28,2.0,New York,Approach,Small,Overcast,Rock pigeon,False,30,True,2003,3,LAGUARDIA NY,40.777199,-73.872597,21.0,268.82670826154464,NY,KJFK_New_York,20.4,75.66666666666667,15.066666666666665,10.533333333333331,0.1,1011.7333333333332,1,High,2
Airplane,"(3000, 5000]",2 to 10,2,2003-04-24,2.0,Illinois,Climb,Small,No Cloud,Unknown bird - small,False,4300,True,2003,4,CHICAGO O'HARE INTL ARPT,41.9786,-87.9048,680.0,4.16460023622371,IL,KORD_Chicago,16.4,36.0,3.95,12.7,0.0,1007.9,1,High,2
Airplane,"(-1, 0]",2 to 10,3,2003-05-05,2.0,New York,Landing Roll,Large,Overcast,Unknown bird - large,False,0,True,2003,5,BUFFALO-NIAGARA INTL,42.940498,-78.732201,728.0,16.688896633415297,NY,KJFK_New_York,10.25,45.0,5.6000000000000005,13.15,1.4,1010.8,1,High,2
Airplane,"(-1, 0]",2 to 10,8,2003-06-15,2.0,New York,Landing Roll,Small,Overcast,House sparrow,True,0,False,2003,6,WESTCHESTER COUNTY ARPT,41.06700134277344,-73.70760345458984,439.0,243.3503200617849,NY,KJFK_New_York,8.9,41.0,8.1,13.95,0.0,1011.55,1,High,2
Airplane,"(-1, 0]",2 to 10,8,2003-06-25,2.0,Illinois,Landing Roll,Small,No Cloud,Unknown bird - small,True,0,False,2003,6,QUAD CITY ARPT,39.6431007385,-89.14450073239999,630.0,33.991848342153304,IL,KORD_Chicago,16.8,90.0,7.300000000000001,14.35,0.0,1008.85,1,High,2
Airplane,"(-1, 0]",2 to 10,2,2003-07-25,2.0,Illinois,Landing Roll,Small,No Cloud,Unknown bird - small,False,0,False,2003,7,UNIV OF ILLINOIS -WILLARD ARPT,40.039819,-88.276249,755.0,25.148499963897123,IL,KORD_Chicago,7.35,81.5,4.55,10.5,0.0,1019.5,1,High,2
Airplane,"(-1, 0]",2 to 10,3,2003-07-28,2.0,Illinois,Landing Roll,Small,Some Cloud,European starling,True,0,False,2003,7,CHICAGO O'HARE INTL ARPT,41.9786,-87.9048,680.0,4.16460023622371,IL,KORD_Chicago,19.85,45.5,18.3,13.05,0.0,1014.65,1,High,2
Airplane,"(-1, 0]",2 to 10,3,2003-07-29,2.0,New York,Landing Roll,Medium,Some Cloud,Unknown bird - medium,False,0,True,2003,7,BUFFALO-NIAGARA INTL,42.940498,-78.732201,728.0,16.688896633415297,NY,KJFK_New_York,6.25,68.5,9.55,15.15,0.0,1013.3,1,High,2
Airplane,"(-1, 0]",2 to 10,4,2003-08-04,2.0,Illinois,Landing Roll,Small,Some Cloud,Unknown bird - small,False,0,False,2003,8,CHICAGO EXECUTIVE ARPT,42.114222,-87.901494,647.0,17.90602076675677,IL,KORD_Chicago,25.5,43.5,5.0,11.0,0.0,1018.85,1,High,2
Airplane,"(0, 10]",2 to 10,10,2003-08-14,2.0,Colorado,Approach,Small,No Cloud,Rock pigeon,False,10,True,2003,8,DENVER INTL AIRPORT,39.52920150756836,-104.65799713134766,6295.0,27.573111187238812,CO,KDEN_Denver,3.45,65.5,10.8,11.85,0.0,1012.65,1,High,2
Airplane,"(50, 100]",2 to 10,5,2003-08-27,2.0,New York,Climb,Small,Some Cloud,Unknown bird - small,False,100,False,2003,8,LAGUARDIA NY,40.777199,-73.872597,21.0,268.82670826154464,NY,KJFK_New_York,10.15,68.0,7.15,9.5,0.0,1010.2,1,High,2
Airplane,"(-1, 0]",2 to 10,9,2003-09-12,2.0,Colorado,Take-off run,Medium,No Cloud,Unknown bird - medium,False,0,True,2003,9,DENVER INTL AIRPORT,39.52920150756836,-104.65799713134766,6295.0,27.573111187238812,CO,KDEN_Denver,14.95,77.0,10.85,16.1,0.0,1013.3,1,High,2
Airplane,"(5000, 18000]",2 to 10,2,2003-09-25,2.0,New York,Climb,Large,No Cloud,Canada goose,False,9000,False,2003,9,BUFFALO-NIAGARA INTL,42.940498,-78.732201,728.0,16.688896633415297,NY,KJFK_New_York,17.1,70.0,8.2,10.6,0.0,1009.4,1,High,2
Airplane,"(-1, 0]",2 to 10,2,2003-10-14,2.0,New York,Take-off run,Small,Overcast,American woodcock,False,0,False,2003,10,BUFFALO-NIAGARA INTL,42.940498,-78.732201,728.0,16.688896633415297,NY,KJFK_New_York,-9.75,80.5,2.9000000000000004,10.65,0.0,1017.65,1,High,2
Airplane,"(1000, 2000]",2 to 10,7,2003-10-24,4.0,New York,Approach,Medium,No Cloud,Unknown bird - medium,True,1900,False,2003,10,WESTCHESTER COUNTY ARPT,41.06700134277344,-73.70760345458984,439.0,243.3503200617849,NY,KJFK_New_York,6.15,95.5,12.7,13.7,0.0,1013.4,1,High,2
Airplane,"(2000, 3000]",2 to 10,6,2003-11-02,2.0,New York,Climb,Medium,Some Cloud,Unknown bird - medium,False,2500,True,2003,11,JOHN F KENNEDY INTL,40.639447,-73.779317,13.0,285.81600722845906,NY,KJFK_New_York,7.0,69.0,10.65,12.9,0.0,1016.55,1,High,2
Airplane,"(30, 50]",2 to 10,10,2003-12-18,2.0,Illinois,Approach,Large,Some Cloud,Canada goose,True,50,False,2003,12,DUPAGE AIRPORT,41.90779877,-88.24859619,759.0,32.15621751349237,IL,KORD_Chicago,5.25,56.0,6.15,16.0,0.0,1010.2,1,High,2
Airplane,"(-1, 0]",2 to 10,10,2003-12-22,4.0,New York,Take-off run,Medium,No Cloud,Herring gull,True,0,False,2003,12,JOHN F KENNEDY INTL,40.639447,-73.779317,13.0,285.81600722845906,NY,KJFK_New_York,10.85,56.5,9.9,11.4,0.0,1006.25,1,High,2
Airplane,"(-1, 0]",2 to 10,9,2003-12-24,2.0,New York,Landing Roll,Medium,Overcast,Herring gull,True,0,True,2003,12,JOHN F KENNEDY INTL,40.639447,-73.779317,13.0,285.81600722845906,NY,KJFK_New_York,8.450000000000001,60.0,12.3,15.85,0.0,1012.5,1,High,2
Airplane,"(-1, 0]",2 to 10,8,2004-01-01,2.0,Illinois,Take-off run,Small,Overcast,Unknown bird - small,False,0,False,2004,1,QUAD CITY ARPT,39.6431007385,-89.14450073239999,630.0,33.991848342153304,IL,KORD_Chicago,21.35,83.0,18.5,16.1,0.0,1017.4,1,High,2
Airplane,"(-1, 0]",2 to 10,8,2004-01-26,2.0,Colorado,Take-off run,Small,No Cloud,Horned lark,False,0,True,2004,1,COLORADO SPRINGS MUNICIPAL,38.805801,-104.700996,6187.0,38.3672452711314,CO,KDEN_Denver,-1.5500000000000005,52.5,13.5,12.95,0.0,1015.35,1,High,2
Airplane,"(10, 30]",2 to 10,3,2004-02-06,2.0,Colorado,Approach,Small,Some Cloud,Unknown bird - small,False,25,False,2004,2,DENVER INTL AIRPORT,39.52920150756836,-104.65799713134766,6295.0,27.573111187238812,CO,KDEN_Denver,10.8,42.5,8.9,13.35,0.0,1004.75,1,High,2
Airplane,"(-1, 0]",2 to 10,8,2004-02-17,2.0,New York,Landing Roll,Small,No Cloud,Horned lark,True,0,False,2004,2,JOHN F KENNEDY INTL,40.639447,-73.779317,13.0,285.81600722845906,NY,KJFK_New_York,5.95,65.5,17.75,15.05,2.9,1018.0,1,High,2
Airplane,"(100, 200]",2 to 10,9,2004-03-07,2.0,New York,Approach,Medium,Overcast,Herring gull,False,200,False,2004,3,LAGUARDIA NY,40.777199,-73.872597,21.0,268.82670826154464,NY,KJFK_New_York,22.8,65.0,9.25,13.2,0.0,1015.95,1,High,2
Airplane,"(200, 400]",2 to 10,4,2004-05-19,2.0,New York,Climb,Large,Some Cloud,Canada goose,True,300,True,2004,5,LAGUARDIA NY,40.777199,-73.872597,21.0,268.82670826154464,NY,KJFK_New_York,11.166666666666666,77.33333333333333,8.166666666666666,12.766666666666667,0.6,1012.1333333333332,1,High,2
Airplane,"(-1, 0]",2 to 10,5,2004-06-18,2.0,Illinois,Take-off run,Small,Some Cloud,American kestrel,False,0,False,2004,6,ABRAHAM LINCOLN CAPITAL ARPT,39.844101,-89.677902,598.0,24.88369746449472,IL,KORD_Chicago,15.65,77.0,10.85,12.95,1.9,1012.15,1,High,2
Airplane,"(400, 600]",2 to 10,2,2004-06-23,4.0,New York,Approach,Medium,Some Cloud,Unknown bird - medium,False,600,False,2004,6,JOHN F KENNEDY INTL,40.639447,-73.779317,13.0,285.81600722845906,NY,KJFK_New_York,17.6,61.0,17.75,14.45,0.0,1021.25,1,High,2
Airplane,"(-1, 0]",2 to 10,5,2004-07-14,2.0,New York,Take-off run,Medium,Overcast,Herring gull,True,0,False,2004,7,GREATER BINGHAMTON ARPT,39.9734,-90.403702,465.0,928.1562052517568,NY,KJFK_New_York,19.1,43.5,6.5,10.8,0.0,1010.55,1,High,2
Airplane,"(50, 100]",2 to 10,4,2004-08-03,2.0,Illinois,Climb,Small,No Cloud,Unknown bird - small,True,100,False,2004,8,QUAD CITY ARPT,39.6431007385,-89.14450073239999,630.0,33.991848342153304,IL,KORD_Chicago,-3.2,76.0,11.1,6.2,0.0,1009.5,1,High,2
Airplane,"(1000, 2000]",2 to 10,5,2004-08-03,2.0,Illinois,Approach,Small,No Cloud,Unknown bird - small,True,1500,False,2004,8,CHICAGO O'HARE INTL ARPT,41.9786,-87.9048,680.0,4.16460023622371,IL,KORD_Chicago,-3.2,76.0,11.1,6.2,0.0,1009.5,1,High,2
Airplane,"(-1, 0]",2 to 10,4,2004-08-14,2.0,Colorado,Take-off run,Small,No Cloud,Unknown bird - small,False,0,False,2004,8,ROCKY MOUNTAIN METROPOLITAN ARPT,39.908798,-105.116997,5673.0,8.792994069845067,CO,KDEN_Denver,22.95,48.5,17.2,16.1,2.8,1009.2,1,High,2
Airplane,"(100, 200]",2 to 10,5,2004-08-15,2.0,New York,Approach,Small,Overcast,Unknown bird - small,False,200,False,2004,8,LONG ISLAND MAC ARTHUR,40.796324,-73.101703,99.0,292.8807816425768,NY,KJFK_New_York,15.266666666666666,65.0,4.6000000000000005,7.766666666666666,0.4,1019.8333333333334,1,High,2
Airplane,"(30, 50]",2 to 10,9,2004-08-16,2.0,New York,Approach,Small,Overcast,European starling,True,50,False,2004,8,WESTCHESTER COUNTY ARPT,41.06700134277344,-73.70760345458984,439.0,243.3503200617849,NY,KJFK_New_York,25.75,72.0,10.35,12.3,2.1,1016.1,1,High,2
Airplane,"(-1, 0]",2 to 10,9,2004-08-18,2.0,New York,Landing Roll,Small,No Cloud,Unknown bird - small,False,0,False,2004,8,BUFFALO-NIAGARA INTL,42.940498,-78.732201,728.0,16.688896633415297,NY,KJFK_New_York,18.85,81.5,12.55,16.1,0.0,1020.2,1,High,2
Airplane,"(-1, 0]",2 to 10,9,2004-08-18,2.0,New York,Taxi,Medium,Some Cloud,Herring gull,False,0,False,2004,8,LAGUARDIA NY,40.777199,-73.872597,21.0,268.82670826154464,NY,KJFK_New_York,18.85,81.5,12.55,16.1,0.0,1020.2,1,High,2
Airplane,"(-1, 0]",2 to 10,4,2004-08-19,2.0,Illinois,Landing Roll,Small,No Cloud,Unknown bird - small,True,0,False,2004,8,QUAD CITY ARPT,39.6431007385,-89.14450073239999,630.0,33.991848342153304,IL,KORD_Chicago,11.7,74.0,21.9,10.65,2.5,1022.65,1,High,2
Airplane,"(-1, 0]",2 to 10,10,2004-08-19,2.0,Illinois,Landing Roll,Small,No Cloud,Unknown bird - small,True,0,False,2004,8,QUAD CITY ARPT,39.6431007385,-89.14450073239999,630.0,33.991848342153304,IL,KORD_Chicago,11.7,74.0,21.9,10.65,2.5,1022.65,1,High,2
Airplane,"(-1, 0]",2 to 10,5,2004-08-20,2.0,New York,Landing Roll,Large,Some Cloud,Canada goose,False,0,False,2004,8,LAGUARDIA NY,40.777199,-73.872597,21.0,268.82670826154464,NY,KJFK_New_York,14.75,60.0,3.75,12.3,0.2,1001.05,1,High,2
Airplane,"(-1, 0]",2 to 10,8,2004-08-24,2.0,New York,Take-off run,Small,No Cloud,Mourning dove,False,0,True,2004,8,BUFFALO-NIAGARA INTL,42.940498,-78.732201,728.0,16.688896633415297,NY,KJFK_New_York,7.1,65.5,9.15,13.9,0.0,1015.6,1,High,2
Airplane,"(-1, 0]",2 to 10,6,2004-08-24,2.0,Illinois,Landing Roll,Small,Overcast,American kestrel,True,0,False,2004,8,CHICAGO MIDWAY INTL ARPT,41.785999,-87.752403,620.0,8.607490552607114,IL,KORD_Chicago,3.3000000000000007,32.5,16.15,12.25,0.0,1011.95,1,High,2
Airplane,"(10, 30]",2 to 10,7,2004-08-25,2.0,New York,Approach,Small,Some Cloud,Unknown bird - small,True,20,False,2004,8,WESTCHESTER COUNTY ARPT,41.06700134277344,-73.70760345458984,439.0,243.3503200617849,NY,KJFK_New_York,10.95,77.5,4.85,13.05,0.0,1001.55,1,High,2
Airplane,"(3000, 5000]",2 to 10,3,2004-08-31,2.0,Illinois,Climb,Large,No Cloud,Double-crested cormorant,True,4800,True,2004,8,CHICAGO O'HARE INTL ARPT,41.9786,-87.9048,680.0,4.16460023622371,IL,KORD_Chicago,0.3500000000000001,39.0,17.95,16.05,0.0,1019.85,1,High,2
Airplane,"(-1, 0]",2 to 10,9,2004-09-06,4.0,New York,Landing Roll,Small,Some Cloud,European starling,True,0,False,2004,9,WESTCHESTER COUNTY ARPT,41.06700134277344,-73.70760345458984,439.0,243.3503200617849,NY,KJFK_New_York,3.0,53.0,6.566666666666667,13.166666666666666,0.0,1013.7333333333332,1,High,2
Airplane,"(0, 10]",2 to 10,10,2004-09-09,2.0,Colorado,Climb,Medium,No Cloud,Unknown bird - medium,False,10,False,2004,9,COLORADO SPRINGS MUNICIPAL,38.805801,-104.700996,6187.0,38.3672452711314,CO,KDEN_Denver,7.899999999999999,90.0,6.25,11.9,1.4,1001.55,1,High,2
Airplane,"(-1, 0]",2 to 10,8,2004-09-10,2.0,Illinois,Landing Roll,Small,Some Cloud,Unknown bird - small,False,0,False,2004,9,CHICAGO O'HARE INTL ARPT,41.9786,-87.9048,680.0,4.16460023622371,IL,KORD_Chicago,4.75,51.0,3.6,15.0,0.0,1017.55,1,High,2
Airplane,"(-1, 0]",2 to 10,7,2004-09-18,2.0,Colorado,Landing Roll,Medium,No Cloud,Unknown bird - medium,False,0,False,2004,9,DENVER INTL AIRPORT,39.52920150756836,-104.65799713134766,6295.0,27.573111187238812,CO,KDEN_Denver,1.25,49.5,16.15,11.5,1.0,1018.5,1,High,2
Airplane,"(-1, 0]",2 to 10,6,2004-09-20,2.0,Colorado,Landing Roll,Small,Some Cloud,Unknown bird - small,False,0,True,2004,9,COLORADO SPRINGS MUNICIPAL,38.805801,-104.700996,6187.0,38.3672452711314,CO,KDEN_Denver,9.75,69.5,7.45,16.1,0.0,1011.9,1,High,2
Airplane,"(50, 100]",2 to 10,6,2004-09-20,2.0,Colorado,Climb,Small,Overcast,Unknown bird - small,False,100,False,2004,9,DENVER INTL AIRPORT,39.52920150756836,-104.65799713134766,6295.0,27.573111187238812,CO,KDEN_Denver,9.75,69.5,7.45,16.1,0.0,1011.9,1,High,2
Airplane,"(3000, 5000]",2 to 10,3,2004-09-29,2.0,New York,Descent,Medium,No Cloud,Unknown bird - medium,False,3400,True,2004,9,ALBANY INTL,42.748299,-73.801697,285.0,94.50065050780267,NY,KJFK_New_York,0.95,72.0,8.350000000000001,14.6,0.0,1014.85,1,Medium,1
Airplane,"(100, 200]",2 to 10,6,2004-10-08,2.0,New York,Approach,Large,No Cloud,Unknown bird - large,False,200,False,2004,10,HAMILTON MUNICIPAL ARPT,42.8438,-75.561401,1137.0,6.015000807031704,NY,KJFK_New_York,-2.1,64.5,13.8,11.5,0.0,1009.95,1,High,2
Airplane,"(50, 100]",2 to 10,3,2004-10-10,2.0,Colorado,Approach,Small,Some Cloud,Horned lark,False,100,False,2004,10,COLORADO SPRINGS MUNICIPAL,38.805801,-104.700996,6187.0,38.3672452711314,CO,KDEN_Denver,2.45,60.5,14.8,9.1,0.0,1010.35,1,High,2
Airplane,"(600, 1000]",2 to 10,4,2004-10-10,2.0,New York,Approach,Small,No Cloud,Unknown bird - small,False,1000,True,2004,10,WESTCHESTER COUNTY ARPT,41.06700134277344,-73.70760345458984,439.0,243.3503200617849,NY,KJFK_New_York,2.3000000000000003,72.5,4.8,16.1,0.0,1005.3,1,Medium,1
Airplane,"(1000, 2000]",2 to 10,4,2004-11-01,2.0,New York,Approach,Large,Some Cloud,Unknown bird - large,False,2000,True,2004,11,JOHN F KENNEDY INTL,40.639447,-73.779317,13.0,285.81600722845906,NY,KJFK_New_York,9.4,60.0,11.45,11.3,0.0,1014.75,1,High,2
Airplane,"(100, 200]",2 to 10,8,2004-11-02,2.0,Illinois,Climb,Medium,Overcast,Ring-billed gull,True,200,False,2004,11,CHICAGO O'HARE INTL ARPT,41.9786,-87.9048,680.0,4.16460023622371,IL,KORD_Chicago,15.45,50.5,14.65,15.9,2.9,1011.2,1,High,2
Airplane,"(5000, 18000]",2 to 10,8,2004-11-03,2.0,New York,Descent,Medium,No Cloud,Unknown bird - medium,False,10000,False,2004,11,LAGUARDIA NY,40.777199,-73.872597,21.0,268.82670826154464,NY,KJFK_New_York,7.4,57.5,7.1,16.1,2.1,1022.85,1,Medium,1
Airplane,"(-1, 0]",2 to 10,10,2004-11-15,2.0,Colorado,Landing Roll,Small,No Cloud,Unknown bird - small,True,0,False,2004,11,DENVER INTL AIRPORT,39.52920150756836,-104.65799713134766,6295.0,27.573111187238812,CO,KDEN_Denver,9.55,64.5,9.35,6.800000000000001,0.6,1009.45,1,High,2
Airplane,"(200, 400]",2 to 10,6,2004-11-18,2.0,Illinois,Approach,Small,Overcast,Rock pigeon,False,400,False,2004,11,CHICAGO MIDWAY INTL ARPT,41.785999,-87.752403,620.0,8.607490552607114,IL,KORD_Chicago,10.55,93.5,7.25,14.25,0.5,1013.05,1,High,2
Airplane,"(-1, 0]",2 to 10,2,2004-11-24,2.0,New York,Landing Roll,Small,Overcast,Snow bunting,True,0,False,2004,11,JOHN F KENNEDY INTL,40.639447,-73.779317,13.0,285.81600722845906,NY,KJFK_New_York,18.450000000000003,52.0,16.35,16.1,0.0,1021.85,1,High,2
Airplane,"(30, 50]",2 to 10,9,2004-11-30,2.0,New York,Climb,Small,Some Cloud,Unknown bird - small,False,50,False,2004,11,LAGUARDIA NY,40.777199,-73.872597,21.0,268.82670826154464,NY,KJFK_New_York,19.5,31.0,8.35,8.8,1.5,1011.4,1,High,2
Airplane,"(100, 200]",2 to 10,2,2004-12-05,2.0,Illinois,Approach,Small,Overcast,Unknown bird - small,True,150,True,2004,12,QUAD CITY ARPT,39.6431007385,-89.14450073239999,630.0,33.991848342153304,IL,KORD_Chicago,4.9,73.0,22.7,13.75,0.0,1010.5,1,High,2
Airplane,"(30, 50]",2 to 10,7,2005-01-07,2.0,Colorado,Approach,Small,No Cloud,Unknown bird - small,False,35,False,2005,1,DENVER INTL AIRPORT,39.52920150756836,-104.65799713134766,6295.0,27.573111187238812,CO,KDEN_Denver,6.9,77.5,8.2,15.2,5.0,1007.1,1,High,2
Airplane,"(30, 50]",2 to 10,3,2005-01-12,2.0,Colorado,Climb,Small,No Cloud,Unknown bird - small,False,50,False,2005,1,GRAND JUNCTION REGIONAL ARPT,39.126663,-108.529387,4858.0,296.1860966635,CO,KDEN_Denver,5.0,60.0,10.7,12.2,4.5,1007.2,1,High,2
Airplane,"(-1, 0]",2 to 10,10,2005-01-17,2.0,New York,Landing Roll,Small,Some Cloud,European starling,False,0,False,2005,1,LAGUARDIA NY,40.777199,-73.872597,21.0,268.82670826154464,NY,KJFK_New_York,6.65,50.5,7.15,16.1,0.0,1014.3,1,High,2
Airplane,"(10, 30]",2 to 10,6,2005-03-11,2.0,Colorado,Approach,Small,No Cloud,Rock pigeon,True,20,False,2005,3,DENVER INTL AIRPORT,39.52920150756836,-104.65799713134766,6295.0,27.573111187238812,CO,KDEN_Denver,1.9,66.5,5.949999999999999,12.2,0.0,1022.55,1,High,2
Airplane,"(1000, 2000]",2 to 10,5,2005-03-11,2.0,Colorado,Climb,Medium,No Cloud,Unknown bird - medium,True,1200,False,2005,3,DENVER INTL AIRPORT,39.52920150756836,-104.65799713134766,6295.0,27.573111187238812,CO,KDEN_Denver,1.9,66.5,5.949999999999999,12.2,0.0,1022.55,1,High,2
Airplane,"(1000, 2000]",2 to 10,5,2005-04-09,2.0,Illinois,Climb,Large,No Cloud,Unknown bird - large,True,1500,True,2005,4,CHICAGO O'HARE INTL ARPT,41.9786,-87.9048,680.0,4.16460023622371,IL,KORD_Chicago,12.033333333333331,73.0,8.033333333333333,13.3,0.0,1021.2,1,High,2
Airplane,"(-1, 0]",2 to 10,2,2005-06-05,2.0,Illinois,Take-off run,Small,No Cloud,Unknown bird - small,False,0,False,2005,6,CHICAGO O'HARE INTL ARPT,41.9786,-87.9048,680.0,4.16460023622371,IL,KORD_Chicago,19.25,67.5,18.85,10.95,0.0,1006.5,1,High,2
Airplane,"(-1, 0]",2 to 10,6,2005-06-27,2.0,Illinois,Landing Roll,Small,No Cloud,Unknown bird - small,True,0,False,2005,6,QUAD CITY ARPT,39.6431007385,-89.14450073239999,630.0,33.991848342153304,IL,KORD_Chicago,21.05,74.5,4.9,16.1,0.0,1010.8,1,High,2
Airplane,"(-1, 0]",2 to 10,2,2005-06-27,2.0,Illinois,Landing Roll,Small,No Cloud,Unknown bird - small,True,0,False,2005,6,QUAD CITY ARPT,39.6431007385,-89.14450073239999,630.0,33.991848342153304,IL,KORD_Chicago,21.05,74.5,4.9,16.1,0.0,1010.8,1,High,2
Airplane,"(0, 10]",2 to 10,10,2005-07-03,2.0,New York,Approach,Small,No Cloud,Barn swallow,False,5,False,2005,7,ALBANY INTL,42.748299,-73.801697,285.0,94.50065050780267,NY,KJFK_New_York,1.4,66.0,8.25,11.05,0.0,1006.05,1,High,2
Airplane,"(-1, 0]",2 to 10,3,2005-07-05,2.0,New York,Take-off run,Small,No Cloud,Mourning dove,False,0,True,2005,7,LONG ISLAND MAC ARTHUR,40.796324,-73.101703,99.0,292.8807816425768,NY,KJFK_New_York,18.65,52.5,3.45,10.3,0.1,1014.35,1,High,2
Airplane,"(-1, 0]",2 to 10,2,2005-07-05,2.0,New York,Take-off run,Small,Overcast,European starling,True,0,False,2005,7,REPUBLIC AIRPORT,40.728576,-73.414267,82.0,287.70671637970247,NY,KJFK_New_York,18.65,52.5,3.45,10.3,0.1,1014.35,1,High,2
Airplane,"(100, 200]",2 to 10,8,2005-07-20,1.0,Illinois,Approach,Small,No Cloud,Unknown bird - small,False,200,False,2005,7,ST LOUIS DOWNTOWN,38.570701599100005,-90.1561965942,413.0,106.7209972741952,IL,KORD_Chicago,6.1000000000000005,66.0,19.0,14.7,0.0,1014.95,1,High,2
Airplane,"(-1, 0]",2 to 10,8,2005-07-25,2.0,Colorado,Take-off run,Medium,No Cloud,Unknown bird - medium,False,0,False,2005,7,DENVER INTL AIRPORT,39.52920150756836,-104.65799713134766,6295.0,27.573111187238812,CO,KDEN_Denver,4.25,81.5,6.35,7.0,0.0,1009.85,1,High,2
Airplane,"(-1, 0]",2 to 10,6,2005-08-01,2.0,New York,Landing Roll,Large,Some Cloud,Unknown bird - large,False,0,True,2005,8,LONG ISLAND MAC ARTHUR,40.796324,-73.101703,99.0,292.8807816425768,NY,KJFK_New_York,17.05,64.0,5.2,15.15,3.6,1010.35,1,High,2
Airplane,"(-1, 0]",2 to 10,6,2005-08-01,4.0,New York,Landing Roll,Small,No Cloud,Barn swallow,True,0,False,2005,8,JOHN F KENNEDY INTL,40.639447,-73.779317,13.0,285.81600722845906,NY,KJFK_New_York,17.05,64.0,5.2,15.15,3.6,1010.35,1,High,2
Airplane,"(-1, 0]",2 to 10,3,2005-08-07,2.0,New York,Take-off run,Medium,Some Cloud,Unknown bird - medium,True,0,False,2005,8,LONG ISLAND MAC ARTHUR,40.796324,-73.101703,99.0,292.8807816425768,NY,KJFK_New_York,22.0,58.5,11.4,12.2,2.0,1009.75,1,High,2
Airplane,"(-1, 0]",2 to 10,7,2005-08-07,2.0,New York,Take-off run,Small,Some Cloud,Unknown bird - small,True,0,False,2005,8,LONG ISLAND MAC ARTHUR,40.796324,-73.101703,99.0,292.8807816425768,NY,KJFK_New_York,22.0,58.5,11.4,12.2,2.0,1009.75,1,High,2
Airplane,"(0, 10]",2 to 10,4,2005-08-11,2.0,New York,Approach,Small,No Cloud,Barn swallow,False,10,False,2005,8,LAGUARDIA NY,40.777199,-73.872597,21.0,268.82670826154464,NY,KJFK_New_York,24.85,64.5,12.4,14.55,0.0,1011.75,1,High,2
Airplane,"(-1, 0]",2 to 10,5,2005-08-16,2.0,New York,Take-off run,Small,Overcast,Unknown bird - small,False,0,True,2005,8,ALBANY INTL,42.748299,-73.801697,285.0,94.50065050780267,NY,KJFK_New_York,10.5,69.5,7.550000000000001,9.5,0.0,1007.7,1,High,2
Airplane,"(-1, 0]",2 to 10,7,2005-08-17,2.0,New York,Landing Roll,Small,Some Cloud,Unknown bird - small,False,0,False,2005,8,FLOYD BENNETT MEMORIAL,43.3412017822,-73.6102981567,328.0,104.30487108890428,NY,KJFK_New_York,3.9,77.5,4.8,11.2,3.0,1008.95,1,High,2
Airplane,"(200, 400]",2 to 10,4,2005-08-19,2.0,New York,Approach,Medium,Overcast,Unknown bird - medium,True,300,False,2005,8,JOHN F KENNEDY INTL,40.639447,-73.779317,13.0,285.81600722845906,NY,KJFK_New_York,16.266666666666666,66.66666666666667,7.133333333333333,14.433333333333335,0.0,1014.4666666666668,1,High,2
Airplane,"(-1, 0]",2 to 10,9,2005-09-01,2.0,New York,Take-off run,Small,Some Cloud,Brown-headed cowbird,True,0,False,2005,9,JOHN F KENNEDY INTL,40.639447,-73.779317,13.0,285.81600722845906,NY,KJFK_New_York,15.45,48.0,6.15,12.25,0.0,1009.95,1,High,2
Airplane,"(600, 1000]",2 to 10,7,2005-09-03,2.0,New York,Approach,Medium,Some Cloud,Unknown bird - medium,True,1000,True,2005,9,JOHN F KENNEDY INTL,40.639447,-73.779317,13.0,285.81600722845906,NY,KJFK_New_York,19.85,83.0,8.9,16.1,0.8,1013.6,1,High,2
Airplane,"(10, 30]",2 to 10,9,2005-09-05,2.0,New York,Approach,Small,No Cloud,Unknown bird - small,False,30,True,2005,9,LAGUARDIA NY,40.777199,-73.872597,21.0,268.82670826154464,NY,KJFK_New_York,8.850000000000001,51.0,8.65,16.1,1.4,1018.3,1,High,2
Airplane,"(-1, 0]",2 to 10,5,2005-09-15,2.0,Illinois,Landing Roll,Small,Overcast,House sparrow,False,0,False,2005,9,ABRAHAM LINCOLN CAPITAL ARPT,39.844101,-89.677902,598.0,24.88369746449472,IL,KORD_Chicago,8.499999999999998,62.333333333333336,13.466666666666669,12.933333333333332,0.0,1011.9,1,High,2
Airplane,"(2000, 3000]",2 to 10,6,2005-09-15,2.0,Illinois,Approach,Small,No Cloud,Unknown bird - small,False,2500,False,2005,9,GREATER ROCKFORD,42.1954,-89.097198,742.0,37.23938268045538,IL,KORD_Chicago,8.499999999999998,62.333333333333336,13.466666666666669,12.933333333333332,0.0,1011.9,1,High,2
Airplane,"(-1, 0]",2 to 10,5,2005-09-17,2.0,New York,Take-off run,Small,Overcast,European starling,True,0,False,2005,9,BUFFALO-NIAGARA INTL,42.940498,-78.732201,728.0,16.688896633415297,NY,KJFK_New_York,11.5,56.0,7.4,12.5,0.0,1009.55,1,High,2
Airplane,"(-1, 0]",2 to 10,8,2005-09-19,2.0,Colorado,Landing Roll,Small,No Cloud,Horned lark,False,0,False,2005,9,COLORADO SPRINGS MUNICIPAL,38.805801,-104.700996,6187.0,38.3672452711314,CO,KDEN_Denver,22.15,54.0,14.0,8.55,1.0,1009.75,1,High,2
Airplane,"(-1, 0]",2 to 10,5,2005-10-06,2.0,Illinois,Landing Roll,Small,Some Cloud,Mourning dove,True,0,False,2005,10,CHICAGO O'HARE INTL ARPT,41.9786,-87.9048,680.0,4.16460023622371,IL,KORD_Chicago,16.4,73.0,12.65,13.35,0.0,1018.1,1,High,2
Airplane,"(-1, 0]",2 to 10,5,2005-10-11,2.0,New York,Take-off run,Small,Overcast,Mourning dove,True,0,False,2005,10,BUFFALO-NIAGARA INTL,42.940498,-78.732201,728.0,16.688896633415297,NY,KJFK_New_York,5.3,82.0,16.7,14.8,0.0,1019.3,1,High,2
Airplane,"(100, 200]",2 to 10,9,2005-10-12,2.0,New York,Climb,Small,Overcast,Unknown bird - small,True,150,False,2005,10,BUFFALO-NIAGARA INTL,42.940498,-78.732201,728.0,16.688896633415297,NY,KJFK_New_York,12.7,54.5,9.0,13.75,0.0,1014.95,1,High,2
Airplane,"(200, 400]",2 to 10,3,2005-10-13,2.0,Illinois,Approach,Medium,Overcast,Unknown bird - medium,True,350,False,2005,10,CHICAGO O'HARE INTL ARPT,41.9786,-87.9048,680.0,4.16460023622371,IL,KORD_Chicago,10.033333333333331,75.66666666666667,8.299999999999999,14.733333333333334,0.0,1012.4333333333334,1,High,2
Airplane,"(200, 400]",2 to 10,7,2005-10-17,2.0,New York,Approach,Small,Some Cloud,Unknown bird - small,False,400,False,2005,10,LAGUARDIA NY,40.777199,-73.872597,21.0,268.82670826154464,NY,KJFK_New_York,-2.299999999999999,69.5,15.4,12.1,0.0,1018.65,1,High,2
Airplane,"(600, 1000]",2 to 10,7,2005-10-20,2.0,New York,Approach,Small,Some Cloud,Unknown bird - small,True,1000,False,2005,10,WESTCHESTER COUNTY ARPT,41.06700134277344,-73.70760345458984,439.0,243.3503200617849,NY,KJFK_New_York,20.1,50.0,9.85,12.3,0.0,1017.4,1,High,2
Airplane,"(600, 1000]",2 to 10,2,2005-10-20,2.0,New York,Approach,Small,Some Cloud,Unknown bird - small,True,800,False,2005,10,WESTCHESTER COUNTY ARPT,41.06700134277344,-73.70760345458984,439.0,243.3503200617849,NY,KJFK_New_York,20.1,50.0,9.85,12.3,0.0,1017.4,1,High,2
Airplane,"(3000, 5000]",2 to 10,8,2005-10-20,2.0,New York,Descent,Small,No Cloud,Unknown bird - small,False,4000,False,2005,10,LAGUARDIA NY,40.777199,-73.872597,21.0,268.82670826154464,NY,KJFK_New_York,20.1,50.0,9.85,12.3,0.0,1017.4,1,Medium,1
Airplane,"(1000, 2000]",2 to 10,9,2005-10-20,2.0,New York,Approach,Small,Some Cloud,Unknown bird - small,True,1200,False,2005,10,WESTCHESTER COUNTY ARPT,41.06700134277344,-73.70760345458984,439.0,243.3503200617849,NY,KJFK_New_York,20.1,50.0,9.85,12.3,0.0,1017.4,1,High,2
Airplane,"(2000, 3000]",2 to 10,3,2005-10-28,2.0,New York,Descent,Small,Some Cloud,Unknown bird - small,True,2700,True,2005,10,BUFFALO-NIAGARA INTL,42.940498,-78.732201,728.0,16.688896633415297,NY,KJFK_New_York,11.5,93.5,14.3,13.05,0.0,1012.3,1,High,2
Airplane,"(30, 50]",2 to 10,3,2005-11-10,2.0,Colorado,Approach,Small,No Cloud,Unknown bird - small,False,40,False,2005,11,DENVER INTL AIRPORT,39.52920150756836,-104.65799713134766,6295.0,27.573111187238812,CO,KDEN_Denver,0.4499999999999993,77.5,14.15,11.8,0.0,1020.5,1,High,2
Airplane,"(2000, 3000]",2 to 10,5,2005-12-12,2.0,New York,Approach,Large,No Cloud,Snow goose,False,2500,False,2005,12,LAGUARDIA NY,40.777199,-73.872597,21.0,268.82670826154464,NY,KJFK_New_York,17.733333333333334,73.0,3.266666666666667,11.933333333333332,0.0,1011.9333333333334,1,High,2
Airplane,"(-1, 0]",2 to 10,9,2005-12-31,2.0,New York,Take-off run,Small,Overcast,Snow bunting,True,0,False,2005,12,JOHN F KENNEDY INTL,40.639447,-73.779317,13.0,285.81600722845906,NY,KJFK_New_York,5.0,60.0,10.1,15.9,0.0,1012.85,1,High,2
Airplane,"(-1, 0]",2 to 10,9,2006-01-11,2.0,Illinois,Landing Roll,Medium,Overcast,Unknown bird - medium,False,0,False,2006,1,UNIV OF ILLINOIS -WILLARD ARPT,40.039819,-88.276249,755.0,25.148499963897123,IL,KORD_Chicago,10.9,68.5,12.95,15.35,0.0,1009.4,1,High,2
Airplane,"(-1, 0]",2 to 10,9,2006-02-17,2.0,New York,Landing Roll,Small,No Cloud,Unknown bird - small,False,0,False,2006,2,LAGUARDIA NY,40.777199,-73.872597,21.0,268.82670826154464,NY,KJFK_New_York,16.2,67.0,7.9,11.65,4.0,1016.45,1,High,2
Airplane,"(600, 1000]",2 to 10,10,2006-03-06,2.0,New York,Approach,Small,No Cloud,Unknown bird - small,False,700,True,2006,3,JOHN F KENNEDY INTL,40.639447,-73.779317,13.0,285.81600722845906,NY,KJFK_New_York,21.3,42.5,5.95,14.0,0.0,1018.1,1,Medium,1
Airplane,"(30, 50]",2 to 10,7,2006-03-07,2.0,Illinois,Approach,Small,Some Cloud,Rock pigeon,False,50,False,2006,3,CHICAGO O'HARE INTL ARPT,41.9786,-87.9048,680.0,4.16460023622371,IL,KORD_Chicago,11.3,81.0,17.5,12.7,0.3,1014.6,1,High,2
Airplane,"(-1, 0]",2 to 10,8,2006-03-24,2.0,New York,Landing Roll,Medium,Some Cloud,Ring-billed gull,False,0,True,2006,3,LAGUARDIA NY,40.777199,-73.872597,21.0,268.82670826154464,NY,KJFK_New_York,12.95,40.0,8.95,15.85,0.6,1008.7,1,High,2
Airplane,"(3000, 5000]",2 to 10,9,2006-03-29,2.0,Illinois,Approach,Medium,Some Cloud,Lesser scaup,False,5000,False,2006,3,CHICAGO O'HARE INTL ARPT,41.9786,-87.9048,680.0,4.16460023622371,IL,KORD_Chicago,11.25,64.5,6.4,15.1,4.6,1018.45,1,High,2
Airplane,"(-1, 0]",2 to 10,10,2006-04-15,2.0,New York,Take-off run,Large,Some Cloud,Canada goose,False,0,False,2006,4,GREATER ROCHESTER INTL,43.1189,-77.672401,559.0,27.86996070509405,NY,KJFK_New_York,23.65,50.5,15.5,13.35,2.4,1010.15,1,High,2
Airplane,"(50, 100]",2 to 10,3,2006-05-01,2.0,Illinois,Approach,Small,Some Cloud,European starling,False,100,False,2006,5,UNIV OF ILLINOIS -WILLARD ARPT,40.039819,-88.276249,755.0,25.148499963897123,IL,KORD_Chicago,14.9,46.0,8.95,10.5,0.0,1017.05,1,High,2
Airplane,"(-1, 0]",2 to 10,8,2006-05-12,2.0,Colorado,Landing Roll,Small,Some Cloud,Unknown bird - small,False,0,False,2006,5,DENVER INTL AIRPORT,39.52920150756836,-104.65799713134766,6295.0,27.573111187238812,CO,KDEN_Denver,15.9,44.0,18.25,16.1,0.0,1010.8,1,High,2
Airplane,"(100, 200]",2 to 10,6,2006-05-12,2.0,Illinois,Climb,Small,Overcast,Unknown bird - small,True,120,False,2006,5,CHICAGO O'HARE INTL ARPT,41.9786,-87.9048,680.0,4.16460023622371,IL,KORD_Chicago,11.9,37.5,3.85,15.85,0.0,1011.2,1,High,2
Airplane,"(1000, 2000]",2 to 10,5,2006-05-26,2.0,New York,Approach,Small,Some Cloud,Short-billed dowitcher,False,1200,False,2006,5,JOHN F KENNEDY INTL,40.639447,-73.779317,13.0,285.81600722845906,NY,KJFK_New_York,17.333333333333332,71.66666666666667,11.966666666666669,15.166666666666666,0.3,1015.8333333333334,1,High,2
Airplane,"(50, 100]",2 to 10,10,2006-05-30,2.0,Illinois,Approach,Small,No Cloud,Unknown bird - small,False,80,True,2006,5,CHICAGO MIDWAY INTL ARPT,41.785999,-87.752403,620.0,8.607490552607114,IL,KORD_Chicago,19.05,67.5,11.7,11.25,0.0,1016.65,1,High,2
Airplane,"(-1, 0]",2 to 10,2,2006-06-02,2.0,Colorado,Take-off run,Small,No Cloud,Unknown bird - small,False,0,False,2006,6,DENVER INTL AIRPORT,39.52920150756836,-104.65799713134766,6295.0,27.573111187238812,CO,KDEN_Denver,7.35,90.5,5.9,10.95,0.0,1018.6,1,High,2
Airplane,"(0, 10]",2 to 10,6,2006-06-03,2.0,Illinois,Climb,Small,No Cloud,Unknown bird - small,False,10,False,2006,6,CHICAGO MIDWAY INTL ARPT,41.785999,-87.752403,620.0,8.607490552607114,IL,KORD_Chicago,15.55,34.0,17.4,14.2,0.0,1015.3,1,High,2
Airplane,"(-1, 0]",2 to 10,3,2006-06-08,2.0,New York,Landing Roll,Small,Overcast,European starling,True,0,False,2006,6,WESTCHESTER COUNTY ARPT,41.06700134277344,-73.70760345458984,439.0,243.3503200617849,NY,KJFK_New_York,13.25,60.0,9.0,9.95,4.3,1007.15,1,High,2
Airplane,"(-1, 0]",2 to 10,5,2006-06-29,2.0,Colorado,Landing Roll,Small,No Cloud,Horned lark,False,0,False,2006,6,DENVER INTL AIRPORT,39.52920150756836,-104.65799713134766,6295.0,27.573111187238812,CO,KDEN_Denver,19.8,36.0,8.1,16.1,2.4,1021.95,1,High,2
Airplane,"(-1, 0]",2 to 10,9,2006-07-09,2.0,Illinois,Landing Roll,Small,No Cloud,European starling,False,0,False,2006,7,UNIV OF ILLINOIS -WILLARD ARPT,40.039819,-88.276249,755.0,25.148499963897123,IL,KORD_Chicago,9.6,59.333333333333336,4.566666666666666,16.066666666666666,3.5,1008.2666666666668,1,High,2
Airplane,"(-1, 0]",2 to 10,5,2006-07-09,2.0,New York,Take-off run,Small,No Cloud,Mourning dove,True,0,True,2006,7,ALBANY INTL,42.748299,-73.801697,285.0,94.50065050780267,NY,KJFK_New_York,12.866666666666667,71.0,8.200000000000001,14.233333333333334,4.0,1014.7666666666668,1,High,2
Airplane,"(-1, 0]",2 to 10,3,2006-07-10,2.0,New York,Landing Roll,Small,Some Cloud,Mourning dove,True,0,False,2006,7,ALBANY INTL,42.748299,-73.801697,285.0,94.50065050780267,NY,KJFK_New_York,12.4,66.0,14.95,12.45,0.0,1015.85,1,High,2
Airplane,"(-1, 0]",2 to 10,7,2006-07-13,2.0,New York,Landing Roll,Small,Overcast,Unknown bird - small,False,0,False,2006,7,ALBANY INTL,42.748299,-73.801697,285.0,94.50065050780267,NY,KJFK_New_York,28.05,59.0,19.95,13.2,5.7,1012.25,1,High,2
Airplane,"(-1, 0]",2 to 10,10,2006-07-13,2.0,Illinois,Landing Roll,Small,No Cloud,American kestrel,True,0,True,2006,7,CHICAGO MIDWAY INTL ARPT,41.785999,-87.752403,620.0,8.607490552607114,IL,KORD_Chicago,13.45,56.0,18.6,13.9,0.0,1010.75,1,High,2
Airplane,"(10, 30]",2 to 10,6,2006-08-01,2.0,Illinois,Climb,Small,Some Cloud,Unknown bird - small,True,25,False,2006,8,CHICAGO EXECUTIVE ARPT,42.114222,-87.901494,647.0,17.90602076675677,IL,KORD_Chicago,11.45,56.5,6.85,9.9,0.0,1024.9,1,High,2
Airplane,"(-1, 0]",2 to 10,9,2006-08-02,2.0,New York,Take-off run,Small,No Cloud,Unknown bird - small,True,0,False,2006,8,LONG ISLAND MAC ARTHUR,40.796324,-73.101703,99.0,292.8807816425768,NY,KJFK_New_York,18.2,87.0,26.65,16.1,1.4,1017.7,1,High,2
Airplane,"(0, 10]",2 to 10,9,2006-08-04,2.0,New York,Approach,Small,Some Cloud,Unknown bird - small,False,5,False,2006,8,REPUBLIC AIRPORT,40.728576,-73.414267,82.0,287.70671637970247,NY,KJFK_New_York,2.25,42.0,21.8,13.9,0.1,1002.75,1,High,2
Airplane,"(-1, 0]",2 to 10,3,2006-08-17,2.0,Illinois,Landing Roll,Small,Some Cloud,Unknown bird - small,True,0,False,2006,8,QUAD CITY ARPT,39.6431007385,-89.14450073239999,630.0,33.991848342153304,IL,KORD_Chicago,17.066666666666666,67.0,15.266666666666667,12.366666666666667,2.8,1014.2333333333332,1,High,2
Airplane,"(-1, 0]",2 to 10,9,2006-08-17,3.0,Illinois,Take-off run,Small,No Cloud,Mourning dove,False,0,False,2006,8,GREATER PEORIA REGIONAL ARPT,38.812906,-106.120062,7946.0,1287.5633843304047,IL,KORD_Chicago,17.066666666666666,67.0,15.266666666666667,12.366666666666667,2.8,1014.2333333333332,1,High,2
Airplane,"(-1, 0]",2 to 10,2,2006-08-17,2.0,Illinois,Take-off run,Small,No Cloud,European starling,False,0,False,2006,8,UNIV OF ILLINOIS -WILLARD ARPT,40.039819,-88.276249,755.0,25.148499963897123,IL,KORD_Chicago,17.066666666666666,67.0,15.266666666666667,12.366666666666667,2.8,1014.2333333333332,1,High,2
Airplane,"(-1, 0]",2 to 10,5,2006-08-29,2.0,New York,Take-off run,Small,Overcast,Unknown bird - small,True,0,False,2006,8,BUFFALO-NIAGARA INTL,42.940498,-78.732201,728.0,16.688896633415297,NY,KJFK_New_York,3.95,61.0,11.45,13.3,0.0,1008.95,1,High,2
Airplane,"(-1, 0]",2 to 10,4,2006-08-29,2.0,Illinois,Landing Roll,Small,Overcast,Barn swallow,False,0,False,2006,8,ABRAHAM LINCOLN CAPITAL ARPT,39.844101,-89.677902,598.0,24.88369746449472,IL,KORD_Chicago,8.55,86.0,3.85,15.0,0.0,1015.8,1,High,2
Airplane,"(30, 50]",2 to 10,5,2006-08-31,2.0,Illinois,Climb,Small,Some Cloud,Mourning dove,False,50,True,2006,8,CHICAGO MIDWAY INTL ARPT,41.785999,-87.752403,620.0,8.607490552607114,IL,KORD_Chicago,4.2,78.0,3.6,11.65,0.0,1014.45,1,High,2
Airplane,"(-1, 0]",2 to 10,4,2006-09-03,2.0,New York,Take-off run,Medium,Overcast,Ring-billed gull,True,0,False,2006,9,BUFFALO-NIAGARA INTL,42.940498,-78.732201,728.0,16.688896633415297,NY,KJFK_New_York,13.75,66.5,4.949999999999999,11.2,0.6,1008.55,1,High,2
Airplane,"(200, 400]",2 to 10,6,2006-09-06,3.0,Illinois,Climb,Large,Some Cloud,Canada goose,False,300,False,2006,9,GREATER PEORIA REGIONAL ARPT,38.812906,-106.120062,7946.0,1287.5633843304047,IL,KORD_Chicago,18.05,63.0,7.9,15.6,0.0,1003.25,1,High,2
Airplane,"(-1, 0]",2 to 10,6,2006-09-07,2.0,Illinois,Take-off run,Small,Some Cloud,Mourning dove,False,0,False,2006,9,CHICAGO O'HARE INTL ARPT,41.9786,-87.9048,680.0,4.16460023622371,IL,KORD_Chicago,15.75,35.5,6.45,14.65,2.5,1010.05,1,High,2
Airplane,"(50, 100]",2 to 10,3,2006-09-14,2.0,Illinois,Approach,Large,Some Cloud,Canada goose,True,100,False,2006,9,CHICAGO O'HARE INTL ARPT,41.9786,-87.9048,680.0,4.16460023622371,IL,KORD_Chicago,3.65,60.0,10.55,10.7,0.0,1012.25,1,High,2
Airplane,"(0, 10]",2 to 10,5,2006-09-14,2.0,New York,Approach,Large,Overcast,Canada goose,False,2,False,2006,9,REPUBLIC AIRPORT,40.728576,-73.414267,82.0,287.70671637970247,NY,KJFK_New_York,0.7000000000000002,55.0,10.55,13.9,0.0,1024.75,1,High,2
Airplane,"(-1, 0]",2 to 10,3,2006-09-16,2.0,Illinois,Landing Roll,Small,Some Cloud,European starling,True,0,False,2006,9,CHICAGO O'HARE INTL ARPT,41.9786,-87.9048,680.0,4.16460023622371,IL,KORD_Chicago,2.85,52.0,7.45,13.25,0.8,1014.2,1,High,2
Airplane,"(2000, 3000]",2 to 10,8,2006-09-16,2.0,New York,Approach,Medium,No Cloud,Unknown bird - medium,False,3000,True,2006,9,BUFFALO-NIAGARA INTL,42.940498,-78.732201,728.0,16.688896633415297,NY,KJFK_New_York,-0.3499999999999996,84.0,10.0,16.1,0.0,1023.95,1,High,2
Airplane,"(1000, 2000]",2 to 10,6,2006-09-24,2.0,Illinois,Climb,Small,No Cloud,Unknown bird - small,True,1800,False,2006,9,CHICAGO O'HARE INTL ARPT,41.9786,-87.9048,680.0,4.16460023622371,IL,KORD_Chicago,11.9,81.0,9.1,13.2,8.7,1006.0333333333332,1,High,2
Airplane,"(600, 1000]",2 to 10,10,2006-09-26,2.0,New York,Approach,Small,Some Cloud,Unknown bird - small,True,1000,False,2006,9,WESTCHESTER COUNTY ARPT,41.06700134277344,-73.70760345458984,439.0,243.3503200617849,NY,KJFK_New_York,17.5,77.0,9.2,13.5,0.0,1016.45,1,High,2
Airplane,"(-1, 0]",2 to 10,2,2006-10-14,2.0,Illinois,Landing Roll,Small,No Cloud,Unknown bird - small,False,0,False,2006,10,WILLIAMSON COUNTY REGIONAL,39.64260101,-106.9179993,6548.0,1343.0822483629204,IL,KORD_Chicago,14.75,48.5,10.65,14.6,1.4,1009.8,1,High,2
Airplane,"(200, 400]",2 to 10,3,2006-10-17,2.0,Colorado,Climb,Medium,Overcast,Unknown bird - medium,False,300,False,2006,10,CENTENNIAL ARPT,39.57009888,-104.848999,5885.0,22.177781438130427,CO,KDEN_Denver,7.949999999999999,55.0,9.6,13.25,0.0,1008.8,1,High,2
Airplane,"(400, 600]",2 to 10,8,2006-10-23,2.0,New York,Approach,Small,Overcast,Unknown bird - small,True,500,False,2006,10,WESTCHESTER COUNTY ARPT,41.06700134277344,-73.70760345458984,439.0,243.3503200617849,NY,KJFK_New_York,8.05,76.0,4.95,13.9,0.8,1016.2,1,High,2
Airplane,"(1000, 2000]",2 to 10,8,2006-10-24,2.0,Illinois,Approach,Medium,No Cloud,Unknown bird - medium,True,1150,False,2006,10,CHICAGO O'HARE INTL ARPT,41.9786,-87.9048,680.0,4.16460023622371,IL,KORD_Chicago,8.7,55.0,7.35,14.05,1.6,1012.05,1,High,2
Airplane,"(-1, 0]",2 to 10,7,2006-10-26,2.0,Colorado,Take-off run,Small,Some Cloud,Horned lark,True,0,False,2006,10,YAMPA VALLEY,40.481201,-107.218002,6606.0,180.83264488239317,CO,KDEN_Denver,8.55,48.5,7.0,15.75,4.0,1010.8,1,High,2
Airplane,"(3000, 5000]",2 to 10,7,2006-10-26,2.0,New York,Climb,Small,No Cloud,White-throated sparrow,True,5000,True,2006,10,JOHN F KENNEDY INTL,40.639447,-73.779317,13.0,285.81600722845906,NY,KJFK_New_York,13.7,63.0,9.4,13.25,0.0,1017.3,1,Medium,1
Airplane,"(600, 1000]",2 to 10,5,2006-10-27,2.0,Illinois,Approach,Small,Some Cloud,Unknown bird - small,False,1000,False,2006,10,CHICAGO O'HARE INTL ARPT,41.9786,-87.9048,680.0,4.16460023622371,IL,KORD_Chicago,7.133333333333333,53.0,8.533333333333333,13.833333333333334,0.0,1012.5666666666666,1,High,2
Airplane,"(1000, 2000]",2 to 10,3,2006-10-28,2.0,Illinois,Approach,Medium,No Cloud,Unknown bird - medium,False,1300,False,2006,10,CHICAGO O'HARE INTL ARPT,41.9786,-87.9048,680.0,4.16460023622371,IL,KORD_Chicago,10.15,62.5,12.2,12.35,1.6,1022.7,1,High,2
Airplane,"(2000, 3000]",2 to 10,8,2006-11-09,2.0,New York,Descent,Medium,No Cloud,Unknown bird - medium,False,3000,False,2006,11,JOHN F KENNEDY INTL,40.639447,-73.779317,13.0,285.81600722845906,NY,KJFK_New_York,2.0500000000000003,56.5,2.7,15.25,0.8,1015.5,1,Medium,1
Airplane,"(600, 1000]",2 to 10,7,2006-11-10,2.0,Colorado,Approach,Medium,No Cloud,Unknown bird - medium,False,900,False,2006,11,DENVER INTL AIRPORT,39.52920150756836,-104.65799713134766,6295.0,27.573111187238812,CO,KDEN_Denver,15.75,37.5,11.0,12.0,0.0,1012.8,1,High,2
Airplane,"(50, 100]",2 to 10,10,2006-11-27,2.0,New York,Approach,Small,No Cloud,House sparrow,True,100,False,2006,11,JOHN F KENNEDY INTL,40.639447,-73.779317,13.0,285.81600722845906,NY,KJFK_New_York,2.7,87.0,10.15,11.5,0.0,1014.15,1,High,2
Airplane,"(100, 200]",2 to 10,5,2006-12-02,2.0,Colorado,Climb,Small,No Cloud,Unknown bird - small,True,200,False,2006,12,DENVER INTL AIRPORT,39.52920150756836,-104.65799713134766,6295.0,27.573111187238812,CO,KDEN_Denver,16.75,81.5,16.7,16.1,0.9,1023.8,1,High,2
Airplane,"(400, 600]",2 to 10,4,2006-12-10,2.0,Illinois,Climb,Large,Overcast,Canada goose,True,450,False,2006,12,WAUKEGAN REGIONAL ARPT,42.422199249268,-87.867897033691,727.0,47.79741233555611,IL,KORD_Chicago,20.26666666666667,51.333333333333336,9.3,12.066666666666668,0.0,1012.1666666666666,1,High,2
Airplane,"(-1, 0]",2 to 10,7,2006-12-17,2.0,New York,Landing Roll,Small,Some Cloud,Lapland longspur,True,0,False,2006,12,JOHN F KENNEDY INTL,40.639447,-73.779317,13.0,285.81600722845906,NY,KJFK_New_York,11.9,64.5,9.05,13.65,0.0,1005.5,1,High,2
Airplane,"(-1, 0]",2 to 10,9,2006-12-23,2.0,Colorado,Take-off run,Small,No Cloud,Unknown bird - small,False,0,True,2006,12,YAMPA VALLEY,40.481201,-107.218002,6606.0,180.83264488239317,CO,KDEN_Denver,4.050000000000001,58.0,13.75,10.9,0.5,1013.65,1,High,2
Airplane,"(-1, 0]",2 to 10,3,2006-12-23,2.0,Colorado,Landing Roll,Small,Some Cloud,Horned lark,False,0,False,2006,12,YAMPA VALLEY,40.481201,-107.218002,6606.0,180.83264488239317,CO,KDEN_Denver,4.050000000000001,58.0,13.75,10.9,0.5,1013.65,1,High,2
Airplane,"(-1, 0]",2 to 10,7,2006-12-25,2.0,Colorado,Landing Roll,Small,No Cloud,Unknown bird - small,False,0,False,2006,12,CENTENNIAL ARPT,39.57009888,-104.848999,5885.0,22.177781438130427,CO,KDEN_Denver,17.299999999999997,72.0,9.95,14.6,0.0,1010.65,1,High,2
Airplane,"(0, 10]",2 to 10,7,2006-12-26,2.0,Colorado,Climb,Small,Some Cloud,Unknown bird - small,False,10,False,2006,12,DENVER INTL AIRPORT,39.52920150756836,-104.65799713134766,6295.0,27.573111187238812,CO,KDEN_Denver,7.0,56.5,14.15,12.8,2.2,1006.1,1,High,2
Airplane,"(-1, 0]",2 to 10,10,2007-02-10,2.0,Colorado,Take-off run,Small,Overcast,White-throated sparrow,False,0,True,2007,2,YAMPA VALLEY,40.481201,-107.218002,6606.0,180.83264488239317,CO,KDEN_Denver,20.05,47.5,7.699999999999999,8.899999999999999,0.0,1015.15,1,High,2
Airplane,"(50, 100]",2 to 10,6,2007-03-31,2.0,Illinois,Approach,Small,Some Cloud,Unknown bird - small,False,75,False,2007,3,QUAD CITY ARPT,39.6431007385,-89.14450073239999,630.0,33.991848342153304,IL,KORD_Chicago,4.3,56.0,6.449999999999999,13.25,0.0,1022.7,1,High,2
Airplane,"(-1, 0]",2 to 10,5,2007-04-02,1.0,New York,Take-off run,Medium,Some Cloud,Ring-billed gull,True,0,False,2007,4,BUFFALO-NIAGARA INTL,42.940498,-78.732201,728.0,16.688896633415297,NY,KJFK_New_York,15.65,53.5,10.2,10.35,0.0,1022.3,1,High,2
Airplane,"(-1, 0]",2 to 10,3,2007-04-03,2.0,New York,Take-off run,Medium,Overcast,Ring-billed gull,False,0,False,2007,4,STEWART INTL AIRPORT,41.85419845581055,-89.08760070800781,770.0,772.6270946133457,NY,KJFK_New_York,2.45,94.0,18.55,14.95,0.0,1006.85,1,High,2
Airplane,"(3000, 5000]",2 to 10,7,2007-04-17,2.0,Illinois,Descent,Medium,Some Cloud,Unknown bird - medium,False,5000,True,2007,4,CHICAGO MIDWAY INTL ARPT,41.785999,-87.752403,620.0,8.607490552607114,IL,KORD_Chicago,14.65,50.5,14.85,12.85,2.2,1007.75,1,High,2
Airplane,"(600, 1000]",2 to 10,2,2007-05-11,2.0,Colorado,Approach,Medium,No Cloud,Unknown bird - medium,False,1000,False,2007,5,DENVER INTL AIRPORT,39.52920150756836,-104.65799713134766,6295.0,27.573111187238812,CO,KDEN_Denver,26.05,67.0,8.6,13.95,3.4,1010.5,1,High,2
Airplane,"(1000, 2000]",2 to 10,8,2007-05-13,2.0,Illinois,Approach,Medium,No Cloud,Unknown bird - medium,False,1200,False,2007,5,UNIV OF ILLINOIS -WILLARD ARPT,40.039819,-88.276249,755.0,25.148499963897123,IL,KORD_Chicago,6.6000000000000005,69.66666666666667,13.766666666666666,11.266666666666666,0.0,1009.5,1,High,2
Airplane,"(600, 1000]",2 to 10,8,2007-05-31,2.0,New York,Approach,Large,No Cloud,Canada goose,False,700,False,2007,5,JOHN F KENNEDY INTL,40.639447,-73.779317,13.0,285.81600722845906,NY,KJFK_New_York,5.85,62.0,6.9,12.05,0.0,1008.35,1,High,2
Airplane,"(-1, 0]",2 to 10,4,2007-06-24,2.0,New York,Take-off run,Small,No Cloud,Mourning dove,False,0,False,2007,6,BUFFALO-NIAGARA INTL,42.940498,-78.732201,728.0,16.688896633415297,NY,KJFK_New_York,18.2,90.0,7.85,15.8,0.2,1012.3,1,High,2
Airplane,"(0, 10]",2 to 10,9,2007-07-05,2.0,New York,Approach,Small,Some Cloud,Unknown bird - small,True,10,True,2007,7,LONG ISLAND MAC ARTHUR,40.796324,-73.101703,99.0,292.8807816425768,NY,KJFK_New_York,21.9,63.0,7.949999999999999,11.45,0.3,1016.8,1,High,2
Airplane,"(-1, 0]",2 to 10,9,2007-07-12,2.0,New York,Landing Roll,Small,No Cloud,Unknown bird - small,True,0,False,2007,7,LONG ISLAND MAC ARTHUR,40.796324,-73.101703,99.0,292.8807816425768,NY,KJFK_New_York,8.5,66.0,7.649999999999999,13.1,1.5,1015.35,1,High,2
Airplane,"(-1, 0]",2 to 10,7,2007-07-12,2.0,New York,Take-off run,Small,Some Cloud,Killdeer,True,0,False,2007,7,BUFFALO-NIAGARA INTL,42.940498,-78.732201,728.0,16.688896633415297,NY,KJFK_New_York,8.5,66.0,7.649999999999999,13.1,1.5,1015.35,1,High,2
Airplane,"(-1, 0]",2 to 10,4,2007-07-14,2.0,New York,Landing Roll,Small,No Cloud,Barn swallow,True,0,True,2007,7,ALBANY INTL,42.748299,-73.801697,285.0,94.50065050780267,NY,KJFK_New_York,8.2,68.0,6.95,10.5,0.0,1022.7,1,High,2
Airplane,"(-1, 0]",2 to 10,6,2007-07-15,2.0,New York,Landing Roll,Small,No Cloud,Unknown bird - small,False,0,False,2007,7,SCHENECTADY COUNTY,42.852500915527,-73.928901672363,378.0,80.60648250608651,NY,KJFK_New_York,14.6,69.5,4.85,12.1,0.9,1007.7,1,High,2
Airplane,"(10, 30]",2 to 10,4,2007-07-19,2.0,Colorado,Climb,Small,Some Cloud,Unknown bird - small,False,15,False,2007,7,COLORADO SPRINGS MUNICIPAL,38.805801,-104.700996,6187.0,38.3672452711314,CO,KDEN_Denver,9.95,73.5,10.3,7.699999999999999,0.0,1014.05,1,High,2
Airplane,"(-1, 0]",2 to 10,10,2007-07-20,2.0,Colorado,Take-off run,Small,Some Cloud,Horned lark,False,0,False,2007,7,COLORADO SPRINGS MUNICIPAL,38.805801,-104.700996,6187.0,38.3672452711314,CO,KDEN_Denver,14.35,58.0,4.95,11.2,2.1,1016.45,1,High,2
Airplane,"(-1, 0]",2 to 10,6,2007-07-22,2.0,Illinois,Take-off run,Small,No Cloud,Unknown bird - small,False,0,False,2007,7,GREATER PEORIA REGIONAL ARPT,38.812906,-106.120062,7946.0,1287.5633843304047,IL,KORD_Chicago,7.65,84.0,10.2,13.95,0.7,1007.55,1,High,2
Airplane,"(-1, 0]",2 to 10,10,2007-07-27,2.0,New York,Take-off run,Small,Some Cloud,Mourning dove,True,0,False,2007,7,BUFFALO-NIAGARA INTL,42.940498,-78.732201,728.0,16.688896633415297,NY,KJFK_New_York,12.4,80.5,14.65,13.8,1.6,1005.25,1,High,2
Airplane,"(-1, 0]",2 to 10,3,2007-08-06,2.0,Illinois,Landing Roll,Small,Overcast,Common grackle,True,0,False,2007,8,CHICAGO O'HARE INTL ARPT,41.9786,-87.9048,680.0,4.16460023622371,IL,KORD_Chicago,-0.0499999999999998,67.5,4.75,13.1,0.0,1017.9,1,High,2
Airplane,"(-1, 0]",2 to 10,8,2007-08-08,2.0,Illinois,Landing Roll,Small,Some Cloud,Rock pigeon,True,0,False,2007,8,QUAD CITY ARPT,39.6431007385,-89.14450073239999,630.0,33.991848342153304,IL,KORD_Chicago,15.1,74.5,17.1,10.7,0.0,1008.35,1,High,2
Airplane,"(-1, 0]",2 to 10,5,2007-08-09,2.0,Colorado,Take-off run,Small,No Cloud,Unknown bird - small,False,0,False,2007,8,COLORADO SPRINGS MUNICIPAL,38.805801,-104.700996,6187.0,38.3672452711314,CO,KDEN_Denver,16.066666666666666,61.66666666666666,7.8,14.533333333333331,1.0,1008.6,1,High,2
Airplane,"(-1, 0]",2 to 10,2,2007-08-14,2.0,Illinois,Take-off run,Small,No Cloud,Unknown bird - small,False,0,False,2007,8,QUAD CITY ARPT,39.6431007385,-89.14450073239999,630.0,33.991848342153304,IL,KORD_Chicago,7.699999999999999,58.0,8.85,13.85,0.0,1016.45,1,High,2
Airplane,"(-1, 0]",2 to 10,2,2007-08-20,2.0,Illinois,Take-off run,Small,Some Cloud,Rock pigeon,True,0,False,2007,8,QUAD CITY ARPT,39.6431007385,-89.14450073239999,630.0,33.991848342153304,IL,KORD_Chicago,20.066666666666663,50.333333333333336,13.166666666666666,11.7,1.6,1011.0,1,High,2
Airplane,"(1000, 2000]",2 to 10,4,2007-08-24,2.0,Colorado,Approach,Large,No Cloud,Unknown bird - large,False,1800,False,2007,8,COLORADO SPRINGS MUNICIPAL,38.805801,-104.700996,6187.0,38.3672452711314,CO,KDEN_Denver,0.1500000000000003,80.0,11.85,16.1,0.0,1008.2,1,High,2
Airplane,"(50, 100]",2 to 10,3,2007-08-27,2.0,New York,Approach,Medium,No Cloud,Unknown bird - medium,True,100,False,2007,8,JOHN F KENNEDY INTL,40.639447,-73.779317,13.0,285.81600722845906,NY,KJFK_New_York,5.449999999999999,52.5,2.75,11.7,0.0,1009.45,1,High,2
Airplane,"(-1, 0]",2 to 10,5,2007-09-08,2.0,New York,Landing Roll,Small,Overcast,Mourning dove,True,0,True,2007,9,BUFFALO-NIAGARA INTL,42.940498,-78.732201,728.0,16.688896633415297,NY,KJFK_New_York,13.95,72.5,11.4,13.2,0.0,1016.95,1,High,2
Airplane,"(-1, 0]",2 to 10,3,2007-09-08,2.0,Illinois,Take-off run,Small,Overcast,Mourning dove,False,0,False,2007,9,ST LOUIS REGIONAL,38.89030075069999,-90.0459976196,544.0,70.78559184330817,IL,KORD_Chicago,4.3,65.5,4.55,7.949999999999999,0.0,1015.2,1,High,2
Airplane,"(-1, 0]",2 to 10,9,2007-09-08,2.0,Colorado,Take-off run,Small,No Cloud,Unknown bird - small,True,0,False,2007,9,DENVER INTL AIRPORT,39.52920150756836,-104.65799713134766,6295.0,27.573111187238812,CO,KDEN_Denver,11.55,73.0,18.7,13.6,0.0,1014.9,1,High,2
Airplane,"(-1, 0]",2 to 10,8,2007-09-10,2.0,Colorado,Take-off run,Medium,Overcast,Peregrine falcon,False,0,True,2007,9,COLORADO SPRINGS MUNICIPAL,38.805801,-104.700996,6187.0,38.3672452711314,CO,KDEN_Denver,6.75,84.0,5.300000000000001,15.0,0.7,1012.35,1,High,2
Airplane,"(-1, 0]",2 to 10,3,2007-09-11,2.0,New York,Take-off run,Small,Overcast,Semipalmated sandpiper,True,0,False,2007,9,JOHN F KENNEDY INTL,40.639447,-73.779317,13.0,285.81600722845906,NY,KJFK_New_York,16.5,71.0,3.1666666666666665,8.799999999999999,0.0,1010.7333333333332,1,High,2
Airplane,"(-1, 0]",2 to 10,7,2007-09-11,2.0,Colorado,Take-off run,Small,Some Cloud,Unknown bird - small,False,0,False,2007,9,COLORADO SPRINGS MUNICIPAL,38.805801,-104.700996,6187.0,38.3672452711314,CO,KDEN_Denver,9.866666666666667,56.66666666666666,6.5,15.666666666666666,0.0,1011.0666666666666,1,High,2
Airplane,"(50, 100]",2 to 10,9,2007-09-20,3.0,New York,Approach,Small,No Cloud,Unknown bird - small,True,100,False,2007,9,BUFFALO-NIAGARA INTL,42.940498,-78.732201,728.0,16.688896633415297,NY,KJFK_New_York,3.75,53.5,3.4,10.2,0.0,1016.65,1,High,2
Airplane,"(3000, 5000]",2 to 10,2,2007-09-29,2.0,New York,Approach,Medium,No Cloud,Unknown bird - medium,False,3500,True,2007,9,LAGUARDIA NY,40.777199,-73.872597,21.0,268.82670826154464,NY,KJFK_New_York,10.75,53.5,10.0,12.55,3.2,1017.8,1,High,2
Airplane,"(-1, 0]",2 to 10,6,2007-10-19,2.0,Colorado,Take-off run,Small,Some Cloud,Unknown bird - small,False,0,False,2007,10,DENVER INTL AIRPORT,39.52920150756836,-104.65799713134766,6295.0,27.573111187238812,CO,KDEN_Denver,14.0,56.0,1.95,12.2,0.0,1006.95,1,High,2
Airplane,"(1000, 2000]",2 to 10,9,2007-10-24,2.0,New York,Approach,Small,Overcast,Unknown bird - small,True,1500,False,2007,10,WESTCHESTER COUNTY ARPT,41.06700134277344,-73.70760345458984,439.0,243.3503200617849,NY,KJFK_New_York,3.2,62.5,9.95,15.75,0.0,1013.4,1,Medium,1
Airplane,"(100, 200]",2 to 10,5,2007-10-24,2.0,Illinois,Approach,Medium,No Cloud,Unknown bird - medium,True,200,False,2007,10,CHICAGO O'HARE INTL ARPT,41.9786,-87.9048,680.0,4.16460023622371,IL,KORD_Chicago,6.15,61.5,11.6,12.5,13.0,1013.55,1,High,2
Airplane,"(100, 200]",2 to 10,3,2007-11-24,2.0,New York,Climb,Small,No Cloud,Unknown bird - small,False,200,True,2007,11,JOHN F KENNEDY INTL,40.639447,-73.779317,13.0,285.81600722845906,NY,KJFK_New_York,8.25,64.0,21.4,9.4,0.0,1014.7,1,High,2
Airplane,"(3000, 5000]",2 to 10,5,2007-11-24,2.0,New York,Approach,Large,No Cloud,Snow goose,False,4000,False,2007,11,JOHN F KENNEDY INTL,40.639447,-73.779317,13.0,285.81600722845906,NY,KJFK_New_York,8.25,64.0,21.4,9.4,0.0,1014.7,1,High,2
Airplane,"(2000, 3000]",2 to 10,10,2007-12-04,2.0,New York,Approach,Large,No Cloud,Snow goose,False,3000,True,2007,12,JOHN F KENNEDY INTL,40.639447,-73.779317,13.0,285.81600722845906,NY,KJFK_New_York,27.200000000000003,69.0,6.35,11.85,0.0,1021.6,1,High,2
Airplane,"(30, 50]",2 to 10,6,2007-12-13,2.0,Colorado,Approach,Small,No Cloud,Unknown bird - small,True,50,False,2007,12,DENVER INTL AIRPORT,39.52920150756836,-104.65799713134766,6295.0,27.573111187238812,CO,KDEN_Denver,12.65,56.5,2.05,10.3,0.0,1017.9,1,High,2
Airplane,"(30, 50]",2 to 10,2,2007-12-22,2.0,Illinois,Approach,Small,Overcast,Rock pigeon,True,50,False,2007,12,QUAD CITY ARPT,39.6431007385,-89.14450073239999,630.0,33.991848342153304,IL,KORD_Chicago,15.25,75.5,8.25,12.95,0.0,1021.1,1,High,2
Airplane,"(-1, 0]",2 to 10,8,2007-12-27,2.0,Colorado,Take-off run,Small,Some Cloud,Unknown bird - small,False,0,False,2007,12,DURANGO-LA PLATA CO,37.151501,-107.753998,6685.0,266.94691621542705,CO,KDEN_Denver,4.2,80.5,9.55,11.7,0.0,1003.8,1,High,2
Airplane,"(-1, 0]",2 to 10,2,2007-12-29,2.0,Colorado,Take-off run,Small,Some Cloud,Unknown bird - small,True,0,False,2007,12,DENVER INTL AIRPORT,39.52920150756836,-104.65799713134766,6295.0,27.573111187238812,CO,KDEN_Denver,8.55,55.5,14.1,15.1,0.0,1013.25,1,High,2
Airplane,"(-1, 0]",2 to 10,2,2008-01-01,2.0,Colorado,Take-off run,Small,No Cloud,Horned lark,False,0,True,2008,1,DENVER INTL AIRPORT,39.52920150756836,-104.65799713134766,6295.0,27.573111187238812,CO,KDEN_Denver,14.35,68.5,17.15,14.2,0.5,1006.3,1,High,2
Airplane,"(50, 100]",2 to 10,2,2008-01-03,2.0,Colorado,Climb,Small,No Cloud,Unknown bird - small,False,100,False,2008,1,DENVER INTL AIRPORT,39.52920150756836,-104.65799713134766,6295.0,27.573111187238812,CO,KDEN_Denver,-0.7500000000000004,68.0,9.45,16.0,1.4,1023.15,1,High,2
Airplane,"(50, 100]",2 to 10,7,2008-01-09,2.0,Illinois,Climb,Small,Overcast,European starling,False,100,False,2008,1,DUPAGE AIRPORT,41.90779877,-88.24859619,759.0,32.15621751349237,IL,KORD_Chicago,19.65,58.5,15.95,16.1,0.0,1020.2,1,High,2
Airplane,"(-1, 0]",2 to 10,8,2008-01-21,2.0,New York,Take-off run,Small,No Cloud,Horned lark,True,0,False,2008,1,JOHN F KENNEDY INTL,40.639447,-73.779317,13.0,285.81600722845906,NY,KJFK_New_York,4.7,67.0,4.466666666666667,12.966666666666669,2.8,1016.6,1,High,2
Airplane,"(1000, 2000]",2 to 10,8,2008-04-08,2.0,Colorado,Climb,Large,No Cloud,American white pelican,False,1800,False,2008,4,COLORADO SPRINGS MUNICIPAL,38.805801,-104.700996,6187.0,38.3672452711314,CO,KDEN_Denver,11.05,70.0,4.6000000000000005,15.3,1.3,1008.85,1,High,2
Airplane,"(100, 200]",2 to 10,7,2008-04-23,2.0,New York,Approach,Large,No Cloud,Double-crested cormorant,True,200,True,2008,4,JOHN F KENNEDY INTL,40.639447,-73.779317,13.0,285.81600722845906,NY,KJFK_New_York,13.65,52.0,15.05,15.3,0.0,1008.35,1,High,2
Airplane,"(-1, 0]",2 to 10,4,2008-04-28,2.0,New York,Parked,Large,Overcast,Wild turkey,False,0,False,2008,4,STEWART INTL AIRPORT,41.85419845581055,-89.08760070800781,770.0,772.6270946133457,NY,KJFK_New_York,4.4,58.5,11.65,13.0,0.0,1011.55,1,High,2
Airplane,"(3000, 5000]",2 to 10,6,2008-05-24,2.0,New York,Approach,Large,No Cloud,Unknown bird - large,False,4000,False,2008,5,LAGUARDIA NY,40.777199,-73.872597,21.0,268.82670826154464,NY,KJFK_New_York,10.85,65.5,7.35,13.85,0.0,1019.35,1,High,2
Airplane,"(-1, 0]",2 to 10,6,2008-06-07,2.0,New York,Take-off run,Small,Overcast,Unknown bird - small,True,0,False,2008,6,WESTCHESTER COUNTY ARPT,41.06700134277344,-73.70760345458984,439.0,243.3503200617849,NY,KJFK_New_York,18.633333333333333,44.333333333333336,9.366666666666667,14.066666666666668,0.0,1014.1,1,High,2
Airplane,"(30, 50]",2 to 10,2,2008-06-27,2.0,New York,Climb,Small,No Cloud,Unknown bird - small,False,50,True,2008,6,LONG ISLAND MAC ARTHUR,40.796324,-73.101703,99.0,292.8807816425768,NY,KJFK_New_York,3.450000000000001,57.5,7.050000000000001,16.1,0.5,1020.8,1,Medium,1
Airplane,"(10, 30]",2 to 10,7,2008-07-20,2.0,New York,Approach,Small,No Cloud,European starling,False,20,False,2008,7,LAGUARDIA NY,40.777199,-73.872597,21.0,268.82670826154464,NY,KJFK_New_York,5.800000000000001,90.0,18.4,13.95,0.0,1013.7,1,High,2
Airplane,"(-1, 0]",2 to 10,5,2008-07-25,2.0,New York,Take-off run,Small,Some Cloud,European starling,True,0,False,2008,7,GREATER BINGHAMTON ARPT,39.9734,-90.403702,465.0,928.1562052517568,NY,KJFK_New_York,1.5,71.0,5.35,12.4,0.0,1006.8,1,High,2
Airplane,"(-1, 0]",2 to 10,2,2008-07-26,2.0,New York,Landing Roll,Small,No Cloud,European starling,True,0,True,2008,7,LONG ISLAND MAC ARTHUR,40.796324,-73.101703,99.0,292.8807816425768,NY,KJFK_New_York,9.933333333333334,61.66666666666666,9.9,11.6,0.0,1008.7666666666668,1,High,2
Airplane,"(-1, 0]",2 to 10,4,2008-07-29,2.0,New York,Take-off run,Large,No Cloud,Canada goose,False,0,False,2008,7,STEWART INTL AIRPORT,41.85419845581055,-89.08760070800781,770.0,772.6270946133457,NY,KJFK_New_York,8.05,58.5,14.05,16.05,0.0,1009.25,1,High,2
Airplane,"(-1, 0]",2 to 10,5,2008-07-31,2.0,New York,Landing Roll,Small,No Cloud,Unknown bird - small,False,0,True,2008,7,LONG ISLAND MAC ARTHUR,40.796324,-73.101703,99.0,292.8807816425768,NY,KJFK_New_York,7.800000000000001,71.0,15.25,16.1,1.7,1013.15,1,High,2
Airplane,"(50, 100]",2 to 10,10,2008-08-02,2.0,Illinois,Approach,Small,No Cloud,European starling,True,100,True,2008,8,CHICAGO MIDWAY INTL ARPT,41.785999,-87.752403,620.0,8.607490552607114,IL,KORD_Chicago,16.65,54.0,17.95,6.4,0.0,1017.4,1,High,2
Airplane,"(-1, 0]",2 to 10,5,2008-08-07,2.0,Illinois,Take-off run,Small,No Cloud,Unknown bird - small,True,0,False,2008,8,QUAD CITY ARPT,39.6431007385,-89.14450073239999,630.0,33.991848342153304,IL,KORD_Chicago,6.0,56.0,10.7,13.7,0.2,1010.2,1,High,2
Airplane,"(-1, 0]",2 to 10,5,2008-08-10,2.0,Illinois,Landing Roll,Small,No Cloud,Unknown bird - small,True,0,False,2008,8,QUAD CITY ARPT,39.6431007385,-89.14450073239999,630.0,33.991848342153304,IL,KORD_Chicago,13.75,74.5,6.199999999999999,15.25,2.5,1008.05,1,High,2
Airplane,"(-1, 0]",2 to 10,6,2008-08-11,2.0,Illinois,Take-off run,Small,Some Cloud,Rock pigeon,True,0,False,2008,8,QUAD CITY ARPT,39.6431007385,-89.14450073239999,630.0,33.991848342153304,IL,KORD_Chicago,2.749999999999999,57.5,4.55,11.25,0.0,1008.7,1,High,2
Airplane,"(0, 10]",2 to 10,6,2008-08-12,2.0,New York,Climb,Small,Some Cloud,Unknown bird - small,False,10,True,2008,8,LONG ISLAND MAC ARTHUR,40.796324,-73.101703,99.0,292.8807816425768,NY,KJFK_New_York,19.03333333333333,66.66666666666667,17.766666666666666,14.866666666666667,0.8,1008.7333333333332,1,High,2
Airplane,"(50, 100]",2 to 10,7,2008-08-15,2.0,Colorado,Approach,Medium,Some Cloud,American crow,False,100,False,2008,8,ASPEN-PITKIN CO/SARD,39.223202,-106.869003,7820.0,159.8702462092854,CO,KDEN_Denver,14.75,67.0,4.75,12.55,0.0,1018.45,1,High,2
Airplane,"(200, 400]",2 to 10,4,2008-08-22,2.0,Illinois,Climb,Small,Some Cloud,Unknown bird - small,True,300,False,2008,8,QUAD CITY ARPT,39.6431007385,-89.14450073239999,630.0,33.991848342153304,IL,KORD_Chicago,1.5,78.0,4.55,14.85,0.0,1012.7,1,High,2
Airplane,"(-1, 0]",2 to 10,4,2008-09-04,2.0,Illinois,Landing Roll,Small,Overcast,Sanderling,False,0,True,2008,9,CHICAGO O'HARE INTL ARPT,41.9786,-87.9048,680.0,4.16460023622371,IL,KORD_Chicago,8.100000000000001,86.5,4.25,12.3,0.0,1009.2,1,High,2
Airplane,"(-1, 0]",2 to 10,9,2008-09-14,2.0,Illinois,Take-off run,Medium,Overcast,Ring-billed gull,True,0,False,2008,9,CHICAGO O'HARE INTL ARPT,41.9786,-87.9048,680.0,4.16460023622371,IL,KORD_Chicago,10.533333333333331,58.0,11.966666666666669,12.366666666666667,0.0,1017.0333333333332,1,High,2
Airplane,"(-1, 0]",2 to 10,2,2008-09-15,2.0,New York,Take-off run,Large,No Cloud,Canada goose,True,0,False,2008,9,WESTCHESTER COUNTY ARPT,41.06700134277344,-73.70760345458984,439.0,243.3503200617849,NY,KJFK_New_York,3.35,54.5,7.75,13.25,0.0,1021.6,1,High,2
Airplane,"(-1, 0]",2 to 10,6,2008-09-27,2.0,New York,Take-off run,Small,No Cloud,Unknown bird - small,False,0,True,2008,9,LONG ISLAND MAC ARTHUR,40.796324,-73.101703,99.0,292.8807816425768,NY,KJFK_New_York,11.8,64.5,14.6,12.6,0.0,1023.75,1,High,2
Airplane,"(2000, 3000]",2 to 10,3,2008-09-30,2.0,Illinois,Approach,Medium,No Cloud,Unknown bird - medium,False,2500,True,2008,9,CHICAGO MIDWAY INTL ARPT,41.785999,-87.752403,620.0,8.607490552607114,IL,KORD_Chicago,12.366666666666667,59.0,13.2,11.966666666666669,1.3,1013.3333333333334,1,High,2
Airplane,"(1000, 2000]",2 to 10,5,2008-09-30,2.0,Illinois,Approach,Medium,No Cloud,Unknown bird - medium,False,1800,True,2008,9,CHICAGO MIDWAY INTL ARPT,41.785999,-87.752403,620.0,8.607490552607114,IL,KORD_Chicago,12.366666666666667,59.0,13.2,11.966666666666669,1.3,1013.3333333333334,1,High,2
Airplane,"(-1, 0]",2 to 10,2,2008-10-02,2.0,Illinois,Landing Roll,Small,No Cloud,Horned lark,True,0,False,2008,10,DUPAGE AIRPORT,41.90779877,-88.24859619,759.0,32.15621751349237,IL,KORD_Chicago,13.3,65.0,1.75,15.7,0.0,1011.8,1,High,2
Airplane,"(-1, 0]",2 to 10,5,2008-10-03,2.0,New York,Landing Roll,Medium,No Cloud,Ring-billed gull,False,0,False,2008,10,SYRACUSE HANCOCK INTL,43.11119842529297,-76.1063003540039,421.0,30.07276586498391,NY,KJFK_New_York,10.05,63.0,20.700000000000003,15.65,0.0,1013.25,1,High,2
Airplane,"(-1, 0]",2 to 10,2,2008-10-13,2.0,Illinois,Landing Roll,Small,No Cloud,Unknown bird - small,True,0,False,2008,10,GREATER PEORIA REGIONAL ARPT,38.812906,-106.120062,7946.0,1287.5633843304047,IL,KORD_Chicago,17.95,35.0,3.05,15.7,0.0,1016.1,1,High,2
Airplane,"(100, 200]",2 to 10,6,2008-10-15,2.0,New York,Approach,Small,Some Cloud,Yellow-rumped warbler,True,150,False,2008,10,JOHN F KENNEDY INTL,40.639447,-73.779317,13.0,285.81600722845906,NY,KJFK_New_York,19.450000000000003,37.5,11.6,9.2,0.0,1017.0,1,High,2
Airplane,"(2000, 3000]",2 to 10,9,2008-10-20,2.0,Illinois,Approach,Small,No Cloud,Unknown bird - small,False,2300,False,2008,10,GREATER ROCKFORD,42.1954,-89.097198,742.0,37.23938268045538,IL,KORD_Chicago,7.6,68.5,12.85,10.1,2.0,1016.35,1,High,2
Airplane,"(200, 400]",2 to 10,5,2008-11-02,2.0,New York,Approach,Small,No Cloud,Pine siskin,False,250,False,2008,11,LAGUARDIA NY,40.777199,-73.872597,21.0,268.82670826154464,NY,KJFK_New_York,7.733333333333334,78.33333333333333,7.266666666666667,11.9,0.0,1009.8666666666668,1,High,2
Airplane,"(50, 100]",2 to 10,6,2008-11-09,2.0,Colorado,Climb,Small,Some Cloud,Unknown bird - small,True,100,True,2008,11,DENVER INTL AIRPORT,39.52920150756836,-104.65799713134766,6295.0,27.573111187238812,CO,KDEN_Denver,12.65,85.0,6.95,13.0,3.3,1014.55,1,High,2
Airplane,"(2000, 3000]",2 to 10,10,2008-11-15,2.0,Illinois,Descent,Large,Overcast,Canada goose,False,2400,True,2008,11,CHICAGO MIDWAY INTL ARPT,41.785999,-87.752403,620.0,8.607490552607114,IL,KORD_Chicago,21.7,45.0,3.7,12.7,0.0,1003.15,1,High,2
Airplane,"(3000, 5000]",2 to 10,9,2008-11-18,2.0,New York,Approach,Small,Some Cloud,American robin,True,5000,False,2008,11,JOHN F KENNEDY INTL,40.639447,-73.779317,13.0,285.81600722845906,NY,KJFK_New_York,14.0,54.5,9.85,13.8,0.0,1013.8,1,Medium,1
Airplane,"(0, 10]",2 to 10,8,2008-11-21,2.0,New York,Approach,Small,No Cloud,Unknown bird - small,False,10,True,2008,11,LONG ISLAND MAC ARTHUR,40.796324,-73.101703,99.0,292.8807816425768,NY,KJFK_New_York,2.2,75.5,6.95,16.1,0.7,1005.75,1,Medium,1
Airplane,"(5000, 18000]",2 to 10,6,2008-11-23,2.0,Colorado,Climb,Large,No Cloud,Canada goose,True,7000,False,2008,11,DENVER INTL AIRPORT,39.52920150756836,-104.65799713134766,6295.0,27.573111187238812,CO,KDEN_Denver,4.25,46.5,8.75,15.25,1.0,1013.2,1,High,2
Airplane,"(30, 50]",2 to 10,3,2008-11-30,2.0,New York,Climb,Medium,Overcast,Herring gull,True,40,False,2008,11,LAGUARDIA NY,40.777199,-73.872597,21.0,268.82670826154464,NY,KJFK_New_York,6.366666666666667,59.66666666666666,5.3,12.1,0.0,1013.6666666666666,1,High,2
Airplane,"(5000, 18000]",2 to 10,10,2008-12-08,2.0,New York,Approach,Large,Some Cloud,Snow goose,True,7000,False,2008,12,JOHN F KENNEDY INTL,40.639447,-73.779317,13.0,285.81600722845906,NY,KJFK_New_York,9.4,40.0,5.949999999999999,15.95,2.6,1010.45,1,High,2
Airplane,"(30, 50]",2 to 10,7,2008-12-13,2.0,Illinois,Approach,Small,Overcast,Unknown bird - small,False,50,False,2008,12,UNIV OF ILLINOIS -WILLARD ARPT,40.039819,-88.276249,755.0,25.148499963897123,IL,KORD_Chicago,9.5,61.5,7.949999999999999,13.75,0.0,1007.95,1,High,2
Airplane,"(-1, 0]",2 to 10,9,2008-12-18,2.0,Colorado,Landing Roll,Small,Some Cloud,Horned lark,False,0,True,2008,12,MONTROSE REGIONAL ARPT,38.5098,-107.893997,5759.0,277.2383550365057,CO,KDEN_Denver,20.5,45.5,9.4,13.7,0.0,1013.75,1,High,2
Airplane,"(-1, 0]",2 to 10,9,2008-12-23,2.0,Colorado,Landing Roll,Small,Some Cloud,Horned lark,False,0,False,2008,12,MONTROSE REGIONAL ARPT,38.5098,-107.893997,5759.0,277.2383550365057,CO,KDEN_Denver,23.85,64.5,1.15,16.1,0.0,1012.9,1,High,2
Airplane,"(0, 10]",2 to 10,5,2008-12-25,2.0,Colorado,Approach,Small,Overcast,Horned lark,False,10,False,2008,12,YAMPA VALLEY,40.481201,-107.218002,6606.0,180.83264488239317,CO,KDEN_Denver,9.85,88.5,7.85,10.0,0.0,1010.2,1,High,2
Airplane,"(-1, 0]",2 to 10,6,2009-03-09,2.0,Colorado,Landing Roll,Small,Some Cloud,Horned lark,False,0,False,2009,3,YAMPA VALLEY,40.481201,-107.218002,6606.0,180.83264488239317,CO,KDEN_Denver,16.96666666666667,61.66666666666666,13.9,14.0,0.0,1021.0666666666666,1,High,2
Airplane,"(0, 10]",2 to 10,5,2009-03-09,2.0,New York,Approach,Large,Some Cloud,Canada goose,True,10,False,2009,3,BUFFALO-NIAGARA INTL,42.940498,-78.732201,728.0,16.688896633415297,NY,KJFK_New_York,12.2,72.0,12.966666666666669,13.300000000000002,4.5,1012.5333333333332,1,High,2
Airplane,"(1000, 2000]",2 to 10,8,2009-03-16,2.0,Illinois,Climb,Small,Some Cloud,Unknown bird - small,True,2000,True,2009,3,CHICAGO MIDWAY INTL ARPT,41.785999,-87.752403,620.0,8.607490552607114,IL,KORD_Chicago,11.45,47.5,6.1,11.05,0.0,1015.95,1,High,2
Airplane,"(200, 400]",2 to 10,4,2009-03-17,2.0,Illinois,Climb,Small,No Cloud,Unknown bird - small,True,300,False,2009,3,CHICAGO O'HARE INTL ARPT,41.9786,-87.9048,680.0,4.16460023622371,IL,KORD_Chicago,5.9,95.5,8.6,11.55,0.0,1007.2,1,High,2
Airplane,"(2000, 3000]",2 to 10,8,2009-03-22,1.0,Illinois,Approach,Medium,Some Cloud,Ring-necked duck,False,2400,False,2009,3,DE KALB TAYLOR MUNICIPAL ARPT,41.936316,-88.704128,914.0,13.276163620656629,IL,KORD_Chicago,33.1,42.0,4.55,11.9,0.0,1009.0,1,High,2
Airplane,"(10, 30]",2 to 10,4,2009-03-29,2.0,Illinois,Climb,Medium,Overcast,Unknown bird - medium,False,25,False,2009,3,GREATER PEORIA REGIONAL ARPT,38.812906,-106.120062,7946.0,1287.5633843304047,IL,KORD_Chicago,8.25,56.5,8.5,10.4,0.4,1008.75,1,High,2
Airplane,"(-1, 0]",2 to 10,7,2009-04-18,2.0,Colorado,Take-off run,Small,Overcast,Unknown bird - small,False,0,False,2009,4,ASPEN-PITKIN CO/SARD,39.223202,-106.869003,7820.0,159.8702462092854,CO,KDEN_Denver,15.15,62.5,4.55,12.25,4.5,1019.75,1,High,2
Airplane,"(100, 200]",2 to 10,4,2009-05-09,2.0,New York,Climb,Small,Overcast,Unknown bird - small,False,200,False,2009,5,LONG ISLAND MAC ARTHUR,40.796324,-73.101703,99.0,292.8807816425768,NY,KJFK_New_York,1.45,54.0,9.3,13.75,0.0,1010.25,1,High,2
Airplane,"(100, 200]",2 to 10,10,2009-05-15,2.0,Illinois,Climb,Small,Some Cloud,Unknown bird - small,False,150,False,2009,5,UNIV OF ILLINOIS -WILLARD ARPT,40.039819,-88.276249,755.0,25.148499963897123,IL,KORD_Chicago,-6.25,38.0,6.050000000000001,11.9,0.4,1002.95,1,High,2
Airplane,"(400, 600]",2 to 10,9,2009-05-23,2.0,Illinois,Approach,Medium,Some Cloud,Unknown bird - medium,False,500,False,2009,5,CHICAGO MIDWAY INTL ARPT,41.785999,-87.752403,620.0,8.607490552607114,IL,KORD_Chicago,12.75,57.0,9.0,14.1,2.0,1008.6,1,High,2
Airplane,"(-1, 0]",2 to 10,9,2009-06-07,2.0,Colorado,Take-off run,Small,No Cloud,Cliff swallow,False,0,False,2009,6,MONTROSE REGIONAL ARPT,38.5098,-107.893997,5759.0,277.2383550365057,CO,KDEN_Denver,16.05,59.5,3.1,9.9,0.0,1022.1,1,High,2
Airplane,"(-1, 0]",2 to 10,5,2009-06-11,2.0,New York,Landing Roll,Small,Overcast,European starling,True,0,False,2009,6,BUFFALO-NIAGARA INTL,42.940498,-78.732201,728.0,16.688896633415297,NY,KJFK_New_York,15.1,61.5,11.6,9.15,0.0,1006.95,1,High,2
Airplane,"(-1, 0]",2 to 10,7,2009-06-30,2.0,Colorado,Landing Roll,Medium,No Cloud,Unknown bird - medium,True,0,True,2009,6,DENVER INTL AIRPORT,39.52920150756836,-104.65799713134766,6295.0,27.573111187238812,CO,KDEN_Denver,9.6,87.0,10.15,13.3,4.0,1012.8,1,High,2
Airplane,"(0, 10]",2 to 10,8,2009-07-02,2.0,New York,Climb,Small,No Cloud,Unknown bird - small,False,10,False,2009,7,WESTCHESTER COUNTY ARPT,41.06700134277344,-73.70760345458984,439.0,243.3503200617849,NY,KJFK_New_York,14.9,53.333333333333336,6.166666666666667,14.1,0.0,1021.9333333333334,1,High,2
Airplane,"(-1, 0]",2 to 10,2,2009-07-05,2.0,Illinois,Landing Roll,Medium,No Cloud,Unknown bird - medium,True,0,False,2009,7,QUAD CITY ARPT,39.6431007385,-89.14450073239999,630.0,33.991848342153304,IL,KORD_Chicago,9.7,41.5,13.5,10.1,0.0,1014.3,1,High,2
Airplane,"(100, 200]",2 to 10,8,2009-07-06,2.0,Colorado,Climb,Small,No Cloud,Unknown bird - small,True,200,True,2009,7,DENVER INTL AIRPORT,39.52920150756836,-104.65799713134766,6295.0,27.573111187238812,CO,KDEN_Denver,15.45,66.0,5.6,11.5,0.0,1022.2,1,High,2
Airplane,"(-1, 0]",2 to 10,10,2009-07-17,2.0,Colorado,Take-off run,Small,No Cloud,Horned lark,True,0,False,2009,7,COLORADO SPRINGS MUNICIPAL,38.805801,-104.700996,6187.0,38.3672452711314,CO,KDEN_Denver,20.1,41.5,3.55,12.3,0.0,1011.65,1,High,2
Airplane,"(-1, 0]",2 to 10,5,2009-07-17,2.0,New York,Landing Roll,Small,Overcast,European starling,True,0,False,2009,7,JOHN F KENNEDY INTL,40.639447,-73.779317,13.0,285.81600722845906,NY,KJFK_New_York,9.9,57.5,12.75,11.0,0.1,1017.15,1,High,2
Airplane,"(-1, 0]",2 to 10,10,2009-07-19,2.0,Illinois,Take-off run,Small,Some Cloud,Unknown bird - small,False,0,False,2009,7,UNIV OF ILLINOIS -WILLARD ARPT,40.039819,-88.276249,755.0,25.148499963897123,IL,KORD_Chicago,17.266666666666666,71.0,6.733333333333333,10.633333333333333,0.0,1015.0,1,High,2
Airplane,"(-1, 0]",2 to 10,3,2009-07-21,2.0,Illinois,Landing Roll,Medium,Overcast,Unknown bird - medium,True,0,False,2009,7,QUAD CITY ARPT,39.6431007385,-89.14450073239999,630.0,33.991848342153304,IL,KORD_Chicago,10.15,73.5,17.15,12.7,0.0,1003.85,1,High,2
Airplane,"(50, 100]",2 to 10,10,2009-07-24,2.0,Illinois,Climb,Large,Overcast,Canada goose,True,100,False,2009,7,CHICAGO O'HARE INTL ARPT,41.9786,-87.9048,680.0,4.16460023622371,IL,KORD_Chicago,13.6,81.66666666666667,11.533333333333331,11.8,1.5,1015.7666666666668,1,High,2
Airplane,"(-1, 0]",2 to 10,9,2009-07-26,2.0,New York,Take-off run,Small,Overcast,European starling,True,0,True,2009,7,LONG ISLAND MAC ARTHUR,40.796324,-73.101703,99.0,292.8807816425768,NY,KJFK_New_York,29.8,58.5,13.3,16.1,4.7,1011.25,1,High,2
Airplane,"(1000, 2000]",2 to 10,9,2009-07-28,2.0,Illinois,Climb,Small,Some Cloud,Unknown bird - small,True,1200,False,2009,7,DUPAGE AIRPORT,41.90779877,-88.24859619,759.0,32.15621751349237,IL,KORD_Chicago,20.05,70.0,6.4,11.9,2.4,1016.5,1,High,2
Airplane,"(-1, 0]",2 to 10,8,2009-07-29,2.0,New York,Landing Roll,Small,Overcast,Barn swallow,True,0,False,2009,7,BUFFALO-NIAGARA INTL,42.940498,-78.732201,728.0,16.688896633415297,NY,KJFK_New_York,13.1,59.0,16.05,15.95,0.0,1013.15,1,High,2
Airplane,"(-1, 0]",2 to 10,6,2009-07-29,2.0,New York,Landing Roll,Small,Overcast,Unknown bird - small,True,0,False,2009,7,BUFFALO-NIAGARA INTL,42.940498,-78.732201,728.0,16.688896633415297,NY,KJFK_New_York,13.1,59.0,16.05,15.95,0.0,1013.15,1,High,2
Airplane,"(-1, 0]",2 to 10,10,2009-07-31,2.0,Colorado,Landing Roll,Small,No Cloud,Unknown bird - small,True,0,False,2009,7,DENVER INTL AIRPORT,39.52920150756836,-104.65799713134766,6295.0,27.573111187238812,CO,KDEN_Denver,10.95,73.5,10.5,13.9,0.0,1010.65,1,High,2
Airplane,"(0, 10]",2 to 10,3,2009-08-03,2.0,Colorado,Climb,Small,No Cloud,Unknown bird - small,True,10,True,2009,8,DENVER INTL AIRPORT,39.52920150756836,-104.65799713134766,6295.0,27.573111187238812,CO,KDEN_Denver,14.25,63.5,6.05,10.55,0.0,1008.2,1,High,2
Airplane,"(1000, 2000]",2 to 10,10,2009-08-06,2.0,Colorado,Approach,Small,No Cloud,Unknown bird - small,False,1500,True,2009,8,DENVER INTL AIRPORT,39.52920150756836,-104.65799713134766,6295.0,27.573111187238812,CO,KDEN_Denver,14.05,48.5,7.9,14.1,0.0,999.45,1,High,2
Airplane,"(200, 400]",2 to 10,9,2009-08-06,2.0,New York,Approach,Small,No Cloud,Semipalmated sandpiper,False,250,False,2009,8,LAGUARDIA NY,40.777199,-73.872597,21.0,268.82670826154464,NY,KJFK_New_York,1.7,61.0,10.4,13.35,0.0,1008.7,1,High,2
Airplane,"(30, 50]",2 to 10,8,2009-08-07,2.0,Colorado,Approach,Small,No Cloud,Unknown bird - small,False,50,False,2009,8,DENVER INTL AIRPORT,39.52920150756836,-104.65799713134766,6295.0,27.573111187238812,CO,KDEN_Denver,20.9,69.5,3.85,12.4,0.0,1009.75,1,High,2
Airplane,"(200, 400]",2 to 10,4,2009-08-07,2.0,New York,Approach,Small,No Cloud,Chimney swift,False,350,False,2009,8,LAGUARDIA NY,40.777199,-73.872597,21.0,268.82670826154464,NY,KJFK_New_York,15.6,67.5,15.6,12.5,0.0,1013.85,1,High,2
Airplane,"(-1, 0]",2 to 10,7,2009-08-09,2.0,New York,Take-off run,Small,Overcast,Barn swallow,False,0,False,2009,8,ELMIRA/CORNING MUNICIPAL,41.534901,-87.529503,620.0,649.5098008259092,NY,KJFK_New_York,15.75,63.5,19.75,15.25,2.6,1017.85,1,High,2
Airplane,"(1000, 2000]",2 to 10,5,2009-08-16,2.0,New York,Approach,Small,Some Cloud,Unknown bird - small,True,1300,False,2009,8,JOHN F KENNEDY INTL,40.639447,-73.779317,13.0,285.81600722845906,NY,KJFK_New_York,5.7,55.5,12.05,13.65,0.0,1017.15,1,High,2
Airplane,"(-1, 0]",2 to 10,3,2009-08-20,2.0,Illinois,Take-off run,Small,Overcast,Unknown bird - small,False,0,False,2009,8,UNIV OF ILLINOIS -WILLARD ARPT,40.039819,-88.276249,755.0,25.148499963897123,IL,KORD_Chicago,8.450000000000001,58.0,4.55,12.65,0.0,1013.35,1,High,2
Airplane,"(2000, 3000]",2 to 10,2,2009-08-22,2.0,Illinois,Approach,Medium,Overcast,Unknown bird - medium,False,3000,False,2009,8,CHICAGO O'HARE INTL ARPT,41.9786,-87.9048,680.0,4.16460023622371,IL,KORD_Chicago,5.4,64.0,11.6,15.75,0.0,1014.5,1,High,2
Airplane,"(10, 30]",2 to 10,3,2009-08-26,2.0,New York,Approach,Small,Some Cloud,Finches,True,20,False,2009,8,BUFFALO-NIAGARA INTL,42.940498,-78.732201,728.0,16.688896633415297,NY,KJFK_New_York,14.433333333333332,63.0,8.1,13.4,0.0,1008.1333333333332,1,High,2
Airplane,"(-1, 0]",2 to 10,3,2009-08-28,2.0,Illinois,Landing Roll,Small,Overcast,Killdeer,True,0,False,2009,8,BLOOMINGTON/NORMAL,40.4771,-88.915901,871.0,9.96741417120628,IL,KORD_Chicago,17.05,70.5,2.0,11.95,0.0,1020.05,1,High,2
Airplane,"(-1, 0]",2 to 10,8,2009-09-03,2.0,Colorado,Landing Roll,Small,Some Cloud,Unknown bird - small,False,0,False,2009,9,COLORADO SPRINGS MUNICIPAL,38.805801,-104.700996,6187.0,38.3672452711314,CO,KDEN_Denver,3.5500000000000003,70.5,12.75,16.1,0.0,1013.2,1,High,2
Airplane,"(0, 10]",2 to 10,7,2009-09-06,2.0,Illinois,Approach,Small,No Cloud,Killdeer,False,10,False,2009,9,BLOOMINGTON/NORMAL,40.4771,-88.915901,871.0,9.96741417120628,IL,KORD_Chicago,7.899999999999999,74.0,5.5,14.333333333333334,0.0,1017.1,1,High,2
Airplane,"(0, 10]",2 to 10,7,2009-09-09,3.0,Illinois,Climb,Medium,No Cloud,Red-tailed hawk,False,10,False,2009,9,ABRAHAM LINCOLN CAPITAL ARPT,39.844101,-89.677902,598.0,24.88369746449472,IL,KORD_Chicago,0.7000000000000002,59.0,9.85,14.55,0.0,1017.6,1,High,2
Airplane,"(-1, 0]",2 to 10,8,2009-09-10,2.0,Illinois,Landing Roll,Small,Overcast,Unknown bird - small,True,0,False,2009,9,QUAD CITY ARPT,39.6431007385,-89.14450073239999,630.0,33.991848342153304,IL,KORD_Chicago,14.25,55.0,6.35,16.1,0.0,1010.85,1,High,2
Airplane,"(-1, 0]",2 to 10,10,2009-09-12,2.0,Illinois,Landing Roll,Small,No Cloud,Killdeer,True,0,False,2009,9,BLOOMINGTON/NORMAL,40.4771,-88.915901,871.0,9.96741417120628,IL,KORD_Chicago,11.833333333333334,73.33333333333333,11.0,10.8,2.1,1013.8666666666668,1,High,2
Airplane,"(400, 600]",2 to 10,2,2009-09-13,2.0,New York,Climb,Small,No Cloud,European starling,False,600,True,2009,9,BUFFALO-NIAGARA INTL,42.940498,-78.732201,728.0,16.688896633415297,NY,KJFK_New_York,11.2,65.0,3.25,15.5,0.0,1009.4,1,Medium,1
Airplane,"(50, 100]",2 to 10,5,2009-09-15,2.0,Colorado,Climb,Medium,No Cloud,Unknown bird - medium,False,100,True,2009,9,DENVER INTL AIRPORT,39.52920150756836,-104.65799713134766,6295.0,27.573111187238812,CO,KDEN_Denver,16.25,74.0,10.2,6.9,0.0,1007.75,1,High,2
Airplane,"(600, 1000]",2 to 10,7,2009-09-15,2.0,Illinois,Approach,Small,No Cloud,Unknown bird - small,False,700,False,2009,9,CHICAGO O'HARE INTL ARPT,41.9786,-87.9048,680.0,4.16460023622371,IL,KORD_Chicago,17.6,50.5,14.0,14.7,0.0,1013.55,1,High,2
Airplane,"(30, 50]",2 to 10,6,2009-09-15,2.0,Illinois,Approach,Small,Some Cloud,Unknown bird - small,True,50,False,2009,9,CHICAGO O'HARE INTL ARPT,41.9786,-87.9048,680.0,4.16460023622371,IL,KORD_Chicago,17.6,50.5,14.0,14.7,0.0,1013.55,1,High,2
Airplane,"(100, 200]",2 to 10,5,2009-09-16,2.0,New York,Approach,Small,Overcast,Tree swallow,True,200,False,2009,9,JOHN F KENNEDY INTL,40.639447,-73.779317,13.0,285.81600722845906,NY,KJFK_New_York,15.65,83.0,3.95,11.6,0.0,1003.2,1,High,2
Airplane,"(600, 1000]",2 to 10,7,2009-09-25,2.0,New York,Approach,Small,Overcast,Unknown bird - small,True,1000,False,2009,9,JOHN F KENNEDY INTL,40.639447,-73.779317,13.0,285.81600722845906,NY,KJFK_New_York,16.55,66.0,15.15,13.85,1.7,1007.6,1,High,2
Airplane,"(1000, 2000]",2 to 10,5,2009-09-26,2.0,New York,Approach,Large,Some Cloud,Unknown bird - large,True,1500,True,2009,9,LONG ISLAND MAC ARTHUR,40.796324,-73.101703,99.0,292.8807816425768,NY,KJFK_New_York,12.05,77.5,10.9,12.55,0.0,1004.55,1,High,2
Airplane,"(30, 50]",2 to 10,7,2009-09-28,2.0,Colorado,Climb,Small,No Cloud,Horned lark,False,50,False,2009,9,USAF ACADEMY BULLSEYE AUX AIRSTRIP,38.75830078125,-104.30699920654295,6036.0,18.785659703603432,CO,KDEN_Denver,9.6,78.0,5.566666666666666,12.833333333333334,0.8,1010.8,1,High,2
Airplane,"(10, 30]",2 to 10,2,2009-10-01,2.0,Colorado,Approach,Small,No Cloud,Unknown bird - small,True,25,True,2009,10,DENVER INTL AIRPORT,39.52920150756836,-104.65799713134766,6295.0,27.573111187238812,CO,KDEN_Denver,11.85,58.0,14.95,11.75,0.0,1018.1,1,High,2
Airplane,"(100, 200]",2 to 10,5,2009-10-11,2.0,New York,Climb,Small,Some Cloud,Unknown bird - small,False,200,False,2009,10,GREATER ROCHESTER INTL,43.1189,-77.672401,559.0,27.86996070509405,NY,KJFK_New_York,5.1,55.0,4.3,12.2,0.0,1011.3,1,High,2
Airplane,"(-1, 0]",2 to 10,2,2009-10-11,2.0,Illinois,Take-off run,Small,Some Cloud,Chimney swift,True,0,True,2009,10,CHICAGO O'HARE INTL ARPT,41.9786,-87.9048,680.0,4.16460023622371,IL,KORD_Chicago,4.85,50.5,5.05,13.95,0.0,1007.9,1,High,2
Airplane,"(200, 400]",2 to 10,7,2009-10-13,2.0,New York,Climb,Medium,Overcast,Unknown bird - medium,False,400,True,2009,10,ALBANY INTL,42.748299,-73.801697,285.0,94.50065050780267,NY,KJFK_New_York,3.7,65.0,4.35,12.95,0.0,1009.7,1,High,2
Airplane,"(50, 100]",2 to 10,5,2009-10-16,4.0,New York,Approach,Medium,Overcast,Mallard,True,100,False,2009,10,JOHN F KENNEDY INTL,40.639447,-73.779317,13.0,285.81600722845906,NY,KJFK_New_York,12.15,47.5,4.2,12.2,0.0,1015.7,1,High,2
Airplane,"(100, 200]",2 to 10,9,2009-10-18,2.0,New York,Approach,Medium,No Cloud,Unknown bird - medium,False,150,False,2009,10,JOHN F KENNEDY INTL,40.639447,-73.779317,13.0,285.81600722845906,NY,KJFK_New_York,28.8,58.0,5.55,13.45,4.0,1017.6,1,High,2
Airplane,"(-1, 0]",2 to 10,5,2009-10-24,2.0,New York,Landing Roll,Medium,Overcast,Herring gull,True,0,False,2009,10,WESTCHESTER COUNTY ARPT,41.06700134277344,-73.70760345458984,439.0,243.3503200617849,NY,KJFK_New_York,19.25,64.5,7.399999999999999,15.85,0.0,1019.05,1,High,2
Airplane,"(-1, 0]",2 to 10,2,2009-10-25,2.0,New York,Take-off run,Medium,Some Cloud,Ring-billed gull,True,0,False,2009,10,WESTCHESTER COUNTY ARPT,41.06700134277344,-73.70760345458984,439.0,243.3503200617849,NY,KJFK_New_York,10.95,64.0,3.2,11.2,0.0,1012.75,1,High,2
Airplane,"(50, 100]",2 to 10,4,2009-10-25,2.0,New York,Approach,Small,No Cloud,Ruby-crowned kinglet,False,100,False,2009,10,LAGUARDIA NY,40.777199,-73.872597,21.0,268.82670826154464,NY,KJFK_New_York,10.95,64.0,3.2,11.2,0.0,1012.75,1,High,2
Airplane,"(5000, 18000]",2 to 10,8,2009-10-25,2.0,Colorado,Approach,Medium,Overcast,Unknown bird - medium,True,5500,False,2009,10,DENVER INTL AIRPORT,39.52920150756836,-104.65799713134766,6295.0,27.573111187238812,CO,KDEN_Denver,23.35,66.5,22.4,8.45,0.0,1013.55,1,High,2
Airplane,"(2000, 3000]",2 to 10,10,2009-10-26,2.0,New York,Approach,Large,No Cloud,Unknown bird - large,False,3000,False,2009,10,JOHN F KENNEDY INTL,40.639447,-73.779317,13.0,285.81600722845906,NY,KJFK_New_York,18.9,62.333333333333336,14.5,12.733333333333334,0.0,1014.9333333333334,1,High,2
Airplane,"(100, 200]",2 to 10,10,2009-10-29,2.0,Colorado,Approach,Small,Overcast,Unknown bird - small,True,200,True,2009,10,DENVER INTL AIRPORT,39.52920150756836,-104.65799713134766,6295.0,27.573111187238812,CO,KDEN_Denver,14.05,80.5,6.95,11.5,0.0,1010.6,1,High,2
Airplane,"(3000, 5000]",2 to 10,4,2009-11-02,2.0,Illinois,Climb,Medium,No Cloud,Unknown bird - medium,False,4400,True,2009,11,CHICAGO MIDWAY INTL ARPT,41.785999,-87.752403,620.0,8.607490552607114,IL,KORD_Chicago,2.6,49.0,11.75,12.35,1.1,1013.05,1,High,2
Airplane,"(600, 1000]",2 to 10,3,2009-11-02,2.0,New York,Approach,Small,No Cloud,Green-winged teal,True,1000,True,2009,11,ALBANY INTL,42.748299,-73.801697,285.0,94.50065050780267,NY,KJFK_New_York,9.45,64.5,15.65,8.2,0.0,1007.15,1,High,2
Airplane,"(-1, 0]",2 to 10,8,2009-11-10,4.0,New York,Take-off run,Small,Some Cloud,Snow bunting,True,0,False,2009,11,JOHN F KENNEDY INTL,40.639447,-73.779317,13.0,285.81600722845906,NY,KJFK_New_York,-6.7,45.5,13.95,12.3,0.0,1013.1,1,High,2
Airplane,"(2000, 3000]",2 to 10,7,2009-11-15,2.0,New York,Approach,Small,No Cloud,Unknown bird - small,False,2500,False,2009,11,JOHN F KENNEDY INTL,40.639447,-73.779317,13.0,285.81600722845906,NY,KJFK_New_York,9.85,69.5,10.85,15.4,0.0,1023.6,1,Medium,1
Airplane,"(-1, 0]",2 to 10,9,2009-11-26,2.0,Illinois,Take-off run,Small,Overcast,Rock pigeon,True,0,False,2009,11,CHICAGO O'HARE INTL ARPT,41.9786,-87.9048,680.0,4.16460023622371,IL,KORD_Chicago,25.4,79.5,13.35,13.6,0.3,1015.9,1,High,2
Airplane,"(3000, 5000]",2 to 10,5,2009-11-27,2.0,Illinois,Climb,Large,No Cloud,Canada goose,False,4000,True,2009,11,CHICAGO O'HARE INTL ARPT,41.9786,-87.9048,680.0,4.16460023622371,IL,KORD_Chicago,12.55,39.0,11.7,15.55,0.0,1011.35,1,High,2
Airplane,"(-1, 0]",2 to 10,7,2009-12-06,2.0,Colorado,Take-off run,Small,Some Cloud,Unknown bird - small,True,0,False,2009,12,COLORADO SPRINGS MUNICIPAL,38.805801,-104.700996,6187.0,38.3672452711314,CO,KDEN_Denver,9.35,62.0,5.65,9.85,0.0,1019.7,1,High,2
Airplane,"(30, 50]",2 to 10,3,2009-12-14,1.0,New York,Climb,Small,Overcast,Horned lark,False,50,False,2009,12,DUTCHESS COUNTY ARPT,41.6265983581543,-73.88420104980469,165.0,180.6127204688489,NY,KJFK_New_York,20.46666666666667,74.0,11.966666666666669,9.233333333333334,0.2,1015.6666666666666,1,High,2
Airplane,"(100, 200]",2 to 10,2,2010-01-14,2.0,New York,Approach,Medium,No Cloud,Ring-billed gull,True,200,False,2010,1,LAGUARDIA NY,40.777199,-73.872597,21.0,268.82670826154464,NY,KJFK_New_York,22.25,57.0,9.6,13.6,0.0,1025.0500000000002,1,High,2
Airplane,"(30, 50]",2 to 10,2,2010-01-21,2.0,New York,Approach,Medium,No Cloud,Mallard,False,50,False,2010,1,JOHN F KENNEDY INTL,40.639447,-73.779317,13.0,285.81600722845906,NY,KJFK_New_York,16.799999999999997,53.5,2.45,11.65,1.1,1009.35,1,High,2
Airplane,"(100, 200]",2 to 10,4,2010-01-28,2.0,New York,Approach,Medium,No Cloud,Ring-billed gull,False,150,True,2010,1,LAGUARDIA NY,40.777199,-73.872597,21.0,268.82670826154464,NY,KJFK_New_York,17.45,77.0,4.2,16.1,0.0,1019.0,1,High,2
Airplane,"(-1, 0]",2 to 10,9,2010-02-01,2.0,New York,Landing Roll,Large,No Cloud,Great black-backed gull,True,0,False,2010,2,LAGUARDIA NY,40.777199,-73.872597,21.0,268.82670826154464,NY,KJFK_New_York,22.85,50.5,9.05,13.3,0.8,1010.5,1,High,2
Airplane,"(10, 30]",2 to 10,7,2010-02-09,2.0,Colorado,Climb,Small,No Cloud,Unknown bird - small,False,20,False,2010,2,COLORADO SPRINGS MUNICIPAL,38.805801,-104.700996,6187.0,38.3672452711314,CO,KDEN_Denver,23.700000000000003,79.0,13.7,14.85,0.0,1010.55,1,High,2
Airplane,"(100, 200]",2 to 10,7,2010-03-01,2.0,New York,Approach,Medium,No Cloud,Gadwall,False,200,True,2010,3,LAGUARDIA NY,40.777199,-73.872597,21.0,268.82670826154464,NY,KJFK_New_York,2.3,62.66666666666666,7.633333333333333,11.433333333333332,0.0,1020.2666666666668,1,High,2
Airplane,"(1000, 2000]",2 to 10,8,2010-03-11,2.0,New York,Climb,Large,No Cloud,Canada goose,False,2000,False,2010,3,GREATER ROCHESTER INTL,43.1189,-77.672401,559.0,27.86996070509405,NY,KJFK_New_York,8.2,69.5,4.55,11.15,0.0,1011.75,1,High,2
Airplane,"(50, 100]",2 to 10,9,2010-03-28,2.0,New York,Climb,Medium,Overcast,Mallard,True,100,True,2010,3,JOHN F KENNEDY INTL,40.639447,-73.779317,13.0,285.81600722845906,NY,KJFK_New_York,10.4,39.5,9.45,12.9,0.0,1015.15,1,High,2
Airplane,"(-1, 0]",2 to 10,8,2010-04-03,2.0,Colorado,Landing Roll,Small,Overcast,Horned lark,False,0,False,2010,4,YAMPA VALLEY,40.481201,-107.218002,6606.0,180.83264488239317,CO,KDEN_Denver,6.933333333333334,48.0,16.366666666666667,12.166666666666666,0.0,1012.8333333333334,1,High,2
Airplane,"(-1, 0]",2 to 10,7,2010-04-10,2.0,Illinois,Landing Roll,Small,No Cloud,Rock pigeon,True,0,False,2010,4,CHICAGO O'HARE INTL ARPT,41.9786,-87.9048,680.0,4.16460023622371,IL,KORD_Chicago,10.8,53.0,23.6,13.9,0.0,1004.3,1,High,2
Airplane,"(-1, 0]",2 to 10,5,2010-05-03,2.0,New York,Landing Roll,Small,Some Cloud,European starling,True,0,False,2010,5,WESTCHESTER COUNTY ARPT,41.06700134277344,-73.70760345458984,439.0,243.3503200617849,NY,KJFK_New_York,15.15,55.0,8.9,7.3,0.0,1016.25,1,High,2
Airplane,"(400, 600]",2 to 10,3,2010-05-20,2.0,New York,Approach,Medium,No Cloud,Unknown bird - medium,False,600,False,2010,5,LAGUARDIA NY,40.777199,-73.872597,21.0,268.82670826154464,NY,KJFK_New_York,8.3,66.5,11.35,13.65,1.9,1019.95,1,High,2
Airplane,"(50, 100]",2 to 10,3,2010-05-20,2.0,New York,Approach,Small,No Cloud,Unknown bird - small,False,100,False,2010,5,BUFFALO-NIAGARA INTL,42.940498,-78.732201,728.0,16.688896633415297,NY,KJFK_New_York,8.3,66.5,11.35,13.65,1.9,1019.95,1,High,2
Airplane,"(-1, 0]",2 to 10,10,2010-06-12,2.0,Colorado,Landing Roll,Small,Some Cloud,Unknown bird - small,False,0,True,2010,6,DENVER INTL AIRPORT,39.52920150756836,-104.65799713134766,6295.0,27.573111187238812,CO,KDEN_Denver,11.05,72.0,13.05,13.9,0.0,1011.15,1,High,2
Airplane,"(10, 30]",2 to 10,8,2010-06-12,2.0,Illinois,Approach,Small,No Cloud,European starling,True,20,False,2010,6,CHICAGO O'HARE INTL ARPT,41.9786,-87.9048,680.0,4.16460023622371,IL,KORD_Chicago,19.75,85.5,32.3,13.45,0.0,1008.4,1,High,2
Airplane,"(-1, 0]",2 to 10,8,2010-06-15,2.0,Illinois,Take-off run,Small,Some Cloud,European starling,True,0,False,2010,6,CHICAGO EXECUTIVE ARPT,42.114222,-87.901494,647.0,17.90602076675677,IL,KORD_Chicago,12.4,62.5,16.7,14.75,0.0,1011.1,1,High,2
Airplane,"(-1, 0]",2 to 10,2,2010-06-17,2.0,Illinois,Take-off run,Small,No Cloud,European starling,False,0,False,2010,6,CHICAGO O'HARE INTL ARPT,41.9786,-87.9048,680.0,4.16460023622371,IL,KORD_Chicago,17.0,94.5,3.7,14.1,0.0,1014.45,1,High,2
Airplane,"(-1, 0]",2 to 10,8,2010-06-30,2.0,Colorado,Take-off run,Small,No Cloud,Unknown bird - small,True,0,False,2010,6,DENVER INTL AIRPORT,39.52920150756836,-104.65799713134766,6295.0,27.573111187238812,CO,KDEN_Denver,5.333333333333333,53.0,5.8,11.866666666666667,0.0,1013.3333333333334,1,High,2
Airplane,"(30, 50]",2 to 10,9,2010-07-18,2.0,New York,Climb,Small,No Cloud,Unknown bird - small,False,50,False,2010,7,EAST HAMPTON ARPT,40.959954,-72.25105,55.0,319.84235343585243,NY,KJFK_New_York,17.9,60.0,12.85,14.65,0.0,1009.6,1,High,2
Airplane,"(10, 30]",2 to 10,2,2010-07-19,2.0,Illinois,Climb,Small,Some Cloud,Barn swallow,True,25,False,2010,7,CHICAGO O'HARE INTL ARPT,41.9786,-87.9048,680.0,4.16460023622371,IL,KORD_Chicago,8.25,68.5,3.75,15.8,0.0,1010.35,1,High,2
Airplane,"(-1, 0]",2 to 10,6,2010-07-20,2.0,New York,Take-off run,Small,No Cloud,Sparrows,True,0,True,2010,7,BUFFALO-NIAGARA INTL,42.940498,-78.732201,728.0,16.688896633415297,NY,KJFK_New_York,0.3000000000000002,49.0,3.6,13.9,0.0,1013.7,1,High,2
Airplane,"(0, 10]",2 to 10,6,2010-07-21,2.0,Colorado,Approach,Small,No Cloud,Unknown bird - small,True,10,True,2010,7,DENVER INTL AIRPORT,39.52920150756836,-104.65799713134766,6295.0,27.573111187238812,CO,KDEN_Denver,7.25,59.5,9.4,9.85,0.0,1015.45,1,High,2
Airplane,"(100, 200]",2 to 10,8,2010-07-22,2.0,New York,Approach,Small,Some Cloud,American kestrel,False,200,False,2010,7,ELMIRA/CORNING MUNICIPAL,41.534901,-87.529503,620.0,649.5098008259092,NY,KJFK_New_York,12.7,64.0,8.6,15.266666666666667,0.0,1011.6666666666666,1,High,2
Airplane,"(50, 100]",2 to 10,5,2010-07-25,2.0,New York,Climb,Small,Some Cloud,Unknown bird - small,True,100,True,2010,7,LONG ISLAND MAC ARTHUR,40.796324,-73.101703,99.0,292.8807816425768,NY,KJFK_New_York,6.7,87.5,6.55,11.6,0.0,1005.3,1,High,2
Airplane,"(0, 10]",2 to 10,2,2010-08-04,2.0,Illinois,Climb,Small,Some Cloud,Unknown bird - small,True,10,False,2010,8,AURORA MUNICIPAL ARPT,41.771900177,-88.47570037839999,712.0,24.244170734243923,IL,KORD_Chicago,11.3,76.0,12.45,12.45,0.0,1016.25,1,High,2
Airplane,"(-1, 0]",2 to 10,6,2010-08-06,2.0,Colorado,Take-off run,Small,No Cloud,Unknown bird - small,False,0,True,2010,8,DENVER INTL AIRPORT,39.52920150756836,-104.65799713134766,6295.0,27.573111187238812,CO,KDEN_Denver,14.75,95.5,5.050000000000001,14.05,0.0,1016.05,1,High,2
Airplane,"(200, 400]",2 to 10,8,2010-08-07,4.0,New York,Approach,Small,Some Cloud,Laughing gull,False,400,False,2010,8,JOHN F KENNEDY INTL,40.639447,-73.779317,13.0,285.81600722845906,NY,KJFK_New_York,26.4,55.0,18.55,9.05,0.0,1015.0,1,High,2
Airplane,"(-1, 0]",2 to 10,3,2010-08-09,2.0,Illinois,Take-off run,Small,No Cloud,Unknown bird - small,False,0,False,2010,8,GREATER PEORIA REGIONAL ARPT,38.812906,-106.120062,7946.0,1287.5633843304047,IL,KORD_Chicago,21.25,58.0,17.3,12.8,0.0,1014.9,1,High,2
Airplane,"(30, 50]",2 to 10,3,2010-08-09,2.0,Illinois,Climb,Small,Some Cloud,Unknown bird - small,True,50,False,2010,8,AURORA MUNICIPAL ARPT,41.771900177,-88.47570037839999,712.0,24.244170734243923,IL,KORD_Chicago,21.25,58.0,17.3,12.8,0.0,1014.9,1,High,2
Airplane,"(-1, 0]",2 to 10,4,2010-08-21,4.0,Colorado,Landing Roll,Small,No Cloud,Sparrows,False,0,False,2010,8,COLORADO SPRINGS MUNICIPAL,38.805801,-104.700996,6187.0,38.3672452711314,CO,KDEN_Denver,5.9,49.0,7.3,15.25,0.5,1012.85,1,High,2
Airplane,"(200, 400]",2 to 10,5,2010-08-26,2.0,Illinois,Approach,Small,Some Cloud,Unknown bird - small,False,300,False,2010,8,CHICAGO O'HARE INTL ARPT,41.9786,-87.9048,680.0,4.16460023622371,IL,KORD_Chicago,12.3,64.0,13.75,15.6,0.0,1016.95,1,High,2
Airplane,"(50, 100]",2 to 10,9,2010-08-27,2.0,Illinois,Climb,Small,No Cloud,Unknown bird - small,False,100,True,2010,8,CHICAGO O'HARE INTL ARPT,41.9786,-87.9048,680.0,4.16460023622371,IL,KORD_Chicago,13.25,62.0,7.699999999999999,13.6,0.0,1019.7,1,High,2
Airplane,"(-1, 0]",2 to 10,4,2010-08-27,2.0,Colorado,Take-off run,Small,No Cloud,Lark bunting,True,0,True,2010,8,DENVER INTL AIRPORT,39.52920150756836,-104.65799713134766,6295.0,27.573111187238812,CO,KDEN_Denver,15.95,54.0,6.85,10.7,4.0,1017.45,1,High,2
Airplane,"(0, 10]",2 to 10,2,2010-09-01,2.0,Illinois,Approach,Small,Some Cloud,Unknown bird - small,False,5,False,2010,9,CHICAGO EXECUTIVE ARPT,42.114222,-87.901494,647.0,17.90602076675677,IL,KORD_Chicago,0.2000000000000001,62.5,9.85,12.35,0.0,1022.2,1,High,2
Airplane,"(3000, 5000]",2 to 10,5,2010-09-03,2.0,Illinois,Climb,Small,Some Cloud,Unknown bird - small,False,3400,True,2010,9,CHICAGO MIDWAY INTL ARPT,41.785999,-87.752403,620.0,8.607490552607114,IL,KORD_Chicago,20.9,60.0,13.0,14.85,0.0,1019.4,1,High,2
Airplane,"(-1, 0]",2 to 10,8,2010-09-08,2.0,Illinois,Take-off run,Medium,Some Cloud,Unknown bird - medium,False,0,False,2010,9,ST LOUIS DOWNTOWN,38.570701599100005,-90.1561965942,413.0,106.7209972741952,IL,KORD_Chicago,4.4,56.5,6.15,13.3,3.6,1012.5,1,High,2
Airplane,"(1000, 2000]",2 to 10,6,2010-09-09,2.0,New York,Approach,Small,Overcast,Unknown bird - small,False,1500,True,2010,9,ALBANY INTL,42.748299,-73.801697,285.0,94.50065050780267,NY,KJFK_New_York,14.5,67.0,3.05,13.7,0.0,1010.25,1,Medium,1
Airplane,"(400, 600]",2 to 10,8,2010-09-12,2.0,New York,Approach,Small,Some Cloud,European starling,True,500,False,2010,9,LAGUARDIA NY,40.777199,-73.872597,21.0,268.82670826154464,NY,KJFK_New_York,5.1000000000000005,78.0,3.35,9.85,0.0,1012.8,1,Medium,1
Airplane,"(10, 30]",2 to 10,5,2010-09-15,2.0,New York,Climb,Small,Some Cloud,Rock pigeon,True,20,False,2010,9,WESTCHESTER COUNTY ARPT,41.06700134277344,-73.70760345458984,439.0,243.3503200617849,NY,KJFK_New_York,13.4,55.66666666666666,9.6,10.266666666666667,0.0,1015.5,1,High,2
Airplane,"(600, 1000]",2 to 10,8,2010-09-15,2.0,New York,Approach,Small,No Cloud,Cedar waxwing,True,700,False,2010,9,JOHN F KENNEDY INTL,40.639447,-73.779317,13.0,285.81600722845906,NY,KJFK_New_York,13.4,55.66666666666666,9.6,10.266666666666667,0.0,1015.5,1,High,2
Airplane,"(600, 1000]",2 to 10,3,2010-09-19,2.0,Colorado,Approach,Small,No Cloud,Unknown bird - small,False,1000,False,2010,9,MONTROSE REGIONAL ARPT,38.5098,-107.893997,5759.0,277.2383550365057,CO,KDEN_Denver,18.0,83.5,7.449999999999999,13.75,0.0,1007.95,1,Medium,1
Airplane,"(-1, 0]",2 to 10,6,2010-09-19,2.0,New York,Landing Roll,Small,No Cloud,American kestrel,True,0,True,2010,9,JOHN F KENNEDY INTL,40.639447,-73.779317,13.0,285.81600722845906,NY,KJFK_New_York,3.6000000000000005,85.5,12.9,10.1,0.0,1010.2,1,High,2
Airplane,"(600, 1000]",2 to 10,9,2010-09-20,2.0,New York,Approach,Small,No Cloud,Mourning dove,True,1000,False,2010,9,WESTCHESTER COUNTY ARPT,41.06700134277344,-73.70760345458984,439.0,243.3503200617849,NY,KJFK_New_York,8.55,78.5,14.7,10.6,0.0,1017.9,1,High,2
Airplane,"(-1, 0]",2 to 10,9,2010-09-27,2.0,Colorado,Take-off run,Small,No Cloud,Cliff swallow,False,0,False,2010,9,MONTROSE REGIONAL ARPT,38.5098,-107.893997,5759.0,277.2383550365057,CO,KDEN_Denver,15.4,77.0,16.0,14.1,0.0,1014.55,1,High,2
Airplane,"(-1, 0]",2 to 10,3,2010-09-30,2.0,New York,Take-off run,Small,Overcast,American golden-plover,False,0,True,2010,9,ALBANY INTL,42.748299,-73.801697,285.0,94.50065050780267,NY,KJFK_New_York,0.3499999999999996,70.0,8.25,7.55,0.0,1008.7,1,High,2
Airplane,"(50, 100]",2 to 10,5,2010-10-01,2.0,New York,Approach,Medium,Overcast,Mallard,True,100,False,2010,10,ALBANY INTL,42.748299,-73.801697,285.0,94.50065050780267,NY,KJFK_New_York,20.8,89.0,3.1,11.15,0.0,1011.15,1,High,2
Airplane,"(-1, 0]",2 to 10,8,2010-10-21,2.0,Colorado,Take-off run,Small,No Cloud,Unknown bird - small,True,0,False,2010,10,DENVER INTL AIRPORT,39.52920150756836,-104.65799713134766,6295.0,27.573111187238812,CO,KDEN_Denver,9.55,81.0,6.5,13.1,0.0,1011.05,1,High,2
Airplane,"(400, 600]",2 to 10,7,2010-10-24,4.0,New York,Climb,Large,Some Cloud,Canada goose,True,500,False,2010,10,JOHN F KENNEDY INTL,40.639447,-73.779317,13.0,285.81600722845906,NY,KJFK_New_York,11.733333333333334,48.0,12.7,14.533333333333331,0.6,1016.3,1,High,2
Airplane,"(200, 400]",2 to 10,2,2010-10-28,2.0,New York,Approach,Medium,No Cloud,Unknown bird - medium,False,300,False,2010,10,JOHN F KENNEDY INTL,40.639447,-73.779317,13.0,285.81600722845906,NY,KJFK_New_York,11.35,40.5,8.25,14.95,0.0,1015.4,1,High,2
Airplane,"(100, 200]",2 to 10,8,2010-10-28,2.0,New York,Climb,Large,No Cloud,Mute swan,False,200,False,2010,10,JOHN F KENNEDY INTL,40.639447,-73.779317,13.0,285.81600722845906,NY,KJFK_New_York,11.35,40.5,8.25,14.95,0.0,1015.4,1,High,2
Airplane,"(400, 600]",2 to 10,7,2010-10-29,3.0,New York,Approach,Medium,No Cloud,Ducks,False,500,True,2010,10,JOHN F KENNEDY INTL,40.639447,-73.779317,13.0,285.81600722845906,NY,KJFK_New_York,15.1,42.0,3.9,12.866666666666667,0.5,1018.3333333333334,1,High,2
Airplane,"(1000, 2000]",2 to 10,4,2010-10-29,2.0,New York,Approach,Medium,Some Cloud,Unknown bird - medium,False,2000,False,2010,10,JOHN F KENNEDY INTL,40.639447,-73.779317,13.0,285.81600722845906,NY,KJFK_New_York,15.1,42.0,3.9,12.866666666666667,0.5,1018.3333333333334,1,High,2
Airplane,"(-1, 0]",2 to 10,7,2010-10-31,2.0,New York,Landing Roll,Small,Overcast,Unknown bird - small,False,0,True,2010,10,WHEELER-SACK ARMY AIRFIELD,44.055599,-75.719498,688.0,15.150881302803182,NY,KJFK_New_York,25.35,64.5,9.85,9.6,0.0,1010.75,1,High,2
Airplane,"(3000, 5000]",2 to 10,4,2010-11-01,2.0,New York,Approach,Small,No Cloud,American robin,True,5000,True,2010,11,JOHN F KENNEDY INTL,40.639447,-73.779317,13.0,285.81600722845906,NY,KJFK_New_York,0.6,38.5,7.8,12.0,0.0,1006.15,1,High,2
Airplane,"(10, 30]",2 to 10,8,2010-11-06,2.0,Colorado,Climb,Small,No Cloud,Unknown bird - small,False,25,True,2010,11,DENVER INTL AIRPORT,39.52920150756836,-104.65799713134766,6295.0,27.573111187238812,CO,KDEN_Denver,14.45,75.5,10.3,15.2,0.0,1006.95,1,High,2
Airplane,"(0, 10]",2 to 10,8,2010-11-10,2.0,New York,Approach,Small,Some Cloud,Horned lark,True,5,False,2010,11,LAGUARDIA NY,40.777199,-73.872597,21.0,268.82670826154464,NY,KJFK_New_York,10.05,80.0,13.15,14.35,8.2,1010.7,1,High,2
Airplane,"(100, 200]",2 to 10,6,2010-11-17,2.0,Colorado,Climb,Small,No Cloud,Unknown bird - small,False,200,True,2010,11,DENVER INTL AIRPORT,39.52920150756836,-104.65799713134766,6295.0,27.573111187238812,CO,KDEN_Denver,13.9,44.5,11.45,15.35,0.1,1016.7,1,High,2
Airplane,"(100, 200]",2 to 10,10,2010-12-25,2.0,Illinois,Approach,Large,Some Cloud,Canada goose,True,200,True,2010,12,CHICAGO MIDWAY INTL ARPT,41.785999,-87.752403,620.0,8.607490552607114,IL,KORD_Chicago,9.95,73.0,5.5,10.75,0.0,1014.5,1,High,2
Airplane,"(-1, 0]",2 to 10,8,2010-12-27,2.0,Colorado,Landing Roll,Small,Some Cloud,Horned lark,False,0,False,2010,12,YAMPA VALLEY,40.481201,-107.218002,6606.0,180.83264488239317,CO,KDEN_Denver,14.25,78.5,4.55,12.3,0.0,1016.45,1,High,2
Airplane,"(-1, 0]",2 to 10,9,2011-01-08,2.0,New York,Landing Roll,Small,Overcast,Horned lark,True,0,True,2011,1,JOHN F KENNEDY INTL,40.639447,-73.779317,13.0,285.81600722845906,NY,KJFK_New_York,12.1,81.0,4.6,13.5,0.0,1020.9,1,High,2
Airplane,"(-1, 0]",2 to 10,8,2011-01-10,2.0,Colorado,Landing Roll,Small,Some Cloud,Unknown bird - small,True,0,False,2011,1,DENVER INTL AIRPORT,39.52920150756836,-104.65799713134766,6295.0,27.573111187238812,CO,KDEN_Denver,14.8,66.0,18.25,14.25,0.0,1016.2,1,High,2
Airplane,"(30, 50]",2 to 10,9,2011-01-10,2.0,Colorado,Climb,Small,No Cloud,Horned lark,False,50,False,2011,1,DENVER INTL AIRPORT,39.52920150756836,-104.65799713134766,6295.0,27.573111187238812,CO,KDEN_Denver,14.8,66.0,18.25,14.25,0.0,1016.2,1,High,2
Airplane,"(50, 100]",2 to 10,3,2011-01-13,2.0,Colorado,Climb,Small,No Cloud,Horned lark,False,100,False,2011,1,DENVER INTL AIRPORT,39.52920150756836,-104.65799713134766,6295.0,27.573111187238812,CO,KDEN_Denver,2.25,60.0,6.2,11.3,0.0,1029.65,1,High,2
Airplane,"(30, 50]",2 to 10,6,2011-01-20,2.0,Colorado,Climb,Small,No Cloud,Unknown bird - small,True,50,True,2011,1,DENVER INTL AIRPORT,39.52920150756836,-104.65799713134766,6295.0,27.573111187238812,CO,KDEN_Denver,13.133333333333333,71.66666666666667,10.833333333333334,15.6,0.0,1011.9333333333334,1,High,2
Airplane,"(-1, 0]",2 to 10,5,2011-01-31,2.0,Illinois,Take-off run,Small,Overcast,European starling,False,0,False,2011,1,WAUKEGAN REGIONAL ARPT,42.422199249268,-87.867897033691,727.0,47.79741233555611,IL,KORD_Chicago,18.566666666666663,72.0,20.666666666666668,12.4,0.7,1016.5333333333334,1,High,2
Airplane,"(-1, 0]",2 to 10,9,2011-02-04,2.0,Colorado,Landing Roll,Small,No Cloud,Horned lark,False,0,True,2011,2,DENVER INTL AIRPORT,39.52920150756836,-104.65799713134766,6295.0,27.573111187238812,CO,KDEN_Denver,6.9,75.5,2.35,11.05,0.0,1009.9,1,High,2
Airplane,"(-1, 0]",2 to 10,2,2011-02-17,2.0,Colorado,Landing Roll,Small,No Cloud,Horned lark,False,0,True,2011,2,DENVER INTL AIRPORT,39.52920150756836,-104.65799713134766,6295.0,27.573111187238812,CO,KDEN_Denver,-5.25,71.0,16.2,11.6,0.0,1016.3,1,High,2
Airplane,"(-1, 0]",2 to 10,9,2011-02-26,2.0,New York,Take-off run,Small,Some Cloud,Black-capped chickadee,True,0,False,2011,2,ALBANY INTL,42.748299,-73.801697,285.0,94.50065050780267,NY,KJFK_New_York,9.2,68.0,7.25,12.4,0.4,1024.15,1,High,2
Airplane,"(200, 400]",2 to 10,3,2011-03-18,4.0,New York,Approach,Medium,No Cloud,Unknown bird - medium,True,400,False,2011,3,JOHN F KENNEDY INTL,40.639447,-73.779317,13.0,285.81600722845906,NY,KJFK_New_York,10.2,54.5,3.9,14.65,0.0,1012.05,1,Medium,1
Airplane,"(200, 400]",2 to 10,9,2011-04-10,2.0,Illinois,Climb,Medium,Some Cloud,Unknown bird - medium,True,400,True,2011,4,CHICAGO O'HARE INTL ARPT,41.9786,-87.9048,680.0,4.16460023622371,IL,KORD_Chicago,14.3,52.5,9.15,14.65,0.0,1015.05,1,High,2
Airplane,"(600, 1000]",2 to 10,3,2011-04-14,2.0,New York,Approach,Large,No Cloud,Turkey vulture,False,1000,False,2011,4,JOHN F KENNEDY INTL,40.639447,-73.779317,13.0,285.81600722845906,NY,KJFK_New_York,2.2,68.5,16.7,10.65,0.3,1020.6,1,High,2
Airplane,"(-1, 0]",2 to 10,10,2011-05-02,2.0,Illinois,Landing Roll,Small,Overcast,Sparrows,False,0,False,2011,5,UNIV OF ILLINOIS -WILLARD ARPT,40.039819,-88.276249,755.0,25.148499963897123,IL,KORD_Chicago,3.9,79.0,10.9,12.45,0.0,1010.95,1,High,2
Airplane,"(-1, 0]",2 to 10,10,2011-05-03,2.0,New York,Landing Roll,Small,Overcast,Barn swallow,True,0,False,2011,5,LAGUARDIA NY,40.777199,-73.872597,21.0,268.82670826154464,NY,KJFK_New_York,5.949999999999999,57.5,7.5,9.45,0.0,1015.1,1,High,2
Airplane,"(200, 400]",2 to 10,4,2011-05-03,2.0,New York,Approach,Small,Some Cloud,Least sandpiper,True,300,False,2011,5,JOHN F KENNEDY INTL,40.639447,-73.779317,13.0,285.81600722845906,NY,KJFK_New_York,5.949999999999999,57.5,7.5,9.45,0.0,1015.1,1,High,2
Airplane,"(1000, 2000]",2 to 10,5,2011-05-11,2.0,New York,Approach,Small,Some Cloud,Gray catbird,True,1500,False,2011,5,LAGUARDIA NY,40.777199,-73.872597,21.0,268.82670826154464,NY,KJFK_New_York,6.0,48.5,10.2,12.8,1.8,1010.45,1,Medium,1
Airplane,"(3000, 5000]",2 to 10,8,2011-05-22,2.0,New York,Approach,Small,Some Cloud,Semipalmated sandpiper,True,4000,False,2011,5,LAGUARDIA NY,40.777199,-73.872597,21.0,268.82670826154464,NY,KJFK_New_York,18.0,54.0,10.5,15.35,0.0,1018.1,1,Medium,1
Airplane,"(1000, 2000]",2 to 10,4,2011-05-24,2.0,New York,Approach,Small,Overcast,Unknown bird - small,False,2000,False,2011,5,LAGUARDIA NY,40.777199,-73.872597,21.0,268.82670826154464,NY,KJFK_New_York,3.0500000000000003,87.0,16.1,14.15,7.2,1012.9,1,High,2
Airplane,"(3000, 5000]",2 to 10,4,2011-05-26,2.0,New York,Climb,Small,No Cloud,Unknown bird - small,False,4500,True,2011,5,LAGUARDIA NY,40.777199,-73.872597,21.0,268.82670826154464,NY,KJFK_New_York,16.266666666666666,71.66666666666667,7.633333333333333,15.3,0.2,1012.4333333333334,1,Medium,1
Airplane,"(600, 1000]",2 to 10,8,2011-05-27,2.0,Colorado,Approach,Small,No Cloud,Unknown bird - small,True,700,False,2011,5,DENVER INTL AIRPORT,39.52920150756836,-104.65799713134766,6295.0,27.573111187238812,CO,KDEN_Denver,5.9,52.5,1.9,16.1,0.0,1013.3,1,Medium,1
Airplane,"(50, 100]",2 to 10,5,2011-05-29,2.0,New York,Climb,Large,No Cloud,Double-crested cormorant,True,100,False,2011,5,JOHN F KENNEDY INTL,40.639447,-73.779317,13.0,285.81600722845906,NY,KJFK_New_York,13.75,82.5,15.9,11.65,0.0,1011.45,1,High,2
Airplane,"(-1, 0]",2 to 10,5,2011-06-06,2.0,Colorado,Take-off run,Small,No Cloud,Mourning dove,False,0,False,2011,6,DENVER INTL AIRPORT,39.52920150756836,-104.65799713134766,6295.0,27.573111187238812,CO,KDEN_Denver,5.466666666666666,69.0,11.033333333333331,12.533333333333331,5.9,1014.8666666666668,1,High,2
Airplane,"(100, 200]",2 to 10,7,2011-06-22,2.0,Colorado,Approach,Small,No Cloud,Unknown bird - small,True,200,False,2011,6,DENVER INTL AIRPORT,39.52920150756836,-104.65799713134766,6295.0,27.573111187238812,CO,KDEN_Denver,-6.2,77.5,14.85,12.2,3.0,1010.25,1,High,2
Airplane,"(-1, 0]",2 to 10,8,2011-06-26,2.0,Colorado,Landing Roll,Small,No Cloud,Mourning dove,False,0,True,2011,6,DENVER INTL AIRPORT,39.52920150756836,-104.65799713134766,6295.0,27.573111187238812,CO,KDEN_Denver,12.9,83.5,15.55,14.95,0.0,1016.2,1,High,2
Airplane,"(-1, 0]",2 to 10,6,2011-07-10,2.0,Colorado,Take-off run,Small,No Cloud,Cliff swallow,False,0,True,2011,7,DENVER INTL AIRPORT,39.52920150756836,-104.65799713134766,6295.0,27.573111187238812,CO,KDEN_Denver,10.25,56.0,17.05,13.75,0.0,1015.6,1,High,2
Airplane,"(200, 400]",2 to 10,9,2011-07-12,2.0,Colorado,Approach,Small,Some Cloud,Unknown bird - small,False,300,False,2011,7,CENTENNIAL ARPT,39.57009888,-104.848999,5885.0,22.177781438130427,CO,KDEN_Denver,12.45,55.0,7.25,14.3,0.0,1010.55,1,High,2
Airplane,"(-1, 0]",2 to 10,5,2011-07-18,2.0,Illinois,Take-off run,Small,No Cloud,Unknown bird - small,True,0,False,2011,7,QUAD CITY ARPT,39.6431007385,-89.14450073239999,630.0,33.991848342153304,IL,KORD_Chicago,13.6,53.5,15.7,11.6,1.6,1015.25,1,High,2
Airplane,"(-1, 0]",2 to 10,4,2011-07-22,2.0,Illinois,Landing Roll,Small,Some Cloud,European starling,False,0,True,2011,7,CHICAGO O'HARE INTL ARPT,41.9786,-87.9048,680.0,4.16460023622371,IL,KORD_Chicago,10.6,79.5,4.0,15.5,0.0,1014.9,1,High,2
Airplane,"(50, 100]",2 to 10,4,2011-07-23,2.0,Illinois,Approach,Small,No Cloud,Sparrows,True,100,True,2011,7,CHICAGO O'HARE INTL ARPT,41.9786,-87.9048,680.0,4.16460023622371,IL,KORD_Chicago,14.1,72.0,2.25,12.0,0.2,1012.3,1,High,2
Airplane,"(0, 10]",2 to 10,8,2011-07-24,1.0,Colorado,Approach,Medium,Some Cloud,Prairie falcon,True,10,False,2011,7,CENTENNIAL ARPT,39.57009888,-104.848999,5885.0,22.177781438130427,CO,KDEN_Denver,11.25,69.5,16.6,11.05,0.0,1011.4,1,High,2
Airplane,"(-1, 0]",2 to 10,3,2011-07-29,4.0,New York,Landing Roll,Small,Some Cloud,European starling,True,0,False,2011,7,JOHN F KENNEDY INTL,40.639447,-73.779317,13.0,285.81600722845906,NY,KJFK_New_York,-3.1,91.0,5.4,10.75,0.0,1007.65,1,High,2
Airplane,"(30, 50]",2 to 10,7,2011-07-31,2.0,Colorado,Climb,Small,No Cloud,Horned lark,False,50,False,2011,7,DENVER INTL AIRPORT,39.52920150756836,-104.65799713134766,6295.0,27.573111187238812,CO,KDEN_Denver,-0.3666666666666665,67.66666666666667,5.066666666666666,12.466666666666669,2.1,1014.7666666666668,1,High,2
Airplane,"(-1, 0]",2 to 10,10,2011-07-31,2.0,New York,Take-off run,Small,Some Cloud,Semipalmated sandpiper,True,0,True,2011,7,LAGUARDIA NY,40.777199,-73.872597,21.0,268.82670826154464,NY,KJFK_New_York,4.066666666666666,61.66666666666666,10.2,12.033333333333331,4.4,1009.2,1,High,2
Airplane,"(100, 200]",2 to 10,4,2011-08-05,2.0,Illinois,Approach,Small,No Cloud,Rock pigeon,False,150,True,2011,8,CHICAGO MIDWAY INTL ARPT,41.785999,-87.752403,620.0,8.607490552607114,IL,KORD_Chicago,13.25,80.5,5.05,16.1,0.0,1013.0,1,High,2
Airplane,"(-1, 0]",2 to 10,10,2011-08-07,2.0,Illinois,Take-off run,Small,Some Cloud,European starling,True,0,False,2011,8,QUAD CITY ARPT,39.6431007385,-89.14450073239999,630.0,33.991848342153304,IL,KORD_Chicago,9.5,44.0,6.25,9.65,0.0,1014.85,1,High,2
Airplane,"(-1, 0]",2 to 10,9,2011-08-11,2.0,Illinois,Take-off run,Small,Some Cloud,Unknown bird - small,True,0,False,2011,8,QUAD CITY ARPT,39.6431007385,-89.14450073239999,630.0,33.991848342153304,IL,KORD_Chicago,18.1,54.333333333333336,10.9,10.666666666666666,0.0,1015.9666666666668,1,High,2
Airplane,"(-1, 0]",2 to 10,8,2011-08-13,2.0,New York,Take-off run,Small,Some Cloud,Unknown bird - small,True,0,False,2011,8,BUFFALO-NIAGARA INTL,42.940498,-78.732201,728.0,16.688896633415297,NY,KJFK_New_York,2.3,61.0,4.1,16.1,0.0,1020.85,1,High,2
Airplane,"(30, 50]",2 to 10,2,2011-08-13,2.0,Illinois,Climb,Small,Some Cloud,Swallows,True,50,False,2011,8,QUAD CITY ARPT,39.6431007385,-89.14450073239999,630.0,33.991848342153304,IL,KORD_Chicago,27.3,59.5,12.8,9.5,0.0,1015.2,1,High,2
Airplane,"(30, 50]",2 to 10,3,2011-08-13,2.0,Illinois,Approach,Medium,Overcast,Ducks,False,50,True,2011,8,GREATER ROCKFORD,42.1954,-89.097198,742.0,37.23938268045538,IL,KORD_Chicago,27.3,59.5,12.8,9.5,0.0,1015.2,1,High,2
Airplane,"(100, 200]",2 to 10,2,2011-08-17,2.0,New York,Approach,Small,Some Cloud,Least sandpiper,False,200,False,2011,8,LAGUARDIA NY,40.777199,-73.872597,21.0,268.82670826154464,NY,KJFK_New_York,10.3,80.33333333333333,9.3,14.800000000000002,4.0,1020.0333333333332,1,High,2
Airplane,"(-1, 0]",2 to 10,8,2011-08-20,2.0,Illinois,Landing Roll,Small,Some Cloud,Barn swallow,False,0,True,2011,8,GREATER ROCKFORD,42.1954,-89.097198,742.0,37.23938268045538,IL,KORD_Chicago,3.65,59.5,4.95,13.25,0.0,1012.05,1,High,2
Airplane,"(-1, 0]",2 to 10,2,2011-08-22,2.0,New York,Take-off run,Small,Some Cloud,European starling,True,0,False,2011,8,JOHN F KENNEDY INTL,40.639447,-73.779317,13.0,285.81600722845906,NY,KJFK_New_York,5.7,46.66666666666666,6.333333333333333,13.066666666666668,1.5,1016.6666666666666,1,High,2
Airplane,"(5000, 18000]",2 to 10,8,2011-08-25,2.0,Colorado,Approach,Medium,Overcast,Unknown bird - medium,False,6700,True,2011,8,DENVER INTL AIRPORT,39.52920150756836,-104.65799713134766,6295.0,27.573111187238812,CO,KDEN_Denver,21.6,67.0,7.05,12.35,0.2,1022.95,1,High,2
Airplane,"(30, 50]",2 to 10,10,2011-08-26,2.0,New York,Climb,Small,Some Cloud,European starling,True,50,False,2011,8,JOHN F KENNEDY INTL,40.639447,-73.779317,13.0,285.81600722845906,NY,KJFK_New_York,0.4000000000000003,54.5,6.9,9.7,0.0,1019.85,1,High,2
Airplane,"(2000, 3000]",2 to 10,9,2011-09-08,2.0,New York,Approach,Small,Some Cloud,Red-eyed vireo,True,3000,False,2011,9,WESTCHESTER COUNTY ARPT,41.06700134277344,-73.70760345458984,439.0,243.3503200617849,NY,KJFK_New_York,14.866666666666667,52.66666666666666,10.933333333333332,12.5,0.0,1008.0,1,High,2
Airplane,"(200, 400]",2 to 10,10,2011-09-09,2.0,New York,Approach,Large,Overcast,Canada goose,True,300,True,2011,9,ALBANY INTL,42.748299,-73.801697,285.0,94.50065050780267,NY,KJFK_New_York,2.8999999999999995,69.5,9.0,13.85,3.1,1014.05,1,High,2
Airplane,"(5000, 18000]",2 to 10,6,2011-09-10,2.0,New York,Approach,Small,Overcast,Unknown bird - small,False,6000,False,2011,9,JOHN F KENNEDY INTL,40.639447,-73.779317,13.0,285.81600722845906,NY,KJFK_New_York,4.7,76.5,11.1,15.85,5.8,1015.5,1,Medium,1
Airplane,"(10, 30]",2 to 10,3,2011-09-14,2.0,Illinois,Climb,Small,Some Cloud,American golden-plover,True,20,True,2011,9,CHICAGO O'HARE INTL ARPT,41.9786,-87.9048,680.0,4.16460023622371,IL,KORD_Chicago,6.2,57.0,12.5,15.5,0.0,1017.5,1,High,2
Airplane,"(600, 1000]",2 to 10,2,2011-09-15,2.0,New York,Approach,Small,Some Cloud,Unknown bird - small,True,1000,False,2011,9,LAGUARDIA NY,40.777199,-73.872597,21.0,268.82670826154464,NY,KJFK_New_York,16.200000000000003,59.0,10.6,16.1,1.7,1014.5,1,Medium,1
Airplane,"(600, 1000]",2 to 10,2,2011-09-18,2.0,Colorado,Approach,Large,No Cloud,Unknown bird - large,True,1000,False,2011,9,DENVER INTL AIRPORT,39.52920150756836,-104.65799713134766,6295.0,27.573111187238812,CO,KDEN_Denver,17.799999999999997,49.0,15.7,14.45,0.0,1016.9,1,High,2
Airplane,"(-1, 0]",2 to 10,5,2011-09-19,2.0,Colorado,Landing Roll,Small,No Cloud,Horned lark,False,0,True,2011,9,DENVER INTL AIRPORT,39.52920150756836,-104.65799713134766,6295.0,27.573111187238812,CO,KDEN_Denver,6.533333333333334,65.66666666666667,15.6,15.0,0.4,1013.4,1,High,2
Airplane,"(100, 200]",2 to 10,2,2011-09-23,2.0,Illinois,Approach,Small,Some Cloud,Rock pigeon,True,150,True,2011,9,CHICAGO MIDWAY INTL ARPT,41.785999,-87.752403,620.0,8.607490552607114,IL,KORD_Chicago,9.3,69.0,20.4,11.3,0.0,1010.35,1,High,2
Airplane,"(10, 30]",2 to 10,2,2011-09-27,2.0,Colorado,Approach,Small,No Cloud,Unknown bird - small,False,15,False,2011,9,COLORADO SPRINGS MUNICIPAL,38.805801,-104.700996,6187.0,38.3672452711314,CO,KDEN_Denver,5.1,43.0,12.4,16.1,0.0,1009.25,1,High,2
Airplane,"(-1, 0]",2 to 10,6,2011-10-05,2.0,Illinois,Landing Roll,Small,No Cloud,American golden-plover,True,0,True,2011,10,CHICAGO O'HARE INTL ARPT,41.9786,-87.9048,680.0,4.16460023622371,IL,KORD_Chicago,4.633333333333334,70.66666666666667,7.2,16.1,0.3,1018.9,1,High,2
Airplane,"(1000, 2000]",2 to 10,10,2011-10-19,2.0,Illinois,Approach,Small,Overcast,Unknown bird - small,False,1800,True,2011,10,GREATER ROCKFORD,42.1954,-89.097198,742.0,37.23938268045538,IL,KORD_Chicago,15.85,63.0,4.85,12.25,5.4,1013.45,1,High,2
Airplane,"(50, 100]",2 to 10,5,2011-10-21,2.0,New York,Approach,Medium,Some Cloud,Ring-billed gull,True,100,False,2011,10,BUFFALO-NIAGARA INTL,42.940498,-78.732201,728.0,16.688896633415297,NY,KJFK_New_York,3.85,55.5,8.6,12.65,0.0,1003.85,1,High,2
Airplane,"(400, 600]",2 to 10,2,2011-10-26,2.0,New York,Approach,Small,Some Cloud,Northern flicker,True,500,False,2011,10,LAGUARDIA NY,40.777199,-73.872597,21.0,268.82670826154464,NY,KJFK_New_York,14.45,79.0,6.05,14.95,0.0,1013.25,1,Low,0
Airplane,"(30, 50]",2 to 10,2,2011-10-27,2.0,Colorado,Approach,Small,No Cloud,Sparrows,True,50,True,2011,10,DENVER INTL AIRPORT,39.52920150756836,-104.65799713134766,6295.0,27.573111187238812,CO,KDEN_Denver,15.6,70.33333333333333,7.933333333333334,12.7,6.2,1020.4666666666668,1,High,2
Airplane,"(200, 400]",2 to 10,2,2011-11-04,2.0,New York,Approach,Small,Some Cloud,Red-winged blackbird,True,400,False,2011,11,LAGUARDIA NY,40.777199,-73.872597,21.0,268.82670826154464,NY,KJFK_New_York,15.6,50.0,9.75,9.9,6.0,1006.7,1,High,2
Airplane,"(50, 100]",2 to 10,10,2011-11-12,2.0,Illinois,Approach,Medium,No Cloud,Unknown bird - medium,False,100,True,2011,11,CHICAGO MIDWAY INTL ARPT,41.785999,-87.752403,620.0,8.607490552607114,IL,KORD_Chicago,8.2,51.0,8.65,8.25,0.5,1014.85,1,High,2
Airplane,"(-1, 0]",2 to 10,7,2011-11-12,2.0,Illinois,Take-off run,Small,No Cloud,Rock pigeon,True,0,False,2011,11,CHICAGO O'HARE INTL ARPT,41.9786,-87.9048,680.0,4.16460023622371,IL,KORD_Chicago,8.2,51.0,8.65,8.25,0.5,1014.85,1,High,2
Airplane,"(600, 1000]",2 to 10,6,2011-11-24,2.0,New York,Approach,Medium,No Cloud,Horned grebe,True,1000,False,2011,11,LAGUARDIA NY,40.777199,-73.872597,21.0,268.82670826154464,NY,KJFK_New_York,7.766666666666667,64.0,10.433333333333334,11.233333333333334,1.7,1020.2666666666668,1,High,2
Airplane,"(400, 600]",2 to 10,2,2011-11-30,2.0,Illinois,Climb,Small,Some Cloud,Unknown bird - small,True,500,False,2011,11,CHICAGO O'HARE INTL ARPT,41.9786,-87.9048,680.0,4.16460023622371,IL,KORD_Chicago,-2.9,51.5,18.85,10.15,0.0,1015.3,1,High,2
Airplane,"(-1, 0]",2 to 10,9,2011-12-01,2.0,New York,Landing Roll,Small,No Cloud,Horned lark,True,0,False,2011,12,JOHN F KENNEDY INTL,40.639447,-73.779317,13.0,285.81600722845906,NY,KJFK_New_York,21.85,74.5,6.550000000000001,15.35,0.0,1018.5,1,High,2
Airplane,"(50, 100]",2 to 10,5,2011-12-08,2.0,New York,Approach,Medium,Overcast,Ring-billed gull,True,100,True,2011,12,ALBANY INTL,42.748299,-73.801697,285.0,94.50065050780267,NY,KJFK_New_York,11.8,58.5,4.15,12.2,0.7,1010.4,1,High,2
Airplane,"(-1, 0]",2 to 10,7,2011-12-17,2.0,New York,Take-off run,Small,Some Cloud,Unknown bird - small,True,0,False,2011,12,JOHN F KENNEDY INTL,40.639447,-73.779317,13.0,285.81600722845906,NY,KJFK_New_York,10.5,65.0,3.35,11.15,0.0,1011.25,1,High,2
Airplane,"(-1, 0]",2 to 10,5,2011-12-20,2.0,Colorado,Take-off run,Small,No Cloud,Sparrows,False,0,False,2011,12,COLORADO SPRINGS MUNICIPAL,38.805801,-104.700996,6187.0,38.3672452711314,CO,KDEN_Denver,19.25,45.5,3.65,14.7,0.0,1019.9,1,High,2
Airplane,"(100, 200]",2 to 10,7,2011-12-30,2.0,Colorado,Approach,Medium,No Cloud,Unknown bird - medium,True,200,True,2011,12,DENVER INTL AIRPORT,39.52920150756836,-104.65799713134766,6295.0,27.573111187238812,CO,KDEN_Denver,15.4,33.5,10.2,12.6,0.0,1014.25,1,High,2
Airplane,"(-1, 0]",11 to 100,15,2000-03-05,2.0,Illinois,Take-off run,Medium,No Cloud,Unknown bird - medium,True,0,False,2000,3,CHICAGO MIDWAY INTL ARPT,41.785999,-87.752403,620.0,8.607490552607114,IL,KORD_Chicago,4.1,82.5,8.9,16.1,0.1,1017.9,1,High,2
Airplane,"(0, 10]",11 to 100,96,2000-11-07,2.0,New York,Climb,Medium,Some Cloud,Unknown bird - medium,True,5,False,2000,11,WESTCHESTER COUNTY ARPT,41.06700134277344,-73.70760345458984,439.0,243.3503200617849,NY,KJFK_New_York,21.95,62.5,6.4,11.95,0.0,1009.35,1,High,2
Airplane,"(-1, 0]",11 to 100,11,2001-07-11,2.0,Colorado,Take-off run,Small,No Cloud,Unknown bird - small,False,0,True,2001,7,DENVER INTL AIRPORT,39.52920150756836,-104.65799713134766,6295.0,27.573111187238812,CO,KDEN_Denver,23.0,77.5,17.0,12.65,0.0,1010.85,1,High,2
Airplane,"(10, 30]",11 to 100,88,2001-08-15,1.0,Illinois,Approach,Small,Overcast,European starling,True,30,False,2001,8,CHICAGO MIDWAY INTL ARPT,41.785999,-87.752403,620.0,8.607490552607114,IL,KORD_Chicago,4.8500000000000005,80.5,3.45,14.1,0.6,1012.5,1,High,2
Airplane,"(-1, 0]",11 to 100,75,2001-08-19,2.0,New York,Take-off run,Small,No Cloud,Brown-headed cowbird,True,0,False,2001,8,JOHN F KENNEDY INTL,40.639447,-73.779317,13.0,285.81600722845906,NY,KJFK_New_York,16.1,67.5,3.65,16.1,1.3,1010.25,1,High,2
Airplane,"(50, 100]",11 to 100,73,2001-10-29,2.0,New York,Approach,Large,No Cloud,Canada goose,False,100,True,2001,10,BUFFALO-NIAGARA INTL,42.940498,-78.732201,728.0,16.688896633415297,NY,KJFK_New_York,17.65,57.0,21.55,16.05,0.0,1011.75,1,High,2
Airplane,"(50, 100]",11 to 100,96,2002-08-02,2.0,New York,Approach,Medium,Some Cloud,Herring gull,False,75,False,2002,8,LAGUARDIA NY,40.777199,-73.872597,21.0,268.82670826154464,NY,KJFK_New_York,15.55,68.0,13.8,14.3,7.7,1014.95,1,High,2
Airplane,"(400, 600]",11 to 100,33,2003-11-12,2.0,Illinois,Climb,Small,No Cloud,Unknown bird - small,False,500,False,2003,11,ST LOUIS DOWNTOWN,38.570701599100005,-90.1561965942,413.0,106.7209972741952,IL,KORD_Chicago,20.6,73.5,4.3,14.45,0.0,1008.7,1,Medium,1
Airplane,"(-1, 0]",11 to 100,49,2003-12-13,2.0,New York,Take-off run,Small,No Cloud,Snow bunting,True,0,False,2003,12,JOHN F KENNEDY INTL,40.639447,-73.779317,13.0,285.81600722845906,NY,KJFK_New_York,7.9,82.5,7.5,14.75,0.0,1012.75,1,High,2
Airplane,"(-1, 0]",11 to 100,71,2004-09-28,2.0,New York,Take-off run,Small,Overcast,Laughing gull,False,0,False,2004,9,LAGUARDIA NY,40.777199,-73.872597,21.0,268.82670826154464,NY,KJFK_New_York,10.1,65.66666666666667,8.7,15.4,0.0,1011.5,1,High,2
Airplane,"(-1, 0]",11 to 100,99,2005-03-06,2.0,New York,Take-off run,Small,Some Cloud,Snow bunting,True,0,True,2005,3,JOHN F KENNEDY INTL,40.639447,-73.779317,13.0,285.81600722845906,NY,KJFK_New_York,16.6,73.0,11.15,12.2,0.2,1011.55,1,High,2
Airplane,"(5000, 18000]",11 to 100,59,2005-05-12,2.0,Illinois,Approach,Medium,Overcast,Unknown bird - medium,True,6000,False,2005,5,CHICAGO O'HARE INTL ARPT,41.9786,-87.9048,680.0,4.16460023622371,IL,KORD_Chicago,17.733333333333334,57.333333333333336,3.7000000000000006,13.133333333333333,0.5,1012.3333333333334,1,High,2
Airplane,"(10, 30]",11 to 100,70,2005-11-11,2.0,Illinois,Climb,Small,No Cloud,Rock pigeon,True,25,False,2005,11,QUAD CITY ARPT,39.6431007385,-89.14450073239999,630.0,33.991848342153304,IL,KORD_Chicago,9.6,95.5,19.7,14.95,0.5,1002.4,1,High,2
Airplane,"(100, 200]",11 to 100,70,2006-02-02,2.0,Illinois,Approach,Small,Overcast,European starling,True,150,False,2006,2,ABRAHAM LINCOLN CAPITAL ARPT,39.844101,-89.677902,598.0,24.88369746449472,IL,KORD_Chicago,8.75,71.0,8.1,11.65,1.8,1013.2,1,High,2
Airplane,"(-1, 0]",11 to 100,70,2006-09-13,2.0,New York,Take-off run,Medium,Some Cloud,Ring-billed gull,True,0,False,2006,9,GREATER ROCHESTER INTL,43.1189,-77.672401,559.0,27.86996070509405,NY,KJFK_New_York,12.5,78.0,9.033333333333331,9.233333333333333,0.0,1008.3333333333334,1,High,2
Airplane,"(0, 10]",11 to 100,43,2006-10-27,2.0,Illinois,Approach,Small,Some Cloud,Mourning dove,True,5,False,2006,10,QUAD CITY ARPT,39.6431007385,-89.14450073239999,630.0,33.991848342153304,IL,KORD_Chicago,7.133333333333333,53.0,8.533333333333333,13.833333333333334,0.0,1012.5666666666666,1,High,2
Airplane,"(100, 200]",11 to 100,54,2007-04-21,2.0,Illinois,Approach,Small,No Cloud,Unknown bird - small,True,200,False,2007,4,CHICAGO O'HARE INTL ARPT,41.9786,-87.9048,680.0,4.16460023622371,IL,KORD_Chicago,16.333333333333332,49.333333333333336,10.9,15.433333333333335,3.9,1011.3,1,High,2
Airplane,"(-1, 0]",11 to 100,57,2008-07-20,2.0,New York,Take-off run,Small,Some Cloud,European starling,False,0,True,2008,7,LONG ISLAND MAC ARTHUR,40.796324,-73.101703,99.0,292.8807816425768,NY,KJFK_New_York,5.800000000000001,90.0,18.4,13.95,0.0,1013.7,1,High,2
Airplane,"(-1, 0]",11 to 100,39,2008-07-26,2.0,New York,Landing Roll,Small,No Cloud,European starling,False,0,True,2008,7,LONG ISLAND MAC ARTHUR,40.796324,-73.101703,99.0,292.8807816425768,NY,KJFK_New_York,9.933333333333334,61.66666666666666,9.9,11.6,0.0,1008.7666666666668,1,High,2
Airplane,"(-1, 0]",11 to 100,80,2008-08-19,2.0,Illinois,Landing Roll,Small,No Cloud,European starling,True,0,False,2008,8,CHICAGO O'HARE INTL ARPT,41.9786,-87.9048,680.0,4.16460023622371,IL,KORD_Chicago,11.8,40.5,4.800000000000001,14.8,1.7,1019.75,1,High,2
Airplane,"(-1, 0]",11 to 100,88,2008-12-02,4.0,New York,Take-off run,Small,No Cloud,European starling,True,0,False,2008,12,JOHN F KENNEDY INTL,40.639447,-73.779317,13.0,285.81600722845906,NY,KJFK_New_York,8.85,71.5,13.15,12.6,0.0,1017.35,1,High,2
Airplane,"(-1, 0]",11 to 100,19,2009-08-07,2.0,New York,Take-off run,Small,No Cloud,Rock pigeon,True,0,False,2009,8,JOHN F KENNEDY INTL,40.639447,-73.779317,13.0,285.81600722845906,NY,KJFK_New_York,15.6,67.5,15.6,12.5,0.0,1013.85,1,High,2
Airplane,"(30, 50]",11 to 100,89,2009-08-09,2.0,Illinois,Climb,Small,No Cloud,Unknown bird - small,False,50,False,2009,8,UNIV OF ILLINOIS -WILLARD ARPT,40.039819,-88.276249,755.0,25.148499963897123,IL,KORD_Chicago,9.8,57.0,9.6,10.25,0.0,1012.1,1,High,2
Airplane,"(10, 30]",11 to 100,52,2010-08-21,2.0,New York,Approach,Small,Some Cloud,European starling,True,30,False,2010,8,LAGUARDIA NY,40.777199,-73.872597,21.0,268.82670826154464,NY,KJFK_New_York,15.3,58.5,9.4,13.4,0.6,1013.85,1,High,2
Airplane,"(-1, 0]",11 to 100,89,2010-11-09,2.0,New York,Landing Roll,Small,Overcast,Unknown bird - small,False,0,True,2010,11,ALBANY INTL,42.748299,-73.801697,285.0,94.50065050780267,NY,KJFK_New_York,15.266666666666667,73.66666666666667,10.366666666666667,11.833333333333334,0.0,1010.3333333333334,1,High,2
Airplane,"(-1, 0]",11 to 100,77,2010-12-03,2.0,Illinois,Take-off run,Small,Some Cloud,Rock pigeon,False,0,False,2010,12,GREATER ROCKFORD,42.1954,-89.097198,742.0,37.23938268045538,IL,KORD_Chicago,-2.0500000000000007,59.0,8.8,14.0,0.9,1013.05,1,High,2
Airplane,"(0, 10]",11 to 100,16,2011-06-05,2.0,New York,Approach,Medium,Some Cloud,Ring-billed gull,False,10,False,2011,6,BUFFALO-NIAGARA INTL,42.940498,-78.732201,728.0,16.688896633415297,NY,KJFK_New_York,14.1,67.5,11.0,13.0,0.0,1017.45,1,High,2
Airplane,"(-1, 0]",11 to 100,23,2011-07-25,2.0,New York,Landing Roll,Small,Some Cloud,Barn swallow,True,0,True,2011,7,JOHN F KENNEDY INTL,40.639447,-73.779317,13.0,285.81600722845906,NY,KJFK_New_York,14.9,71.0,7.1,15.8,0.0,1009.65,1,High,2
Airplane,"(-1, 0]",11 to 100,64,2011-07-30,2.0,Illinois,Landing Roll,Medium,No Cloud,Unknown bird - medium,False,0,True,2011,7,CHICAGO MIDWAY INTL ARPT,41.785999,-87.752403,620.0,8.607490552607114,IL,KORD_Chicago,8.95,43.5,9.95,16.1,0.0,1014.7,1,High,2
Airplane,"(10, 30]",11 to 100,68,2011-08-10,2.0,New York,Climb,Small,Some Cloud,European starling,True,30,False,2011,8,BUFFALO-NIAGARA INTL,42.940498,-78.732201,728.0,16.688896633415297,NY,KJFK_New_York,-0.4499999999999999,57.5,12.6,12.45,0.0,1008.45,1,High,2
Airplane,"(10, 30]",11 to 100,97,2011-08-15,2.0,Illinois,Climb,Small,No Cloud,European starling,False,30,False,2011,8,DUPAGE AIRPORT,41.90779877,-88.24859619,759.0,32.15621751349237,IL,KORD_Chicago,9.05,72.0,3.75,16.1,0.0,1016.2,1,High,2
Airplane,"(-1, 0]",11 to 100,25,2011-11-29,2.0,New York,Take-off run,Small,Overcast,Snow bunting,True,0,True,2011,11,JOHN F KENNEDY INTL,40.639447,-73.779317,13.0,285.81600722845906,NY,KJFK_New_York,11.7,48.66666666666666,6.2,12.233333333333334,0.0,1012.1666666666666,1,High,2
Airplane,"(-1, 0]",11 to 100,54,2011-12-05,2.0,New York,Take-off run,Small,Overcast,Snow bunting,False,0,True,2011,12,JOHN F KENNEDY INTL,40.639447,-73.779317,13.0,285.81600722845906,NY,KJFK_New_York,21.066666666666663,45.0,9.333333333333334,12.066666666666668,0.0,1016.4,1,High,2
Airplane,"(50, 100]",1,1,2000-01-07,3.0,New York,Climb,Small,Overcast,Mourning dove,False,100,False,2000,1,SYRACUSE HANCOCK INTL,43.11119842529297,-76.1063003540039,421.0,30.07276586498391,NY,KJFK_New_York,0.6000000000000001,44.0,13.45,9.5,0.0,1014.45,1,Medium,1
Airplane,"(0, 10]",1,1,2000-02-19,2.0,Illinois,Climb,Medium,Overcast,Red-tailed hawk,False,10,True,2000,2,CHICAGO MIDWAY INTL ARPT,41.785999,-87.752403,620.0,8.607490552607114,IL,KORD_Chicago,15.366666666666667,50.333333333333336,12.7,14.133333333333336,0.0,1013.3666666666668,1,High,2
Airplane,"(3000, 5000]",1,1,2000-03-14,2.0,New York,Approach,Medium,Overcast,Unknown bird - medium,False,4000,False,2000,3,LAGUARDIA NY,40.777199,-73.872597,21.0,268.82670826154464,NY,KJFK_New_York,11.1,78.0,1.55,14.15,3.5,1008.15,1,Low,0
Airplane,"(1000, 2000]",1,1,2000-03-14,2.0,New York,Approach,Medium,Some Cloud,Unknown bird - medium,False,2000,False,2000,3,LAGUARDIA NY,40.777199,-73.872597,21.0,268.82670826154464,NY,KJFK_New_York,11.1,78.0,1.55,14.15,3.5,1008.15,1,Low,0
Airplane,"(0, 10]",1,1,2000-03-23,2.0,Illinois,Approach,Small,Overcast,Meadowlarks,False,5,False,2000,3,GREATER ROCKFORD,42.1954,-89.097198,742.0,37.23938268045538,IL,KORD_Chicago,5.766666666666667,75.66666666666667,20.83333333333333,11.233333333333334,0.6,1011.7333333333332,1,Medium,1
Airplane,"(200, 400]",1,1,2000-03-30,2.0,New York,Approach,Medium,Overcast,Unknown bird - medium,False,300,False,2000,3,TOMPKINS COUNTY ARPT,42.998199,-74.329597,881.0,44.71627154992871,NY,KJFK_New_York,9.55,70.5,14.9,12.25,0.0,1002.65,1,High,2
Airplane,"(-1, 0]",1,1,2000-04-08,2.0,Illinois,Take-off run,Medium,No Cloud,Unknown bird - medium,True,0,False,2000,4,CHICAGO O'HARE INTL ARPT,41.9786,-87.9048,680.0,4.16460023622371,IL,KORD_Chicago,18.35,80.5,7.3,14.1,0.0,1014.7,1,Medium,1
Airplane,"(200, 400]",1,1,2000-04-15,2.0,New York,Approach,Medium,No Cloud,Red-tailed hawk,False,300,False,2000,4,BUFFALO-NIAGARA INTL,42.940498,-78.732201,728.0,16.688896633415297,NY,KJFK_New_York,9.45,67.5,7.95,11.25,0.0,1010.35,1,High,2
Airplane,"(-1, 0]",1,1,2000-04-22,2.0,New York,Landing Roll,Large,Overcast,Canada goose,False,0,False,2000,4,GREATER ROCHESTER INTL,43.1189,-77.672401,559.0,27.86996070509405,NY,KJFK_New_York,8.0,93.0,8.0,16.1,1.3,1017.7,1,High,2
Airplane,"(30, 50]",1,1,2000-04-22,2.0,New York,Climb,Small,Overcast,Unknown bird - small,False,50,True,2000,4,LONG ISLAND MAC ARTHUR,40.796324,-73.101703,99.0,292.8807816425768,NY,KJFK_New_York,8.0,93.0,8.0,16.1,1.3,1017.7,1,Low,0
Airplane,"(3000, 5000]",1,1,2000-04-27,2.0,Colorado,Approach,Medium,No Cloud,Ruddy duck,False,5000,False,2000,4,COLORADO SPRINGS MUNICIPAL,38.805801,-104.700996,6187.0,38.3672452711314,CO,KDEN_Denver,18.25,73.5,3.4,11.5,0.1,1015.0,1,Low,0
Airplane,"(5000, 18000]",1,1,2000-05-04,2.0,Illinois,Climb,Medium,No Cloud,Unknown bird - medium,False,7000,False,2000,5,CHICAGO O'HARE INTL ARPT,41.9786,-87.9048,680.0,4.16460023622371,IL,KORD_Chicago,14.75,82.0,11.45,12.7,0.0,1016.6,1,Medium,1
Airplane,"(200, 400]",1,1,2000-05-12,2.0,Illinois,Climb,Small,Overcast,Unknown bird - small,True,400,False,2000,5,QUAD CITY ARPT,39.6431007385,-89.14450073239999,630.0,33.991848342153304,IL,KORD_Chicago,-1.5333333333333332,55.0,13.766666666666666,16.0,0.0,1015.6333333333332,1,Low,0
Airplane,"(600, 1000]",1,1,2000-05-12,2.0,New York,Approach,Medium,Some Cloud,Unknown bird - medium,False,1000,True,2000,5,BUFFALO-NIAGARA INTL,42.940498,-78.732201,728.0,16.688896633415297,NY,KJFK_New_York,10.166666666666666,58.0,7.7,13.566666666666668,2.5,1015.8333333333334,1,Medium,1
Airplane,"(0, 10]",1,1,2000-05-14,3.0,Colorado,Approach,Small,No Cloud,Unknown bird - small,False,10,False,2000,5,DENVER INTL AIRPORT,39.52920150756836,-104.65799713134766,6295.0,27.573111187238812,CO,KDEN_Denver,9.65,54.5,3.35,14.65,0.0,1016.15,1,Low,0
Airplane,"(50, 100]",1,1,2000-05-14,2.0,New York,Approach,Small,No Cloud,Unknown bird - small,False,100,False,2000,5,WESTCHESTER COUNTY ARPT,41.06700134277344,-73.70760345458984,439.0,243.3503200617849,NY,KJFK_New_York,18.05,86.0,15.65,14.5,0.0,1010.9,1,Low,0
Airplane,"(30, 50]",1,1,2000-05-16,2.0,New York,Approach,Medium,No Cloud,Unknown bird - medium,False,50,False,2000,5,LAGUARDIA NY,40.777199,-73.872597,21.0,268.82670826154464,NY,KJFK_New_York,17.6,61.0,10.9,10.25,1.2,1007.55,1,Medium,1
Airplane,"(30, 50]",1,1,2000-05-18,2.0,New York,Approach,Medium,Overcast,Unknown bird - medium,False,50,False,2000,5,SYRACUSE HANCOCK INTL,43.11119842529297,-76.1063003540039,421.0,30.07276586498391,NY,KJFK_New_York,18.8,81.0,17.75,11.9,0.0,1010.55,1,High,2
Airplane,"(-1, 0]",1,1,2000-05-19,2.0,New York,Taxi,Large,Overcast,Canada goose,True,0,True,2000,5,BUFFALO-NIAGARA INTL,42.940498,-78.732201,728.0,16.688896633415297,NY,KJFK_New_York,12.5,63.5,6.699999999999999,16.1,0.7,1009.4,1,Medium,1
Airplane,"(30, 50]",1,1,2000-05-21,2.0,New York,Approach,Small,Overcast,Unknown bird - small,False,50,False,2000,5,STEWART INTL AIRPORT,41.85419845581055,-89.08760070800781,770.0,772.6270946133457,NY,KJFK_New_York,13.75,72.5,8.9,9.85,0.0,1009.25,1,Low,0
Airplane,"(600, 1000]",1,1,2000-06-03,2.0,Illinois,Climb,Small,No Cloud,Unknown bird - small,False,800,False,2000,6,QUAD CITY ARPT,39.6431007385,-89.14450073239999,630.0,33.991848342153304,IL,KORD_Chicago,14.366666666666667,80.0,8.833333333333334,13.666666666666666,0.0,1014.8666666666668,1,Low,0
Airplane,"(100, 200]",1,1,2000-06-07,2.0,Illinois,Approach,Small,No Cloud,Unknown bird - small,False,105,False,2000,6,ABRAHAM LINCOLN CAPITAL ARPT,39.844101,-89.677902,598.0,24.88369746449472,IL,KORD_Chicago,9.9,72.5,12.1,12.45,0.0,1009.65,1,Medium,1
Airplane,"(-1, 0]",1,1,2000-06-08,2.0,New York,Landing Roll,Large,Overcast,Red fox,False,0,False,2000,6,GREATER ROCHESTER INTL,43.1189,-77.672401,559.0,27.86996070509405,NY,KJFK_New_York,4.2,76.0,7.899999999999999,9.633333333333333,2.1,1012.3333333333334,1,High,2
Airplane,"(30, 50]",1,1,2000-06-09,2.0,Illinois,Climb,Small,Overcast,Unknown bird - small,False,50,False,2000,6,CHICAGO O'HARE INTL ARPT,41.9786,-87.9048,680.0,4.16460023622371,IL,KORD_Chicago,21.2,48.5,16.049999999999997,13.1,3.9,1020.3,1,High,2
Airplane,"(200, 400]",1,1,2000-06-11,2.0,Illinois,Approach,Medium,Overcast,Unknown bird - medium,False,400,False,2000,6,ABRAHAM LINCOLN CAPITAL ARPT,39.844101,-89.677902,598.0,24.88369746449472,IL,KORD_Chicago,17.15,49.0,10.85,8.7,0.9,1014.75,1,Medium,1
Airplane,"(200, 400]",1,1,2000-06-12,2.0,Illinois,Approach,Small,Overcast,Unknown bird - small,True,300,True,2000,6,CHICAGO O'HARE INTL ARPT,41.9786,-87.9048,680.0,4.16460023622371,IL,KORD_Chicago,21.15,76.5,13.25,14.4,0.0,1014.7,1,Medium,1
Airplane,"(-1, 0]",1,1,2000-06-17,4.0,Illinois,Take-off run,Small,No Cloud,Unknown bird - small,False,0,False,2000,6,QUAD CITY ARPT,39.6431007385,-89.14450073239999,630.0,33.991848342153304,IL,KORD_Chicago,10.3,59.5,6.2,16.05,0.0,1006.9,1,Low,0
Airplane,"(3000, 5000]",1,1,2000-06-27,2.0,Illinois,Climb,Medium,Some Cloud,Unknown bird - medium,False,4000,False,2000,6,CHICAGO O'HARE INTL ARPT,41.9786,-87.9048,680.0,4.16460023622371,IL,KORD_Chicago,12.3,72.5,7.15,14.0,0.0,1008.05,1,Low,0
Airplane,"(0, 10]",1,1,2000-06-29,2.0,Illinois,Climb,Small,No Cloud,Unknown bird - small,False,3,False,2000,6,ABRAHAM LINCOLN CAPITAL ARPT,39.844101,-89.677902,598.0,24.88369746449472,IL,KORD_Chicago,17.6,38.5,8.0,14.15,0.0,1008.4,1,Medium,1
Airplane,"(30, 50]",1,1,2000-06-30,2.0,Illinois,Climb,Small,No Cloud,Unknown bird - small,False,50,False,2000,6,ABRAHAM LINCOLN CAPITAL ARPT,39.844101,-89.677902,598.0,24.88369746449472,IL,KORD_Chicago,15.033333333333331,63.333333333333336,11.933333333333332,13.366666666666667,3.0,1014.2,1,High,2
Airplane,"(-1, 0]",1,1,2000-06-30,3.0,New York,Landing Roll,Small,No Cloud,European starling,False,0,False,2000,6,LAGUARDIA NY,40.777199,-73.872597,21.0,268.82670826154464,NY,KJFK_New_York,9.233333333333333,83.33333333333333,3.033333333333333,13.7,0.5,1018.5666666666666,1,Medium,1
Airplane,"(-1, 0]",1,1,2000-07-02,2.0,Colorado,Landing Roll,Medium,No Cloud,Unknown bird - medium,False,0,True,2000,7,DENVER INTL AIRPORT,39.52920150756836,-104.65799713134766,6295.0,27.573111187238812,CO,KDEN_Denver,12.05,56.0,21.7,13.75,0.0,1015.45,1,High,2
Airplane,"(600, 1000]",1,1,2000-07-06,2.0,Illinois,Approach,Medium,No Cloud,Unknown bird - medium,True,700,True,2000,7,CHICAGO O'HARE INTL ARPT,41.9786,-87.9048,680.0,4.16460023622371,IL,KORD_Chicago,12.633333333333333,68.66666666666667,8.933333333333334,13.2,2.8,1007.1333333333332,1,Medium,1
Airplane,"(50, 100]",1,1,2000-07-07,2.0,Colorado,Approach,Small,No Cloud,Unknown bird - small,False,100,False,2000,7,DENVER INTL AIRPORT,39.52920150756836,-104.65799713134766,6295.0,27.573111187238812,CO,KDEN_Denver,7.55,45.5,11.05,15.2,0.0,1013.9,1,Medium,1
Airplane,"(-1, 0]",1,1,2000-07-09,1.0,New York,Landing Roll,Medium,Some Cloud,Red-tailed hawk,True,0,False,2000,7,BUFFALO-NIAGARA INTL,42.940498,-78.732201,728.0,16.688896633415297,NY,KJFK_New_York,16.0,37.0,2.65,10.5,0.0,1011.15,1,High,2
Airplane,"(30, 50]",1,1,2000-07-14,2.0,Illinois,Climb,Medium,Overcast,American crow,True,40,False,2000,7,CHICAGO O'HARE INTL ARPT,41.9786,-87.9048,680.0,4.16460023622371,IL,KORD_Chicago,6.85,85.0,7.35,10.95,0.0,1024.05,1,Medium,1
Airplane,"(200, 400]",1,1,2000-07-17,2.0,New York,Approach,Small,Some Cloud,Unknown bird - small,True,400,False,2000,7,ALBANY INTL,42.748299,-73.801697,285.0,94.50065050780267,NY,KJFK_New_York,18.5,74.66666666666667,12.266666666666666,14.733333333333334,0.0,1019.9333333333334,1,Low,0
Airplane,"(-1, 0]",1,1,2000-07-17,2.0,Colorado,Take-off run,Small,Some Cloud,Unknown bird - small,False,0,False,2000,7,DENVER INTL AIRPORT,39.52920150756836,-104.65799713134766,6295.0,27.573111187238812,CO,KDEN_Denver,19.7,48.0,6.166666666666667,14.666666666666666,0.4,1016.1333333333332,1,Medium,1
Airplane,"(-1, 0]",1,1,2000-07-19,2.0,New York,Taxi,Small,No Cloud,Unknown bird - small,False,0,False,2000,7,FRANCIS S GABRESKI ARPT,40.8437004089,-72.6317977905,67.0,309.8281000946782,NY,KJFK_New_York,-3.4,48.5,7.45,7.75,0.0,1016.95,1,Low,0
Airplane,"(0, 10]",1,1,2000-07-19,2.0,New York,Climb,Small,No Cloud,Unknown bird - small,False,10,False,2000,7,ELMIRA/CORNING MUNICIPAL,41.534901,-87.529503,620.0,649.5098008259092,NY,KJFK_New_York,-3.4,48.5,7.45,7.75,0.0,1016.95,1,Low,0
Airplane,"(-1, 0]",1,1,2000-07-19,2.0,New York,Take-off run,Small,Overcast,Killdeer,True,0,False,2000,7,TOMPKINS COUNTY ARPT,42.998199,-74.329597,881.0,44.71627154992871,NY,KJFK_New_York,-3.4,48.5,7.45,7.75,0.0,1016.95,1,Medium,1
Airplane,"(-1, 0]",1,1,2000-07-23,2.0,New York,Take-off run,Small,No Cloud,Unknown bird - small,False,0,True,2000,7,LONG ISLAND MAC ARTHUR,40.796324,-73.101703,99.0,292.8807816425768,NY,KJFK_New_York,9.15,68.5,8.15,15.4,0.0,1017.25,1,Low,0
Airplane,"(-1, 0]",1,1,2000-07-23,2.0,Illinois,Take-off run,Small,No Cloud,Unknown bird - small,False,0,True,2000,7,CHICAGO MIDWAY INTL ARPT,41.785999,-87.752403,620.0,8.607490552607114,IL,KORD_Chicago,11.05,33.0,12.4,13.4,0.0,1009.35,1,High,2
Airplane,"(10, 30]",1,1,2000-07-25,2.0,Colorado,Approach,Small,No Cloud,Unknown bird - small,False,20,False,2000,7,DENVER INTL AIRPORT,39.52920150756836,-104.65799713134766,6295.0,27.573111187238812,CO,KDEN_Denver,10.1,54.0,13.85,15.1,1.2000000000000002,1004.4,1,Medium,1
Airplane,"(1000, 2000]",1,1,2000-07-25,2.0,New York,Approach,Small,Overcast,Unknown bird - small,False,1500,False,2000,7,LAGUARDIA NY,40.777199,-73.872597,21.0,268.82670826154464,NY,KJFK_New_York,16.5,68.0,5.45,8.45,0.0,1013.7,1,Low,0
Airplane,"(5000, 18000]",1,1,2000-07-26,2.0,Illinois,Descent,Small,No Cloud,Unknown bird - small,False,11000,False,2000,7,CHICAGO O'HARE INTL ARPT,41.9786,-87.9048,680.0,4.16460023622371,IL,KORD_Chicago,10.35,71.0,8.1,9.9,0.0,1009.3,1,Low,0
Airplane,"(-1, 0]",1,1,2000-07-27,2.0,Colorado,Landing Roll,Small,No Cloud,Unknown bird - small,False,0,False,2000,7,DENVER INTL AIRPORT,39.52920150756836,-104.65799713134766,6295.0,27.573111187238812,CO,KDEN_Denver,23.2,82.0,18.7,13.9,5.0,1012.2,1,High,2
Airplane,"(200, 400]",1,1,2000-07-29,2.0,Illinois,Climb,Small,Some Cloud,Unknown bird - small,False,400,False,2000,7,CHICAGO O'HARE INTL ARPT,41.9786,-87.9048,680.0,4.16460023622371,IL,KORD_Chicago,5.55,66.5,15.55,14.95,1.1,1011.0,1,Low,0
Airplane,"(50, 100]",1,1,2000-07-29,2.0,New York,Climb,Small,Some Cloud,Unknown bird - small,False,100,True,2000,7,ALBANY INTL,42.748299,-73.801697,285.0,94.50065050780267,NY,KJFK_New_York,15.8,60.0,7.05,16.1,0.0,1015.05,1,Low,0
Airplane,"(-1, 0]",1,1,2000-07-29,2.0,Colorado,Take-off run,Small,No Cloud,Unknown bird - small,False,0,True,2000,7,DENVER INTL AIRPORT,39.52920150756836,-104.65799713134766,6295.0,27.573111187238812,CO,KDEN_Denver,0.6000000000000005,77.5,3.55,11.9,0.0,1011.4,1,Medium,1
Airplane,"(-1, 0]",1,1,2000-08-01,2.0,Illinois,Take-off run,Small,No Cloud,Mourning dove,False,0,False,2000,8,BLOOMINGTON/NORMAL,40.4771,-88.915901,871.0,9.96741417120628,IL,KORD_Chicago,2.3,52.5,7.15,7.449999999999999,3.6,1016.4,1,Medium,1
Airplane,"(10, 30]",1,1,2000-08-03,2.0,New York,Approach,Medium,Overcast,Herring gull,False,20,False,2000,8,LAGUARDIA NY,40.777199,-73.872597,21.0,268.82670826154464,NY,KJFK_New_York,-0.9000000000000004,87.5,9.55,11.95,0.0,1007.9,1,Medium,1
Airplane,"(-1, 0]",1,1,2000-08-05,2.0,New York,Landing Roll,Large,No Cloud,White-tailed deer,False,0,False,2000,8,FRANCIS S GABRESKI ARPT,40.8437004089,-72.6317977905,67.0,309.8281000946782,NY,KJFK_New_York,18.95,61.0,6.25,12.05,0.0,1012.8,1,High,2
Airplane,"(50, 100]",1,1,2000-08-06,2.0,New York,Climb,Small,Overcast,European starling,False,100,False,2000,8,ALBANY INTL,42.748299,-73.801697,285.0,94.50065050780267,NY,KJFK_New_York,16.45,77.0,7.1,15.7,8.6,1014.8,1,Low,0
Airplane,"(-1, 0]",1,1,2000-08-07,3.0,New York,Landing Roll,Small,Overcast,American robin,True,0,False,2000,8,BUFFALO-NIAGARA INTL,42.940498,-78.732201,728.0,16.688896633415297,NY,KJFK_New_York,33.0,96.0,4.0,16.1,0.0,1012.4,1,Medium,1
Airplane,"(10, 30]",1,1,2000-08-07,2.0,New York,Approach,Small,Some Cloud,Unknown bird - small,False,25,False,2000,8,STEWART INTL AIRPORT,41.85419845581055,-89.08760070800781,770.0,772.6270946133457,NY,KJFK_New_York,33.0,96.0,4.0,16.1,0.0,1012.4,1,Low,0
Airplane,"(-1, 0]",1,1,2000-08-09,2.0,Illinois,Landing Roll,Small,No Cloud,Unknown bird - small,False,0,False,2000,8,CHICAGO O'HARE INTL ARPT,41.9786,-87.9048,680.0,4.16460023622371,IL,KORD_Chicago,18.95,44.0,12.65,10.5,0.0,1007.65,1,High,2
Airplane,"(50, 100]",1,1,2000-08-10,2.0,Illinois,Approach,Small,No Cloud,Unknown bird - small,True,100,False,2000,8,MERRILL C MEIGS ARPT,42.750099182128906,-77.78389739990234,910.0,816.3389135750635,IL,KORD_Chicago,13.6,58.5,12.95,16.1,0.0,1012.0,1,Low,0
Airplane,"(-1, 0]",1,1,2000-08-15,2.0,Illinois,Landing Roll,Small,Some Cloud,Unknown bird - small,False,0,False,2000,8,CHICAGO MIDWAY INTL ARPT,41.785999,-87.752403,620.0,8.607490552607114,IL,KORD_Chicago,13.9,68.5,15.1,9.95,0.0,1015.45,1,High,2
Airplane,"(10, 30]",1,1,2000-08-15,2.0,Illinois,Approach,Small,No Cloud,European starling,False,20,False,2000,8,GREATER PEORIA REGIONAL ARPT,38.812906,-106.120062,7946.0,1287.5633843304047,IL,KORD_Chicago,13.9,68.5,15.1,9.95,0.0,1015.45,1,Medium,1
Airplane,"(100, 200]",1,1,2000-08-15,2.0,New York,Climb,Small,Some Cloud,Unknown bird - small,False,200,False,2000,8,LAGUARDIA NY,40.777199,-73.872597,21.0,268.82670826154464,NY,KJFK_New_York,5.85,58.0,11.55,11.7,0.2,1011.0,1,Medium,1
Airplane,"(10, 30]",1,1,2000-08-16,2.0,New York,Approach,Small,Some Cloud,Unknown bird - small,False,20,False,2000,8,GREATER ROCHESTER INTL,43.1189,-77.672401,559.0,27.86996070509405,NY,KJFK_New_York,0.7000000000000001,42.5,18.55,15.5,0.0,1010.75,1,Low,0
Airplane,"(2000, 3000]",1,1,2000-08-16,1.0,Illinois,Approach,Small,No Cloud,Unknown bird - small,False,2300,False,2000,8,DECATUR ARPT,39.834598541259766,-88.8656997680664,682.0,6.314354564142257,IL,KORD_Chicago,10.95,41.5,10.2,15.7,1.5,1012.2,1,Low,0
Airplane,"(0, 10]",1,1,2000-08-20,2.0,New York,Climb,Small,Some Cloud,Unknown bird - small,False,10,True,2000,8,GREATER ROCHESTER INTL,43.1189,-77.672401,559.0,27.86996070509405,NY,KJFK_New_York,7.95,78.5,12.45,14.2,0.7,1014.6,1,Medium,1
Airplane,"(50, 100]",1,1,2000-08-23,1.0,Illinois,Climb,Small,No Cloud,Unknown bird - small,False,100,False,2000,8,ABRAHAM LINCOLN CAPITAL ARPT,39.844101,-89.677902,598.0,24.88369746449472,IL,KORD_Chicago,14.35,45.5,19.75,14.4,0.0,1017.95,1,Medium,1
Airplane,"(5000, 18000]",1,1,2000-08-27,2.0,Illinois,Climb,Small,No Cloud,Unknown bird - small,False,9000,False,2000,8,CHICAGO O'HARE INTL ARPT,41.9786,-87.9048,680.0,4.16460023622371,IL,KORD_Chicago,25.9,80.5,5.85,11.85,0.0,1017.5,1,Low,0
Airplane,"(2000, 3000]",1,1,2000-08-29,2.0,Colorado,Climb,Large,No Cloud,Unknown bird - large,False,3000,True,2000,8,DENVER INTL AIRPORT,39.52920150756836,-104.65799713134766,6295.0,27.573111187238812,CO,KDEN_Denver,-1.7999999999999998,45.0,8.25,15.05,2.7,1011.0,1,Medium,1
Airplane,"(600, 1000]",1,1,2000-08-30,2.0,Illinois,Approach,Medium,Overcast,Unknown bird - medium,False,1000,False,2000,8,CHICAGO O'HARE INTL ARPT,41.9786,-87.9048,680.0,4.16460023622371,IL,KORD_Chicago,1.2666666666666666,85.66666666666667,6.966666666666666,13.5,0.0,1007.0,1,Low,0
Airplane,"(10, 30]",1,1,2000-08-31,1.0,Illinois,Climb,Small,No Cloud,American robin,False,20,False,2000,8,QUAD CITY ARPT,39.6431007385,-89.14450073239999,630.0,33.991848342153304,IL,KORD_Chicago,11.65,74.0,16.7,14.75,0.0,1011.5,1,Low,0
Airplane,"(50, 100]",1,1,2000-08-31,2.0,Colorado,Climb,Medium,Overcast,Unknown bird - medium,False,100,False,2000,8,DENVER INTL AIRPORT,39.52920150756836,-104.65799713134766,6295.0,27.573111187238812,CO,KDEN_Denver,30.55,62.0,3.3,15.45,1.9,1009.15,1,Medium,1
Airplane,"(50, 100]",1,1,2000-08-31,2.0,Illinois,Approach,Small,Some Cloud,Unknown bird - small,True,100,False,2000,8,CHICAGO O'HARE INTL ARPT,41.9786,-87.9048,680.0,4.16460023622371,IL,KORD_Chicago,11.65,74.0,16.7,14.75,0.0,1011.5,1,Medium,1
Airplane,"(1000, 2000]",1,1,2000-09-02,1.0,Illinois,Climb,Medium,No Cloud,American crow,False,1700,False,2000,9,ABRAHAM LINCOLN CAPITAL ARPT,39.844101,-89.677902,598.0,24.88369746449472,IL,KORD_Chicago,18.35,54.5,11.35,13.5,0.0,1005.7,1,Medium,1
Airplane,"(400, 600]",1,1,2000-09-02,3.0,Colorado,Approach,Small,No Cloud,Unknown bird - small,False,500,False,2000,9,COLORADO SPRINGS MUNICIPAL,38.805801,-104.700996,6187.0,38.3672452711314,CO,KDEN_Denver,23.6,39.0,0.95,10.45,0.0,1015.35,1,Low,0
Airplane,"(-1, 0]",1,1,2000-09-11,2.0,Illinois,Landing Roll,Medium,Overcast,Ring-billed gull,True,0,False,2000,9,MERRILL C MEIGS ARPT,42.750099182128906,-77.78389739990234,910.0,816.3389135750635,IL,KORD_Chicago,4.95,68.5,5.4,11.8,0.0,1010.85,1,Medium,1
Airplane,"(2000, 3000]",1,1,2000-09-15,2.0,New York,Climb,Medium,Some Cloud,Unknown bird - medium,False,2700,True,2000,9,BUFFALO-NIAGARA INTL,42.940498,-78.732201,728.0,16.688896633415297,NY,KJFK_New_York,13.533333333333331,79.33333333333333,21.133333333333333,14.466666666666669,2.3,1016.5,1,Medium,1
Airplane,"(2000, 3000]",1,1,2000-09-15,2.0,New York,Approach,Small,Some Cloud,Unknown bird - small,False,2600,False,2000,9,WESTCHESTER COUNTY ARPT,41.06700134277344,-73.70760345458984,439.0,243.3503200617849,NY,KJFK_New_York,13.533333333333331,79.33333333333333,21.133333333333333,14.466666666666669,2.3,1016.5,1,Low,0
Airplane,"(5000, 18000]",1,1,2000-09-21,2.0,Illinois,Descent,Medium,No Cloud,Unknown bird - medium,False,7000,False,2000,9,CHICAGO O'HARE INTL ARPT,41.9786,-87.9048,680.0,4.16460023622371,IL,KORD_Chicago,16.333333333333332,60.333333333333336,2.833333333333333,13.6,2.8,1017.2333333333332,1,Low,0
Airplane,"(1000, 2000]",1,1,2000-09-23,2.0,Illinois,Approach,Medium,Overcast,Unknown bird - medium,False,1100,False,2000,9,CHICAGO O'HARE INTL ARPT,41.9786,-87.9048,680.0,4.16460023622371,IL,KORD_Chicago,22.2,85.5,12.1,10.75,0.0,1011.8,1,Medium,1
Airplane,"(200, 400]",1,1,2000-09-27,2.0,Illinois,Approach,Small,No Cloud,Unknown bird - small,True,300,False,2000,9,CHICAGO O'HARE INTL ARPT,41.9786,-87.9048,680.0,4.16460023622371,IL,KORD_Chicago,13.4,50.0,6.050000000000001,12.7,0.0,1009.75,1,Low,0
Airplane,"(-1, 0]",1,1,2000-09-28,3.0,Colorado,Take-off run,Small,No Cloud,Unknown bird - small,False,0,False,2000,9,COLORADO SPRINGS MUNICIPAL,38.805801,-104.700996,6187.0,38.3672452711314,CO,KDEN_Denver,22.4,54.0,11.7,13.45,0.0,1017.7,1,Medium,1
Airplane,"(3000, 5000]",1,1,2000-10-02,2.0,Illinois,Approach,Small,No Cloud,Unknown bird - small,False,3500,False,2000,10,CHICAGO O'HARE INTL ARPT,41.9786,-87.9048,680.0,4.16460023622371,IL,KORD_Chicago,9.133333333333333,88.0,10.7,14.5,0.0,1010.1333333333332,1,Low,0
Airplane,"(2000, 3000]",1,1,2000-10-04,2.0,Illinois,Approach,Large,Some Cloud,Double-crested cormorant,False,2800,False,2000,10,CHICAGO O'HARE INTL ARPT,41.9786,-87.9048,680.0,4.16460023622371,IL,KORD_Chicago,9.1,57.0,5.05,16.0,0.0,1009.85,1,Low,0
Airplane,"(50, 100]",1,1,2000-10-05,2.0,Illinois,Climb,Medium,Overcast,Unknown bird - medium,True,100,False,2000,10,CHICAGO O'HARE INTL ARPT,41.9786,-87.9048,680.0,4.16460023622371,IL,KORD_Chicago,21.1,92.5,6.75,14.15,0.0,1018.4,1,Medium,1
Airplane,"(1000, 2000]",1,1,2000-10-07,2.0,Illinois,Approach,Medium,No Cloud,Unknown bird - medium,True,1350,False,2000,10,CHICAGO O'HARE INTL ARPT,41.9786,-87.9048,680.0,4.16460023622371,IL,KORD_Chicago,5.833333333333333,85.66666666666667,4.533333333333333,14.866666666666667,0.0,1017.7666666666668,1,Low,0
Airplane,"(1000, 2000]",1,1,2000-10-11,2.0,New York,Approach,Large,No Cloud,Unknown bird - large,False,2000,False,2000,10,JOHN F KENNEDY INTL,40.639447,-73.779317,13.0,285.81600722845906,NY,KJFK_New_York,10.4,72.5,10.9,11.1,0.5,1019.8,1,Medium,1
Airplane,"(2000, 3000]",1,1,2000-10-14,4.0,New York,Approach,Medium,Some Cloud,Red-tailed hawk,False,2300,False,2000,10,JOHN F KENNEDY INTL,40.639447,-73.779317,13.0,285.81600722845906,NY,KJFK_New_York,11.65,43.5,5.0,12.95,2.0,1009.65,1,Low,0
Airplane,"(3000, 5000]",1,1,2000-10-20,2.0,New York,Descent,Small,No Cloud,Unknown bird - small,False,5000,False,2000,10,JOHN F KENNEDY INTL,40.639447,-73.779317,13.0,285.81600722845906,NY,KJFK_New_York,18.65,84.0,3.5,13.5,0.0,1009.7,1,Low,0
Airplane,"(200, 400]",1,1,2000-10-22,4.0,New York,Approach,Medium,No Cloud,Unknown bird - medium,True,400,False,2000,10,WESTCHESTER COUNTY ARPT,41.06700134277344,-73.70760345458984,439.0,243.3503200617849,NY,KJFK_New_York,9.4,70.5,10.25,12.7,0.0,1012.3,1,Low,0
Airplane,"(50, 100]",1,1,2000-10-23,2.0,New York,Approach,Small,No Cloud,Unknown bird - small,False,100,False,2000,10,JOHN F KENNEDY INTL,40.639447,-73.779317,13.0,285.81600722845906,NY,KJFK_New_York,-1.75,58.5,14.15,15.0,0.0,1012.9,1,Low,0
Airplane,"(1000, 2000]",1,1,2000-10-27,2.0,Illinois,Climb,Medium,Overcast,Unknown bird - medium,True,1500,False,2000,10,CHICAGO O'HARE INTL ARPT,41.9786,-87.9048,680.0,4.16460023622371,IL,KORD_Chicago,13.0,64.5,12.65,16.1,3.8,1010.65,1,Medium,1
Airplane,"(2000, 3000]",1,1,2000-10-29,2.0,New York,Approach,Medium,No Cloud,Unknown bird - medium,False,3000,False,2000,10,LAGUARDIA NY,40.777199,-73.872597,21.0,268.82670826154464,NY,KJFK_New_York,7.8,87.66666666666667,12.066666666666668,9.733333333333334,0.0,1013.4333333333334,1,Low,0
Airplane,"(1000, 2000]",1,1,2000-11-01,2.0,New York,Approach,Small,No Cloud,Unknown bird - small,False,2000,True,2000,11,LAGUARDIA NY,40.777199,-73.872597,21.0,268.82670826154464,NY,KJFK_New_York,18.25,40.0,6.95,15.9,0.3,1012.05,1,Low,0
Airplane,"(3000, 5000]",1,1,2000-11-02,2.0,New York,Approach,Medium,No Cloud,Unknown bird - medium,False,3500,False,2000,11,STEWART INTL AIRPORT,41.85419845581055,-89.08760070800781,770.0,772.6270946133457,NY,KJFK_New_York,4.199999999999999,67.0,8.45,8.8,2.8,1005.2,1,Low,0
Airplane,"(1000, 2000]",1,1,2000-11-04,2.0,New York,Climb,Medium,No Cloud,Unknown bird - medium,False,1500,False,2000,11,LAGUARDIA NY,40.777199,-73.872597,21.0,268.82670826154464,NY,KJFK_New_York,4.933333333333334,59.66666666666666,5.733333333333334,11.133333333333336,0.0,1008.0666666666666,1,Low,0
Airplane,"(1000, 2000]",1,1,2000-11-12,2.0,New York,Approach,Small,No Cloud,Unknown bird - small,False,2000,True,2000,11,LAGUARDIA NY,40.777199,-73.872597,21.0,268.82670826154464,NY,KJFK_New_York,16.0,56.0,7.65,13.2,1.9,1020.95,1,Low,0
Airplane,"(-1, 0]",1,1,2000-11-17,2.0,New York,Landing Roll,Large,Overcast,Great blue heron,False,0,True,2000,11,ALBANY INTL,42.748299,-73.801697,285.0,94.50065050780267,NY,KJFK_New_York,13.75,83.0,6.699999999999999,9.15,0.2,1006.15,1,High,2
Airplane,"(-1, 0]",1,1,2001-01-01,2.0,New York,Take-off run,Large,No Cloud,Unknown bird - large,False,0,False,2001,1,LAGUARDIA NY,40.777199,-73.872597,21.0,268.82670826154464,NY,KJFK_New_York,16.85,43.0,4.05,11.6,0.0,1013.15,1,Medium,1
Airplane,"(-1, 0]",1,1,2001-01-08,2.0,Colorado,Take-off run,Medium,No Cloud,Mallard,False,0,True,2001,1,GUNNISON COUNTY,38.534672,-106.934566,7680.0,202.30237680810586,CO,KDEN_Denver,16.65,47.0,7.3,12.5,0.0,1001.75,1,Medium,1
Airplane,"(-1, 0]",1,1,2001-02-06,2.0,New York,Landing Roll,Small,No Cloud,Horned lark,False,0,False,2001,2,JOHN F KENNEDY INTL,40.639447,-73.779317,13.0,285.81600722845906,NY,KJFK_New_York,17.85,51.5,4.05,15.4,0.1,1013.8,1,Low,0
Airplane,"(600, 1000]",1,1,2001-02-26,2.0,Illinois,Climb,Medium,Some Cloud,Unknown bird - medium,False,700,False,2001,2,CHICAGO O'HARE INTL ARPT,41.9786,-87.9048,680.0,4.16460023622371,IL,KORD_Chicago,14.1,79.0,7.949999999999999,15.25,0.0,1011.15,1,Low,0
Airplane,"(2000, 3000]",1,1,2001-03-11,2.0,Illinois,Approach,Medium,No Cloud,Unknown bird - medium,False,3000,False,2001,3,DUPAGE AIRPORT,41.90779877,-88.24859619,759.0,32.15621751349237,IL,KORD_Chicago,12.05,38.5,12.45,14.15,0.0,1015.55,1,Medium,1
Airplane,"(3000, 5000]",1,1,2001-04-04,2.0,Illinois,Approach,Small,No Cloud,Unknown bird - small,False,4400,True,2001,4,CHICAGO MIDWAY INTL ARPT,41.785999,-87.752403,620.0,8.607490552607114,IL,KORD_Chicago,-7.8,79.0,3.5,13.6,0.0,1012.0,1,Low,0
Airplane,"(-1, 0]",1,1,2001-04-06,2.0,Illinois,Take-off run,Medium,Overcast,Unknown bird - medium,False,0,False,2001,4,WAUKEGAN REGIONAL ARPT,42.422199249268,-87.867897033691,727.0,47.79741233555611,IL,KORD_Chicago,19.15,70.0,11.65,16.1,4.0,1014.75,1,High,2
Airplane,"(1000, 2000]",1,1,2001-04-08,2.0,Illinois,Approach,Small,No Cloud,Unknown bird - small,False,1500,False,2001,4,CHICAGO O'HARE INTL ARPT,41.9786,-87.9048,680.0,4.16460023622371,IL,KORD_Chicago,5.4,67.0,8.8,14.35,0.0,1019.65,1,Low,0
Airplane,"(1000, 2000]",1,1,2001-04-11,2.0,New York,Climb,Medium,Overcast,Unknown bird - medium,False,1200,True,2001,4,LAGUARDIA NY,40.777199,-73.872597,21.0,268.82670826154464,NY,KJFK_New_York,8.0,82.0,16.3,7.5,2.3,1019.0,1,Medium,1
Airplane,"(-1, 0]",1,1,2001-04-16,2.0,Illinois,Take-off run,Medium,Some Cloud,Ring-billed gull,False,0,True,2001,4,CHICAGO MIDWAY INTL ARPT,41.785999,-87.752403,620.0,8.607490552607114,IL,KORD_Chicago,18.75,69.0,4.3,16.1,2.0,1007.4,1,Medium,1
Airplane,"(-1, 0]",1,1,2001-04-18,2.0,Illinois,Landing Roll,Large,Some Cloud,Canada goose,True,0,False,2001,4,CHICAGO EXECUTIVE ARPT,42.114222,-87.901494,647.0,17.90602076675677,IL,KORD_Chicago,14.0,57.66666666666666,12.733333333333334,10.9,0.6,1013.7,1,High,2
Airplane,"(400, 600]",1,1,2001-04-23,2.0,New York,Approach,Small,No Cloud,Unknown bird - small,False,500,False,2001,4,GREATER ROCHESTER INTL,43.1189,-77.672401,559.0,27.86996070509405,NY,KJFK_New_York,14.233333333333334,60.333333333333336,16.933333333333334,12.033333333333331,0.0,1010.5666666666666,1,Low,0
Airplane,"(600, 1000]",1,1,2001-04-24,2.0,New York,Climb,Large,No Cloud,Common loon,False,800,False,2001,4,JOHN F KENNEDY INTL,40.639447,-73.779317,13.0,285.81600722845906,NY,KJFK_New_York,7.35,69.5,6.550000000000001,13.95,7.3,1015.7,1,Low,0
Airplane,"(-1, 0]",1,1,2001-05-09,2.0,New York,Take-off run,Small,No Cloud,European starling,False,0,True,2001,5,JOHN F KENNEDY INTL,40.639447,-73.779317,13.0,285.81600722845906,NY,KJFK_New_York,23.75,61.0,5.0,15.75,0.0,1009.65,1,Low,0
Airplane,"(600, 1000]",1,1,2001-05-12,2.0,Illinois,Approach,Small,Some Cloud,Unknown bird - small,True,1000,False,2001,5,CHICAGO O'HARE INTL ARPT,41.9786,-87.9048,680.0,4.16460023622371,IL,KORD_Chicago,8.8,60.5,17.55,10.2,5.9,1021.95,1,Medium,1
Airplane,"(50, 100]",1,1,2001-05-13,2.0,New York,Climb,Small,No Cloud,Unknown bird - small,False,100,True,2001,5,LAGUARDIA NY,40.777199,-73.872597,21.0,268.82670826154464,NY,KJFK_New_York,11.9,73.5,19.0,16.1,0.0,1014.85,1,Low,0
Airplane,"(-1, 0]",1,1,2001-05-25,2.0,Colorado,Landing Roll,Medium,No Cloud,Unknown bird - medium,False,0,True,2001,5,DENVER INTL AIRPORT,39.52920150756836,-104.65799713134766,6295.0,27.573111187238812,CO,KDEN_Denver,14.1,65.0,9.55,13.8,0.0,1011.05,1,High,2
Airplane,"(5000, 18000]",1,1,2001-05-26,2.0,New York,Approach,Medium,Some Cloud,Unknown bird - medium,False,6000,False,2001,5,WESTCHESTER COUNTY ARPT,41.06700134277344,-73.70760345458984,439.0,243.3503200617849,NY,KJFK_New_York,21.0,41.333333333333336,14.366666666666664,13.800000000000002,0.0,1014.8,1,Medium,1
Airplane,"(5000, 18000]",1,1,2001-05-27,2.0,New York,Approach,Small,Some Cloud,Unknown bird - small,False,7000,True,2001,5,LAGUARDIA NY,40.777199,-73.872597,21.0,268.82670826154464,NY,KJFK_New_York,18.25,55.5,9.3,11.15,2.1,1014.6,1,Low,0
Airplane,"(5000, 18000]",1,1,2001-05-28,2.0,Illinois,Climb,Small,No Cloud,Unknown bird - small,False,6000,True,2001,5,CHICAGO MIDWAY INTL ARPT,41.785999,-87.752403,620.0,8.607490552607114,IL,KORD_Chicago,11.95,83.0,8.1,10.8,0.0,1016.15,1,Low,0
Airplane,"(200, 400]",1,1,2001-06-03,2.0,Illinois,Climb,Small,No Cloud,Unknown bird - small,False,400,False,2001,6,CHICAGO O'HARE INTL ARPT,41.9786,-87.9048,680.0,4.16460023622371,IL,KORD_Chicago,12.15,58.0,12.2,16.05,10.3,1015.65,1,Low,0
Airplane,"(-1, 0]",1,1,2001-06-06,2.0,Colorado,Take-off run,Small,No Cloud,Unknown bird - small,False,0,False,2001,6,DENVER INTL AIRPORT,39.52920150756836,-104.65799713134766,6295.0,27.573111187238812,CO,KDEN_Denver,15.1,64.66666666666667,14.433333333333332,11.566666666666668,2.5,1013.6,1,High,2
Airplane,"(50, 100]",1,1,2001-06-11,2.0,New York,Approach,Medium,Overcast,Mallard,False,100,False,2001,6,LAGUARDIA NY,40.777199,-73.872597,21.0,268.82670826154464,NY,KJFK_New_York,-3.7,52.0,7.15,10.75,1.6,1013.3,1,Medium,1
Airplane,"(30, 50]",1,1,2001-06-11,2.0,New York,Approach,Small,Overcast,American robin,False,50,False,2001,6,WESTCHESTER COUNTY ARPT,41.06700134277344,-73.70760345458984,439.0,243.3503200617849,NY,KJFK_New_York,-3.7,52.0,7.15,10.75,1.6,1013.3,1,Medium,1
Airplane,"(-1, 0]",1,1,2001-06-11,2.0,New York,Take-off run,Small,Overcast,Mourning dove,False,0,False,2001,6,BUFFALO-NIAGARA INTL,42.940498,-78.732201,728.0,16.688896633415297,NY,KJFK_New_York,-3.7,52.0,7.15,10.75,1.6,1013.3,1,Medium,1
Airplane,"(30, 50]",1,1,2001-06-13,2.0,New York,Approach,Small,Overcast,Willet,False,40,True,2001,6,JOHN F KENNEDY INTL,40.639447,-73.779317,13.0,285.81600722845906,NY,KJFK_New_York,13.6,66.0,5.8,7.9,0.0,1007.85,1,Low,0
Airplane,"(5000, 18000]",1,1,2001-06-19,4.0,Illinois,Approach,Small,No Cloud,Unknown bird - small,False,7000,False,2001,6,CHICAGO O'HARE INTL ARPT,41.9786,-87.9048,680.0,4.16460023622371,IL,KORD_Chicago,17.2,93.0,2.95,7.35,0.0,1015.8,1,Low,0
Airplane,"(400, 600]",1,1,2001-06-20,2.0,New York,Approach,Small,Some Cloud,Rock pigeon,True,600,False,2001,6,BUFFALO-NIAGARA INTL,42.940498,-78.732201,728.0,16.688896633415297,NY,KJFK_New_York,17.200000000000003,55.5,10.25,13.4,0.0,1006.65,1,Low,0
Airplane,"(-1, 0]",1,1,2001-06-26,1.0,New York,Take-off run,Small,No Cloud,Rock pigeon,False,0,False,2001,6,DUTCHESS COUNTY ARPT,41.6265983581543,-73.88420104980469,165.0,180.6127204688489,NY,KJFK_New_York,-0.8,56.0,3.7,10.9,0.0,1009.8,1,Medium,1
Airplane,"(10, 30]",1,1,2001-06-29,2.0,Colorado,Approach,Small,Some Cloud,Mourning dove,False,27,False,2001,6,DENVER INTL AIRPORT,39.52920150756836,-104.65799713134766,6295.0,27.573111187238812,CO,KDEN_Denver,12.9,62.5,7.449999999999999,9.9,0.2,1024.35,1,Medium,1
Airplane,"(-1, 0]",1,1,2001-07-03,2.0,Colorado,Take-off run,Small,No Cloud,Unknown bird - small,False,0,False,2001,7,COLORADO SPRINGS MUNICIPAL,38.805801,-104.700996,6187.0,38.3672452711314,CO,KDEN_Denver,8.1,69.5,19.4,10.3,0.0,1009.35,1,Medium,1
Airplane,"(-1, 0]",1,1,2001-07-04,2.0,New York,Landing Roll,Small,Some Cloud,Mourning dove,False,0,True,2001,7,GREATER ROCHESTER INTL,43.1189,-77.672401,559.0,27.86996070509405,NY,KJFK_New_York,11.4,57.66666666666666,8.3,13.466666666666669,0.0,1007.1666666666666,1,Medium,1
Airplane,"(1000, 2000]",1,1,2001-07-06,2.0,Illinois,Approach,Small,No Cloud,Unknown bird - small,True,1500,False,2001,7,CHICAGO O'HARE INTL ARPT,41.9786,-87.9048,680.0,4.16460023622371,IL,KORD_Chicago,17.9,80.0,10.2,14.25,0.0,1017.4,1,Low,0
Airplane,"(-1, 0]",1,1,2001-07-06,2.0,New York,Take-off run,Medium,No Cloud,Unknown bird - medium,False,0,False,2001,7,BUFFALO AIRFIELD ARPT,42.862,-78.716599,670.0,13.220230442837552,NY,KJFK_New_York,8.7,55.0,8.8,15.55,0.0,1009.95,1,Medium,1
Airplane,"(-1, 0]",1,1,2001-07-07,2.0,Colorado,Take-off run,Small,No Cloud,Unknown bird - small,False,0,False,2001,7,DENVER INTL AIRPORT,39.52920150756836,-104.65799713134766,6295.0,27.573111187238812,CO,KDEN_Denver,10.5,73.5,7.75,14.3,0.0,1015.75,1,Medium,1
Airplane,"(600, 1000]",1,1,2001-07-08,2.0,Illinois,Approach,Small,Overcast,Unknown bird - small,False,1000,True,2001,7,CHICAGO MIDWAY INTL ARPT,41.785999,-87.752403,620.0,8.607490552607114,IL,KORD_Chicago,23.15,45.5,16.1,11.45,0.0,1018.15,1,Medium,1
Airplane,"(-1, 0]",1,1,2001-07-13,1.0,Illinois,Landing Roll,Small,No Cloud,Unknown bird - small,True,0,False,2001,7,QUAD CITY ARPT,39.6431007385,-89.14450073239999,630.0,33.991848342153304,IL,KORD_Chicago,12.65,44.5,14.2,15.6,0.0,1017.15,1,Medium,1
Airplane,"(400, 600]",1,1,2001-07-17,2.0,New York,Climb,Small,Some Cloud,Unknown bird - small,True,500,True,2001,7,LAGUARDIA NY,40.777199,-73.872597,21.0,268.82670826154464,NY,KJFK_New_York,20.25,70.5,7.25,14.5,0.9,1007.75,1,Low,0
Airplane,"(-1, 0]",1,1,2001-07-25,2.0,New York,Take-off run,Small,Some Cloud,Unknown bird - small,False,0,True,2001,7,SYRACUSE HANCOCK INTL,43.11119842529297,-76.1063003540039,421.0,30.07276586498391,NY,KJFK_New_York,8.3,90.5,4.8,14.25,0.0,1004.8,1,Low,0
Airplane,"(0, 10]",1,1,2001-07-26,2.0,Illinois,Approach,Medium,Some Cloud,Unknown bird - medium,True,10,False,2001,7,QUAD CITY ARPT,39.6431007385,-89.14450073239999,630.0,33.991848342153304,IL,KORD_Chicago,0.3666666666666665,64.33333333333333,9.666666666666666,15.766666666666667,4.1,1017.4,1,Medium,1
Airplane,"(600, 1000]",1,1,2001-07-27,2.0,New York,Approach,Small,No Cloud,Unknown bird - small,False,1000,False,2001,7,LAGUARDIA NY,40.777199,-73.872597,21.0,268.82670826154464,NY,KJFK_New_York,6.2,69.0,23.3,16.1,0.0,1012.65,1,Low,0
Airplane,"(600, 1000]",1,1,2001-07-27,2.0,Illinois,Climb,Medium,Some Cloud,Unknown bird - medium,False,800,False,2001,7,GREATER PEORIA REGIONAL ARPT,38.812906,-106.120062,7946.0,1287.5633843304047,IL,KORD_Chicago,14.05,79.5,3.25,14.2,4.4,1012.95,1,Low,0
Airplane,"(-1, 0]",1,1,2001-08-01,2.0,New York,Take-off run,Small,Some Cloud,European starling,True,0,False,2001,8,LONG ISLAND MAC ARTHUR,40.796324,-73.101703,99.0,292.8807816425768,NY,KJFK_New_York,10.1,74.0,8.85,13.55,0.0,1005.45,1,Low,0
Airplane,"(50, 100]",1,1,2001-08-06,2.0,New York,Approach,Large,No Cloud,Unknown bird - large,True,100,False,2001,8,WESTCHESTER COUNTY ARPT,41.06700134277344,-73.70760345458984,439.0,243.3503200617849,NY,KJFK_New_York,11.333333333333334,55.333333333333336,7.8,15.066666666666668,0.0,1010.4,1,Medium,1
Airplane,"(1000, 2000]",1,1,2001-08-07,2.0,Colorado,Approach,Small,Overcast,Unknown bird - small,False,1500,False,2001,8,CORTEZ MUNICIPAL ARPT,37.303001,-108.627998,5918.0,338.7024603225559,CO,KDEN_Denver,16.0,66.5,12.05,10.85,0.0,1012.1,1,Low,0
Airplane,"(-1, 0]",1,1,2001-08-10,2.0,Illinois,Take-off run,Small,Some Cloud,Unknown bird - small,False,0,False,2001,8,UNIV OF ILLINOIS -WILLARD ARPT,40.039819,-88.276249,755.0,25.148499963897123,IL,KORD_Chicago,24.8,87.5,7.449999999999999,11.7,0.0,1011.15,1,Medium,1
Airplane,"(5000, 18000]",1,1,2001-08-10,2.0,Illinois,Climb,Small,Some Cloud,Unknown bird - small,False,6800,False,2001,8,ABRAHAM LINCOLN CAPITAL ARPT,39.844101,-89.677902,598.0,24.88369746449472,IL,KORD_Chicago,24.8,87.5,7.449999999999999,11.7,0.0,1011.15,1,Low,0
Airplane,"(100, 200]",1,1,2001-08-11,2.0,New York,Climb,Small,Overcast,Unknown bird - small,False,200,False,2001,8,LAGUARDIA NY,40.777199,-73.872597,21.0,268.82670826154464,NY,KJFK_New_York,8.133333333333335,79.33333333333333,16.46666666666667,14.6,0.3,1013.5,1,Low,0
Airplane,"(2000, 3000]",1,1,2001-08-11,2.0,New York,Approach,Medium,No Cloud,Unknown bird - medium,False,2500,False,2001,8,SYRACUSE HANCOCK INTL,43.11119842529297,-76.1063003540039,421.0,30.07276586498391,NY,KJFK_New_York,8.133333333333335,79.33333333333333,16.46666666666667,14.6,0.3,1013.5,1,Low,0
Airplane,"(600, 1000]",1,1,2001-08-13,2.0,New York,Approach,Small,Overcast,Unknown bird - small,False,1000,False,2001,8,WESTCHESTER COUNTY ARPT,41.06700134277344,-73.70760345458984,439.0,243.3503200617849,NY,KJFK_New_York,-4.25,72.0,5.800000000000001,13.6,0.3,1008.0,1,Low,0
Airplane,"(600, 1000]",1,1,2001-08-14,3.0,Illinois,Approach,Small,No Cloud,Unknown bird - small,False,1000,False,2001,8,CHICAGO MIDWAY INTL ARPT,41.785999,-87.752403,620.0,8.607490552607114,IL,KORD_Chicago,17.55,78.0,17.6,11.9,0.0,1004.0,1,Medium,1
Airplane,"(2000, 3000]",1,1,2001-08-17,2.0,Illinois,Approach,Small,No Cloud,Unknown bird - small,True,3000,False,2001,8,CHICAGO O'HARE INTL ARPT,41.9786,-87.9048,680.0,4.16460023622371,IL,KORD_Chicago,18.866666666666667,62.66666666666666,10.766666666666666,12.866666666666667,0.0,1008.4666666666668,1,Low,0
Airplane,"(-1, 0]",1,1,2001-08-17,2.0,Illinois,Take-off run,Small,No Cloud,Unknown bird - small,True,0,False,2001,8,CHICAGO O'HARE INTL ARPT,41.9786,-87.9048,680.0,4.16460023622371,IL,KORD_Chicago,18.866666666666667,62.66666666666666,10.766666666666666,12.866666666666667,0.0,1008.4666666666668,1,Medium,1
Airplane,"(200, 400]",1,1,2001-08-21,2.0,Illinois,Approach,Medium,Overcast,Unknown bird - medium,False,300,True,2001,8,CHICAGO O'HARE INTL ARPT,41.9786,-87.9048,680.0,4.16460023622371,IL,KORD_Chicago,4.85,51.5,18.95,13.65,0.0,1017.05,1,High,2
Airplane,"(1000, 2000]",1,1,2001-08-22,2.0,New York,Approach,Medium,No Cloud,Unknown bird - medium,False,1500,False,2001,8,JOHN F KENNEDY INTL,40.639447,-73.779317,13.0,285.81600722845906,NY,KJFK_New_York,17.166666666666668,75.33333333333333,15.333333333333334,13.433333333333332,0.0,1011.2333333333332,1,Low,0
Airplane,"(-1, 0]",1,1,2001-08-23,2.0,Illinois,Landing Roll,Small,No Cloud,Unknown bird - small,True,0,False,2001,8,CHICAGO O'HARE INTL ARPT,41.9786,-87.9048,680.0,4.16460023622371,IL,KORD_Chicago,16.45,71.0,10.95,11.45,0.0,1014.05,1,High,2
Airplane,"(-1, 0]",1,1,2001-08-26,2.0,New York,Take-off run,Small,Some Cloud,Killdeer,True,0,True,2001,8,BUFFALO-NIAGARA INTL,42.940498,-78.732201,728.0,16.688896633415297,NY,KJFK_New_York,5.1000000000000005,66.0,8.85,14.3,0.0,1016.6,1,Medium,1
Airplane,"(50, 100]",1,1,2001-08-27,1.0,Illinois,Climb,Medium,Some Cloud,Unknown bird - medium,False,100,False,2001,8,CHICAGO EXECUTIVE ARPT,42.114222,-87.901494,647.0,17.90602076675677,IL,KORD_Chicago,15.95,77.0,12.4,11.1,0.0,1011.35,1,High,2
Airplane,"(-1, 0]",1,1,2001-08-27,3.0,Illinois,Landing Roll,Medium,Overcast,Unknown bird - medium,True,0,False,2001,8,CHICAGO EXECUTIVE ARPT,42.114222,-87.901494,647.0,17.90602076675677,IL,KORD_Chicago,15.95,77.0,12.4,11.1,0.0,1011.35,1,High,2
Airplane,"(400, 600]",1,1,2001-08-27,2.0,New York,Climb,Small,Overcast,Unknown bird - small,True,500,False,2001,8,ALBANY INTL,42.748299,-73.801697,285.0,94.50065050780267,NY,KJFK_New_York,8.0,69.5,4.55,14.35,0.5,1013.55,1,Low,0
Airplane,"(-1, 0]",1,1,2001-08-28,2.0,New York,Take-off run,Medium,Some Cloud,Red-tailed hawk,False,0,False,2001,8,TOMPKINS COUNTY ARPT,42.998199,-74.329597,881.0,44.71627154992871,NY,KJFK_New_York,13.733333333333334,87.33333333333333,12.133333333333333,13.7,0.0,1014.5333333333332,1,High,2
Airplane,"(-1, 0]",1,1,2001-08-28,2.0,Illinois,Landing Roll,Small,No Cloud,Unknown bird - small,False,0,False,2001,8,ABRAHAM LINCOLN CAPITAL ARPT,39.844101,-89.677902,598.0,24.88369746449472,IL,KORD_Chicago,6.533333333333334,67.66666666666667,15.266666666666666,15.766666666666667,0.0,1021.7999999999998,1,High,2
Airplane,"(200, 400]",1,1,2001-08-29,2.0,Illinois,Climb,Small,No Cloud,European starling,True,300,False,2001,8,CHICAGO O'HARE INTL ARPT,41.9786,-87.9048,680.0,4.16460023622371,IL,KORD_Chicago,11.35,47.5,9.85,14.45,0.0,1009.4,1,Medium,1
Airplane,"(400, 600]",1,1,2001-08-30,4.0,New York,Approach,Small,No Cloud,Unknown bird - small,False,500,False,2001,8,JOHN F KENNEDY INTL,40.639447,-73.779317,13.0,285.81600722845906,NY,KJFK_New_York,-2.6,60.5,16.200000000000003,14.8,0.0,1020.7,1,Low,0
Airplane,"(-1, 0]",1,1,2001-09-01,2.0,New York,Take-off run,Small,Some Cloud,European starling,True,0,False,2001,9,LONG ISLAND MAC ARTHUR,40.796324,-73.101703,99.0,292.8807816425768,NY,KJFK_New_York,22.65,37.0,29.4,16.1,0.0,1009.1,1,Low,0
Airplane,"(100, 200]",1,1,2001-09-03,2.0,Illinois,Climb,Small,No Cloud,Unknown bird - small,False,200,False,2001,9,UNIV OF ILLINOIS -WILLARD ARPT,40.039819,-88.276249,755.0,25.148499963897123,IL,KORD_Chicago,3.9,54.0,6.699999999999999,14.8,0.0,1012.3,1,Low,0
Airplane,"(600, 1000]",1,1,2001-09-04,2.0,Colorado,Approach,Large,No Cloud,Canada goose,False,1000,True,2001,9,DENVER INTL AIRPORT,39.52920150756836,-104.65799713134766,6295.0,27.573111187238812,CO,KDEN_Denver,4.85,67.0,7.2,15.65,2.3,1001.3,1,Medium,1
Airplane,"(-1, 0]",1,1,2001-09-07,2.0,Illinois,Landing Roll,Small,No Cloud,Killdeer,False,0,False,2001,9,GREATER PEORIA REGIONAL ARPT,38.812906,-106.120062,7946.0,1287.5633843304047,IL,KORD_Chicago,14.5,64.5,13.05,12.9,0.0,1009.55,1,Medium,1
Airplane,"(-1, 0]",1,1,2001-09-09,2.0,New York,Take-off run,Large,Some Cloud,Unknown bird - large,True,0,False,2001,9,BUFFALO-NIAGARA INTL,42.940498,-78.732201,728.0,16.688896633415297,NY,KJFK_New_York,9.8,52.5,6.75,12.45,0.0,1007.25,1,High,2
Airplane,"(-1, 0]",1,1,2001-09-25,2.0,New York,Take-off run,Small,Some Cloud,Barn owl,False,0,False,2001,9,JOHN F KENNEDY INTL,40.639447,-73.779317,13.0,285.81600722845906,NY,KJFK_New_York,19.75,71.0,14.65,13.85,0.8999999999999999,1014.25,1,Medium,1
Airplane,"(600, 1000]",1,1,2001-10-03,2.0,Illinois,Climb,Small,No Cloud,Unknown bird - small,False,800,False,2001,10,CHICAGO O'HARE INTL ARPT,41.9786,-87.9048,680.0,4.16460023622371,IL,KORD_Chicago,5.55,68.0,7.550000000000001,8.9,0.0,1013.85,1,Low,0
Airplane,"(5000, 18000]",1,1,2001-10-05,2.0,Illinois,Climb,Large,No Cloud,Unknown bird - large,True,5500,False,2001,10,CHICAGO O'HARE INTL ARPT,41.9786,-87.9048,680.0,4.16460023622371,IL,KORD_Chicago,14.266666666666667,74.66666666666667,9.8,11.9,0.0,1016.3,1,High,2
Airplane,"(3000, 5000]",1,1,2001-10-06,2.0,New York,Approach,Small,No Cloud,Killdeer,False,4000,False,2001,10,JOHN F KENNEDY INTL,40.639447,-73.779317,13.0,285.81600722845906,NY,KJFK_New_York,12.4,64.0,10.5,14.1,0.0,1012.0,1,Low,0
Airplane,"(-1, 0]",1,1,2001-10-10,2.0,New York,Landing Roll,Small,Some Cloud,European golden-plover,True,0,False,2001,10,WESTCHESTER COUNTY ARPT,41.06700134277344,-73.70760345458984,439.0,243.3503200617849,NY,KJFK_New_York,13.45,70.0,19.9,11.9,0.0,1018.1,1,High,2
Airplane,"(3000, 5000]",1,1,2001-10-13,2.0,New York,Climb,Medium,No Cloud,Unknown bird - medium,False,4000,False,2001,10,ALBANY INTL,42.748299,-73.801697,285.0,94.50065050780267,NY,KJFK_New_York,15.55,72.0,6.65,16.1,0.4,1014.85,1,Low,0
Airplane,"(2000, 3000]",1,1,2001-10-15,2.0,New York,Approach,Medium,No Cloud,Unknown bird - medium,False,2500,False,2001,10,GREATER ROCHESTER INTL,43.1189,-77.672401,559.0,27.86996070509405,NY,KJFK_New_York,12.45,70.5,11.9,12.6,0.0,1021.45,1,Medium,1
Airplane,"(1000, 2000]",1,1,2001-10-15,2.0,Illinois,Approach,Small,No Cloud,Unknown bird - small,True,1200,True,2001,10,CHICAGO O'HARE INTL ARPT,41.9786,-87.9048,680.0,4.16460023622371,IL,KORD_Chicago,14.5,37.5,10.3,12.6,0.0,1022.4,1,Low,0
Airplane,"(-1, 0]",1,1,2001-10-17,2.0,Illinois,Landing Roll,Small,No Cloud,American robin,True,0,False,2001,10,QUAD CITY ARPT,39.6431007385,-89.14450073239999,630.0,33.991848342153304,IL,KORD_Chicago,11.5,68.0,12.45,10.0,0.0,1012.5,1,High,2
Airplane,"(-1, 0]",1,1,2001-10-21,2.0,Colorado,Take-off run,Small,Some Cloud,Unknown bird - small,False,0,False,2001,10,DENVER INTL AIRPORT,39.52920150756836,-104.65799713134766,6295.0,27.573111187238812,CO,KDEN_Denver,16.0,49.5,4.550000000000001,16.1,0.0,1011.35,1,Low,0
Airplane,"(30, 50]",1,1,2001-10-26,2.0,Illinois,Approach,Medium,Overcast,Unknown bird - medium,False,50,False,2001,10,CHICAGO O'HARE INTL ARPT,41.9786,-87.9048,680.0,4.16460023622371,IL,KORD_Chicago,6.8500000000000005,64.0,13.25,10.5,0.0,1008.3,1,High,2
Airplane,"(50, 100]",1,1,2001-10-31,2.0,New York,Approach,Large,Some Cloud,Canada goose,True,100,True,2001,10,ALBANY INTL,42.748299,-73.801697,285.0,94.50065050780267,NY,KJFK_New_York,5.2,70.0,8.0,7.45,0.0,1006.9,1,High,2
Airplane,"(2000, 3000]",1,1,2001-11-11,3.0,Illinois,Approach,Medium,Some Cloud,Unknown bird - medium,False,2500,False,2001,11,CHICAGO O'HARE INTL ARPT,41.9786,-87.9048,680.0,4.16460023622371,IL,KORD_Chicago,-0.3999999999999999,66.0,21.75,9.0,0.0,1008.8,1,Medium,1
Airplane,"(400, 600]",1,1,2001-11-18,2.0,New York,Approach,Medium,No Cloud,Unknown bird - medium,False,500,False,2001,11,GREATER ROCHESTER INTL,43.1189,-77.672401,559.0,27.86996070509405,NY,KJFK_New_York,14.733333333333334,64.0,5.833333333333333,14.833333333333334,1.4,1009.3666666666668,1,Low,0
Airplane,"(-1, 0]",1,1,2001-12-18,2.0,Illinois,Landing Roll,Medium,No Cloud,Unknown bird - medium,False,0,False,2001,12,GREATER PEORIA REGIONAL ARPT,38.812906,-106.120062,7946.0,1287.5633843304047,IL,KORD_Chicago,16.65,42.5,10.45,15.75,0.0,1014.0,1,Medium,1
Airplane,"(600, 1000]",1,1,2001-12-20,2.0,New York,Climb,Medium,Overcast,Unknown bird - medium,False,900,True,2001,12,BUFFALO-NIAGARA INTL,42.940498,-78.732201,728.0,16.688896633415297,NY,KJFK_New_York,13.3,72.0,15.5,14.5,0.0,1016.05,1,Medium,1
Airplane,"(-1, 0]",1,1,2002-01-05,2.0,Colorado,Take-off run,Small,No Cloud,Unknown bird - small,False,0,False,2002,1,DENVER INTL AIRPORT,39.52920150756836,-104.65799713134766,6295.0,27.573111187238812,CO,KDEN_Denver,9.4,67.5,12.6,16.1,0.0,1007.9,1,Medium,1
Airplane,"(400, 600]",1,1,2002-01-17,2.0,New York,Approach,Small,No Cloud,Unknown bird - small,False,500,True,2002,1,LAGUARDIA NY,40.777199,-73.872597,21.0,268.82670826154464,NY,KJFK_New_York,10.15,68.5,17.55,14.7,0.0,1011.25,1,Low,0
Airplane,"(10, 30]",1,1,2002-01-25,2.0,New York,Approach,Medium,No Cloud,Unknown bird - medium,False,20,False,2002,1,WESTCHESTER COUNTY ARPT,41.06700134277344,-73.70760345458984,439.0,243.3503200617849,NY,KJFK_New_York,30.9,88.5,7.8,13.6,0.0,1017.9,1,Medium,1
Airplane,"(400, 600]",1,1,2002-01-27,2.0,New York,Approach,Medium,Some Cloud,Unknown bird - medium,False,500,False,2002,1,LAGUARDIA NY,40.777199,-73.872597,21.0,268.82670826154464,NY,KJFK_New_York,11.2,46.5,11.85,15.1,2.8,1021.35,1,Low,0
Airplane,"(-1, 0]",1,1,2002-03-21,2.0,New York,Landing Roll,Medium,No Cloud,Ring-billed gull,True,0,False,2002,3,WESTCHESTER COUNTY ARPT,41.06700134277344,-73.70760345458984,439.0,243.3503200617849,NY,KJFK_New_York,15.35,53.5,23.9,14.0,6.3,1015.4,1,High,2
Airplane,"(200, 400]",1,1,2002-03-28,2.0,Illinois,Approach,Medium,Some Cloud,Unknown bird - medium,False,250,False,2002,3,CHICAGO MIDWAY INTL ARPT,41.785999,-87.752403,620.0,8.607490552607114,IL,KORD_Chicago,16.4,71.5,4.45,13.65,0.0,1014.95,1,Medium,1
Airplane,"(600, 1000]",1,1,2002-03-28,2.0,Illinois,Approach,Medium,No Cloud,Unknown bird - medium,False,800,False,2002,3,CHICAGO MIDWAY INTL ARPT,41.785999,-87.752403,620.0,8.607490552607114,IL,KORD_Chicago,16.4,71.5,4.45,13.65,0.0,1014.95,1,Low,0
Airplane,"(600, 1000]",1,1,2002-04-01,2.0,Illinois,Approach,Small,Some Cloud,Unknown bird - small,True,700,False,2002,4,CHICAGO O'HARE INTL ARPT,41.9786,-87.9048,680.0,4.16460023622371,IL,KORD_Chicago,0.5,45.0,9.3,12.2,0.0,1006.6,1,Low,0
Airplane,"(-1, 0]",1,1,2002-04-01,2.0,Illinois,Take-off run,Large,Some Cloud,White-tailed deer,True,0,False,2002,4,LAKE IN THE HILLS,42.206799,-88.322998,888.0,11.3397245202521,IL,KORD_Chicago,0.5,45.0,9.3,12.2,0.0,1006.6,1,High,2
Airplane,"(-1, 0]",1,1,2002-04-03,2.0,Illinois,Take-off run,Medium,Some Cloud,Red-tailed hawk,False,0,True,2002,4,CHICAGO MIDWAY INTL ARPT,41.785999,-87.752403,620.0,8.607490552607114,IL,KORD_Chicago,0.1000000000000005,64.0,11.1,12.8,1.7,1016.65,1,High,2
Airplane,"(1000, 2000]",1,1,2002-04-04,2.0,New York,Climb,Medium,Overcast,Unknown bird - medium,False,2000,False,2002,4,ALBANY INTL,42.748299,-73.801697,285.0,94.50065050780267,NY,KJFK_New_York,17.5,87.0,11.45,15.25,0.9,1019.1,1,Low,0
Airplane,"(3000, 5000]",1,1,2002-04-06,2.0,Illinois,Climb,Medium,Some Cloud,Red-tailed hawk,False,3400,False,2002,4,CHICAGO O'HARE INTL ARPT,41.9786,-87.9048,680.0,4.16460023622371,IL,KORD_Chicago,7.55,65.0,5.15,12.75,0.0,1013.25,1,Low,0
Airplane,"(200, 400]",1,1,2002-04-10,2.0,Illinois,Climb,Small,No Cloud,Unknown bird - small,True,400,False,2002,4,CHICAGO O'HARE INTL ARPT,41.9786,-87.9048,680.0,4.16460023622371,IL,KORD_Chicago,9.333333333333334,58.333333333333336,5.733333333333333,12.166666666666666,0.0,1016.5333333333332,1,Low,0
Airplane,"(-1, 0]",1,1,2002-04-10,2.0,Illinois,Take-off run,Large,Some Cloud,Snowy owl,True,0,False,2002,4,MERRILL C MEIGS ARPT,42.750099182128906,-77.78389739990234,910.0,816.3389135750635,IL,KORD_Chicago,9.333333333333334,58.333333333333336,5.733333333333333,12.166666666666666,0.0,1016.5333333333332,1,Medium,1
Airplane,"(5000, 18000]",1,1,2002-04-11,2.0,New York,Descent,Small,No Cloud,Unknown bird - small,False,5500,False,2002,4,ALBANY INTL,42.748299,-73.801697,285.0,94.50065050780267,NY,KJFK_New_York,6.2,43.5,1.9,11.3,0.0,1013.65,1,Low,0
Airplane,"(2000, 3000]",1,1,2002-04-17,2.0,Illinois,Approach,Small,No Cloud,Unknown bird - small,False,3000,True,2002,4,CHICAGO MIDWAY INTL ARPT,41.785999,-87.752403,620.0,8.607490552607114,IL,KORD_Chicago,7.6,96.5,8.3,15.05,1.4,1020.8,1,Low,0
Airplane,"(50, 100]",1,1,2002-04-19,2.0,Colorado,Climb,Small,Overcast,Rock pigeon,False,100,False,2002,4,DENVER INTL AIRPORT,39.52920150756836,-104.65799713134766,6295.0,27.573111187238812,CO,KDEN_Denver,7.65,64.5,3.1,12.65,0.0,1007.35,1,Low,0
Airplane,"(-1, 0]",1,1,2002-04-19,4.0,Illinois,Landing Roll,Medium,Overcast,Red-tailed hawk,True,0,False,2002,4,QUAD CITY ARPT,39.6431007385,-89.14450073239999,630.0,33.991848342153304,IL,KORD_Chicago,11.2,59.5,17.95,13.55,0.1,1010.2,1,High,2
Airplane,"(-1, 0]",1,1,2002-04-25,2.0,Illinois,Landing Roll,Medium,Some Cloud,Ring-billed gull,True,0,True,2002,4,CHICAGO MIDWAY INTL ARPT,41.785999,-87.752403,620.0,8.607490552607114,IL,KORD_Chicago,16.35,70.5,8.0,14.7,0.0,1011.95,1,High,2
Airplane,"(1000, 2000]",1,1,2002-04-26,1.0,Colorado,Approach,Medium,No Cloud,Unknown bird - medium,False,1800,False,2002,4,MEADOW LAKE ARPT,38.945801,-104.57,6874.0,22.628429608194832,CO,KDEN_Denver,10.35,73.5,9.3,14.35,0.0,1014.6,1,Medium,1
Airplane,"(-1, 0]",1,1,2002-05-01,2.0,Colorado,Take-off run,Medium,No Cloud,Unknown bird - medium,False,0,False,2002,5,COLORADO SPRINGS MUNICIPAL,38.805801,-104.700996,6187.0,38.3672452711314,CO,KDEN_Denver,12.55,77.0,7.9,14.7,0.0,1006.25,1,Medium,1
Airplane,"(400, 600]",1,1,2002-05-02,2.0,New York,Approach,Small,Overcast,Unknown bird - small,False,500,True,2002,5,GREATER ROCHESTER INTL,43.1189,-77.672401,559.0,27.86996070509405,NY,KJFK_New_York,15.133333333333333,74.66666666666667,9.033333333333331,13.7,0.1,1011.4,1,Low,0
Airplane,"(0, 10]",1,1,2002-05-03,2.0,Colorado,Approach,Medium,No Cloud,Unknown bird - medium,False,7,True,2002,5,DENVER INTL AIRPORT,39.52920150756836,-104.65799713134766,6295.0,27.573111187238812,CO,KDEN_Denver,12.0,75.0,7.45,16.1,0.0,1015.05,1,Medium,1
Airplane,"(2000, 3000]",1,1,2002-05-03,2.0,Illinois,Climb,Medium,No Cloud,Unknown bird - medium,False,2500,False,2002,5,CHICAGO O'HARE INTL ARPT,41.9786,-87.9048,680.0,4.16460023622371,IL,KORD_Chicago,16.6,67.0,5.699999999999999,14.0,0.0,1010.15,1,Low,0
Airplane,"(30, 50]",1,1,2002-05-04,2.0,New York,Approach,Small,No Cloud,Rock pigeon,False,50,False,2002,5,LAGUARDIA NY,40.777199,-73.872597,21.0,268.82670826154464,NY,KJFK_New_York,10.2,76.0,11.05,7.300000000000001,0.0,1012.45,1,Low,0
Airplane,"(-1, 0]",1,1,2002-05-07,2.0,New York,Take-off run,Medium,Some Cloud,Unknown bird - medium,True,0,True,2002,5,JOHN F KENNEDY INTL,40.639447,-73.779317,13.0,285.81600722845906,NY,KJFK_New_York,5.4,78.0,18.65,14.1,0.0,1007.05,1,Medium,1
Airplane,"(1000, 2000]",1,1,2002-05-08,2.0,New York,Climb,Medium,No Cloud,Unknown bird - medium,True,2000,True,2002,5,JOHN F KENNEDY INTL,40.639447,-73.779317,13.0,285.81600722845906,NY,KJFK_New_York,17.933333333333334,69.33333333333333,11.766666666666666,12.266666666666666,0.0,1010.8666666666668,1,Low,0
Airplane,"(-1, 0]",1,1,2002-05-09,2.0,New York,Take-off run,Small,Some Cloud,Unknown bird - small,False,0,False,2002,5,BUFFALO-NIAGARA INTL,42.940498,-78.732201,728.0,16.688896633415297,NY,KJFK_New_York,16.2,57.5,2.8,15.05,0.0,1013.75,1,Low,0
Airplane,"(1000, 2000]",1,1,2002-05-10,2.0,Illinois,Approach,Small,Some Cloud,Unknown bird - small,False,1500,True,2002,5,CHICAGO O'HARE INTL ARPT,41.9786,-87.9048,680.0,4.16460023622371,IL,KORD_Chicago,16.4,63.0,8.7,11.6,0.0,1012.4,1,Low,0
Airplane,"(-1, 0]",1,1,2002-05-11,2.0,New York,Landing Roll,Medium,Overcast,Herring gull,True,0,True,2002,5,JOHN F KENNEDY INTL,40.639447,-73.779317,13.0,285.81600722845906,NY,KJFK_New_York,12.75,76.5,8.65,12.65,0.0,1017.3,1,Medium,1
Airplane,"(-1, 0]",1,1,2002-05-14,2.0,New York,Take-off run,Medium,Overcast,Herring gull,True,0,True,2002,5,LAGUARDIA NY,40.777199,-73.872597,21.0,268.82670826154464,NY,KJFK_New_York,10.05,59.0,6.1,9.9,0.0,1014.15,1,Medium,1
Airplane,"(-1, 0]",1,1,2002-05-15,2.0,New York,Landing Roll,Small,No Cloud,Unknown bird - small,False,0,False,2002,5,WESTCHESTER COUNTY ARPT,41.06700134277344,-73.70760345458984,439.0,243.3503200617849,NY,KJFK_New_York,9.6,64.5,6.2,14.95,0.0,1009.1,1,Low,0
Airplane,"(-1, 0]",1,1,2002-05-20,2.0,Colorado,Take-off run,Small,Some Cloud,Unknown bird - small,False,0,True,2002,5,DENVER INTL AIRPORT,39.52920150756836,-104.65799713134766,6295.0,27.573111187238812,CO,KDEN_Denver,9.95,66.0,15.3,16.1,0.9,1024.8,1,High,2
Airplane,"(600, 1000]",1,1,2002-05-20,2.0,Illinois,Approach,Small,No Cloud,Unknown bird - small,False,1000,True,2002,5,CHICAGO MIDWAY INTL ARPT,41.785999,-87.752403,620.0,8.607490552607114,IL,KORD_Chicago,11.65,33.0,4.5,12.3,0.0,1017.55,1,Low,0
Airplane,"(-1, 0]",1,1,2002-05-29,2.0,New York,Take-off run,Medium,No Cloud,Herring gull,True,0,False,2002,5,LAGUARDIA NY,40.777199,-73.872597,21.0,268.82670826154464,NY,KJFK_New_York,8.8,62.5,11.1,15.75,0.0,1006.25,1,Low,0
Airplane,"(50, 100]",1,1,2002-06-07,2.0,New York,Climb,Small,Some Cloud,European starling,False,100,False,2002,6,WESTCHESTER COUNTY ARPT,41.06700134277344,-73.70760345458984,439.0,243.3503200617849,NY,KJFK_New_York,17.95,61.0,11.05,16.1,0.0,1009.6,1,Low,0
Airplane,"(-1, 0]",1,1,2002-06-10,2.0,Colorado,Take-off run,Small,No Cloud,Unknown bird - small,False,0,False,2002,6,DENVER INTL AIRPORT,39.52920150756836,-104.65799713134766,6295.0,27.573111187238812,CO,KDEN_Denver,27.03333333333333,60.0,8.799999999999999,15.800000000000002,3.1,1016.4666666666668,1,Medium,1
Airplane,"(2000, 3000]",1,1,2002-06-11,2.0,Illinois,Approach,Small,Some Cloud,Unknown bird - small,False,2500,True,2002,6,CHICAGO MIDWAY INTL ARPT,41.785999,-87.752403,620.0,8.607490552607114,IL,KORD_Chicago,1.95,56.5,4.65,15.05,0.7,1008.05,1,Low,0
Airplane,"(-1, 0]",1,1,2002-06-14,2.0,New York,Landing Roll,Small,Some Cloud,Unknown bird - small,False,0,True,2002,6,BUFFALO-NIAGARA INTL,42.940498,-78.732201,728.0,16.688896633415297,NY,KJFK_New_York,5.75,54.0,12.85,8.8,0.0,1012.65,1,High,2
Airplane,"(-1, 0]",1,1,2002-06-18,4.0,New York,Take-off run,Medium,No Cloud,Red-tailed hawk,True,0,False,2002,6,JOHN F KENNEDY INTL,40.639447,-73.779317,13.0,285.81600722845906,NY,KJFK_New_York,17.85,52.0,12.15,15.7,0.0,1014.55,1,Medium,1
Airplane,"(-1, 0]",1,1,2002-06-19,2.0,New York,Take-off run,Medium,No Cloud,Herring gull,True,0,False,2002,6,JOHN F KENNEDY INTL,40.639447,-73.779317,13.0,285.81600722845906,NY,KJFK_New_York,15.25,46.0,4.55,16.1,0.0,1013.85,1,Low,0
Airplane,"(-1, 0]",1,1,2002-06-22,2.0,New York,Take-off run,Small,No Cloud,Laughing gull,True,0,True,2002,6,JOHN F KENNEDY INTL,40.639447,-73.779317,13.0,285.81600722845906,NY,KJFK_New_York,0.6000000000000014,94.0,5.9,9.95,0.0,1007.6,1,Low,0
Airplane,"(-1, 0]",1,1,2002-06-24,2.0,Illinois,Take-off run,Small,No Cloud,Unknown bird - small,True,0,False,2002,6,QUAD CITY ARPT,39.6431007385,-89.14450073239999,630.0,33.991848342153304,IL,KORD_Chicago,12.0,74.0,6.5,13.05,0.0,1011.0,1,Low,0
Airplane,"(200, 400]",1,1,2002-07-05,2.0,Colorado,Approach,Medium,No Cloud,Unknown bird - medium,False,400,False,2002,7,DENVER INTL AIRPORT,39.52920150756836,-104.65799713134766,6295.0,27.573111187238812,CO,KDEN_Denver,4.3,63.5,7.15,12.4,0.0,1015.95,1,Medium,1
Airplane,"(50, 100]",1,1,2002-07-07,2.0,New York,Approach,Small,No Cloud,Unknown bird - small,False,100,False,2002,7,ALBANY INTL,42.748299,-73.801697,285.0,94.50065050780267,NY,KJFK_New_York,5.366666666666667,60.66666666666666,7.300000000000001,12.366666666666667,2.4,1018.0666666666666,1,Medium,1
Airplane,"(-1, 0]",1,1,2002-07-09,2.0,New York,Landing Roll,Small,No Cloud,House sparrow,True,0,False,2002,7,WESTCHESTER COUNTY ARPT,41.06700134277344,-73.70760345458984,439.0,243.3503200617849,NY,KJFK_New_York,20.0,43.0,5.5,15.95,2.5,1020.9,1,Medium,1
Airplane,"(5000, 18000]",1,1,2002-07-11,2.0,Illinois,Climb,Small,Some Cloud,Unknown bird - small,False,6000,False,2002,7,CHICAGO O'HARE INTL ARPT,41.9786,-87.9048,680.0,4.16460023622371,IL,KORD_Chicago,3.1499999999999995,80.5,12.65,8.1,0.0,1010.5,1,Medium,1
Airplane,"(200, 400]",1,1,2002-07-14,2.0,Illinois,Approach,Small,No Cloud,Unknown bird - small,False,350,False,2002,7,BLOOMINGTON/NORMAL,40.4771,-88.915901,871.0,9.96741417120628,IL,KORD_Chicago,8.4,74.5,10.6,9.2,0.0,1017.9,1,Low,0
Airplane,"(0, 10]",1,1,2002-07-15,2.0,Illinois,Climb,Medium,No Cloud,Unknown bird - medium,True,10,False,2002,7,CHICAGO O'HARE INTL ARPT,41.9786,-87.9048,680.0,4.16460023622371,IL,KORD_Chicago,15.7,89.0,11.8,10.6,0.0,1003.25,1,High,2
Airplane,"(-1, 0]",1,1,2002-07-19,2.0,Illinois,Landing Roll,Small,Overcast,American kestrel,False,0,False,2002,7,CHICAGO MIDWAY INTL ARPT,41.785999,-87.752403,620.0,8.607490552607114,IL,KORD_Chicago,25.2,75.5,30.0,15.8,0.0,1008.8,1,High,2
Airplane,"(-1, 0]",1,1,2002-07-21,2.0,New York,Landing Roll,Small,Some Cloud,Unknown bird - small,False,0,False,2002,7,BUFFALO-NIAGARA INTL,42.940498,-78.732201,728.0,16.688896633415297,NY,KJFK_New_York,31.1,93.0,9.9,14.8,0.0,1015.95,1,Medium,1
Airplane,"(-1, 0]",1,1,2002-07-22,2.0,New York,Landing Roll,Small,No Cloud,Barn swallow,True,0,False,2002,7,WESTCHESTER COUNTY ARPT,41.06700134277344,-73.70760345458984,439.0,243.3503200617849,NY,KJFK_New_York,11.4,41.0,6.15,14.6,0.0,1012.6,1,Low,0
Airplane,"(0, 10]",1,1,2002-07-22,2.0,Colorado,Approach,Small,Some Cloud,Mourning dove,False,10,False,2002,7,COLORADO SPRINGS MUNICIPAL,38.805801,-104.700996,6187.0,38.3672452711314,CO,KDEN_Denver,28.8,66.5,5.5,16.1,0.0,1013.45,1,Low,0
Airplane,"(10, 30]",1,1,2002-07-24,2.0,Illinois,Climb,Small,No Cloud,Unknown bird - small,False,20,False,2002,7,UNIV OF ILLINOIS -WILLARD ARPT,40.039819,-88.276249,755.0,25.148499963897123,IL,KORD_Chicago,20.53333333333333,71.33333333333333,9.766666666666667,11.1,3.8,1015.3333333333334,1,High,2
Airplane,"(-1, 0]",1,1,2002-07-24,2.0,Colorado,Take-off run,Small,No Cloud,Horned lark,False,0,False,2002,7,DENVER INTL AIRPORT,39.52920150756836,-104.65799713134766,6295.0,27.573111187238812,CO,KDEN_Denver,3.333333333333333,50.66666666666666,6.9,13.433333333333332,0.6,1019.1,1,Medium,1
Airplane,"(100, 200]",1,1,2002-07-27,2.0,Illinois,Approach,Small,No Cloud,Unknown bird - small,False,200,False,2002,7,GREATER PEORIA REGIONAL ARPT,38.812906,-106.120062,7946.0,1287.5633843304047,IL,KORD_Chicago,2.1,73.0,21.75,10.4,0.0,1010.7,1,Medium,1
Airplane,"(-1, 0]",1,1,2002-07-30,2.0,Colorado,Take-off run,Small,No Cloud,Unknown bird - small,False,0,True,2002,7,DENVER INTL AIRPORT,39.52920150756836,-104.65799713134766,6295.0,27.573111187238812,CO,KDEN_Denver,25.75,63.5,2.7,13.9,1.4,1012.1,1,Medium,1
Airplane,"(-1, 0]",1,1,2002-07-31,2.0,Illinois,Take-off run,Small,No Cloud,Unknown bird - small,False,0,False,2002,7,BLOOMINGTON/NORMAL,40.4771,-88.915901,871.0,9.96741417120628,IL,KORD_Chicago,15.85,68.0,10.2,14.85,0.5,1010.25,1,Medium,1
Airplane,"(5000, 18000]",1,1,2002-08-01,2.0,Illinois,Descent,Large,Some Cloud,Unknown bird - large,False,12000,False,2002,8,LITCHFIELD MUNICIPAL,39.162498,-89.674599,690.0,30.94339538129247,IL,KORD_Chicago,6.05,78.5,13.4,11.6,0.0,1012.65,1,Medium,1
Airplane,"(400, 600]",1,1,2002-08-01,2.0,New York,Approach,Small,No Cloud,Unknown bird - small,False,500,False,2002,8,BUFFALO-NIAGARA INTL,42.940498,-78.732201,728.0,16.688896633415297,NY,KJFK_New_York,14.25,81.5,15.4,16.1,0.0,1006.75,1,Low,0
Airplane,"(-1, 0]",1,1,2002-08-02,2.0,New York,Take-off run,Small,No Cloud,Mourning dove,False,0,False,2002,8,GREATER ROCHESTER INTL,43.1189,-77.672401,559.0,27.86996070509405,NY,KJFK_New_York,15.55,68.0,13.8,14.3,7.7,1014.95,1,Medium,1
Airplane,"(-1, 0]",1,1,2002-08-03,1.0,New York,Take-off run,Small,No Cloud,Mourning dove,False,0,False,2002,8,REPUBLIC AIRPORT,40.728576,-73.414267,82.0,287.70671637970247,NY,KJFK_New_York,13.45,74.5,6.25,10.6,0.0,1010.95,1,Low,0
Airplane,"(-1, 0]",1,1,2002-08-06,2.0,Illinois,Take-off run,Small,Some Cloud,Killdeer,True,0,False,2002,8,QUAD CITY ARPT,39.6431007385,-89.14450073239999,630.0,33.991848342153304,IL,KORD_Chicago,20.65,79.0,14.05,14.35,0.0,1011.1,1,Medium,1
Airplane,"(30, 50]",1,1,2002-08-08,3.0,Illinois,Climb,Small,No Cloud,Unknown bird - small,False,50,False,2002,8,CHICAGO O'HARE INTL ARPT,41.9786,-87.9048,680.0,4.16460023622371,IL,KORD_Chicago,19.85,68.5,12.75,15.9,0.0,1017.05,1,Medium,1
Airplane,"(200, 400]",1,1,2002-08-11,2.0,Illinois,Approach,Small,Some Cloud,Unknown bird - small,False,300,False,2002,8,GREATER PEORIA REGIONAL ARPT,38.812906,-106.120062,7946.0,1287.5633843304047,IL,KORD_Chicago,11.9,69.0,10.7,7.1000000000000005,0.0,1009.05,1,Low,0
Airplane,"(-1, 0]",1,1,2002-08-11,2.0,Illinois,Landing Roll,Medium,Some Cloud,Ring-billed gull,True,0,False,2002,8,MERRILL C MEIGS ARPT,42.750099182128906,-77.78389739990234,910.0,816.3389135750635,IL,KORD_Chicago,11.9,69.0,10.7,7.1000000000000005,0.0,1009.05,1,High,2
Airplane,"(-1, 0]",1,1,2002-08-13,2.0,New York,Take-off run,Medium,No Cloud,Unknown bird - medium,True,0,True,2002,8,BUFFALO-NIAGARA INTL,42.940498,-78.732201,728.0,16.688896633415297,NY,KJFK_New_York,3.15,77.5,6.6,7.7,0.0,1020.85,1,High,2
Airplane,"(-1, 0]",1,1,2002-08-13,2.0,Colorado,Take-off run,Small,No Cloud,Unknown bird - small,False,0,True,2002,8,DENVER INTL AIRPORT,39.52920150756836,-104.65799713134766,6295.0,27.573111187238812,CO,KDEN_Denver,18.5,70.5,26.2,12.45,0.0,1002.85,1,High,2
Airplane,"(1000, 2000]",1,1,2002-08-13,2.0,Illinois,Climb,Small,Overcast,Unknown bird - small,False,2000,True,2002,8,CHICAGO MIDWAY INTL ARPT,41.785999,-87.752403,620.0,8.607490552607114,IL,KORD_Chicago,22.2,68.5,10.35,11.6,0.9,1011.6,1,Medium,1
Airplane,"(50, 100]",1,1,2002-08-13,2.0,New York,Approach,Small,No Cloud,Unknown bird - small,False,100,False,2002,8,LAGUARDIA NY,40.777199,-73.872597,21.0,268.82670826154464,NY,KJFK_New_York,3.15,77.5,6.6,7.7,0.0,1020.85,1,Low,0
Airplane,"(-1, 0]",1,1,2002-08-14,2.0,Illinois,Landing Roll,Large,Overcast,Unknown bird - large,False,0,False,2002,8,DUPAGE AIRPORT,41.90779877,-88.24859619,759.0,32.15621751349237,IL,KORD_Chicago,3.1,71.0,9.9,14.6,0.0,1007.25,1,High,2
Airplane,"(-1, 0]",1,1,2002-08-18,2.0,Illinois,Take-off run,Small,No Cloud,Unknown bird - small,False,0,False,2002,8,CHICAGO O'HARE INTL ARPT,41.9786,-87.9048,680.0,4.16460023622371,IL,KORD_Chicago,17.2,57.5,12.6,12.65,0.0,1014.75,1,High,2
Airplane,"(-1, 0]",1,1,2002-08-20,2.0,Illinois,Take-off run,Small,Some Cloud,Unknown bird - small,False,0,False,2002,8,GREATER KANKAKEE ARPT,41.07139968869999,-87.8462982178,630.0,10.215583424947566,IL,KORD_Chicago,6.566666666666666,67.33333333333333,9.933333333333334,13.466666666666669,1.6,1015.9666666666668,1,Medium,1
Airplane,"(400, 600]",1,1,2002-08-22,1.0,Colorado,Climb,Large,Some Cloud,Unknown bird - large,False,500,False,2002,8,GREELEY-WELD COUNTY ARPT,40.4374008179,-104.633003235,4697.0,63.268475829905256,CO,KDEN_Denver,10.05,66.0,8.75,14.95,0.0,1013.8,1,Low,0
Airplane,"(-1, 0]",1,1,2002-08-25,2.0,New York,Landing Roll,Medium,No Cloud,Peregrine falcon,True,0,False,2002,8,JOHN F KENNEDY INTL,40.639447,-73.779317,13.0,285.81600722845906,NY,KJFK_New_York,8.5,56.0,7.85,16.1,0.0,1017.6,1,Medium,1
Airplane,"(-1, 0]",1,1,2002-08-27,2.0,New York,Take-off run,Small,Some Cloud,Killdeer,True,0,False,2002,8,GREATER BINGHAMTON ARPT,39.9734,-90.403702,465.0,928.1562052517568,NY,KJFK_New_York,8.3,76.5,14.15,16.1,2.2,1013.05,1,Low,0
Airplane,"(5000, 18000]",1,1,2002-08-28,2.0,Colorado,Climb,Small,No Cloud,Unknown bird - small,False,12000,True,2002,8,DENVER INTL AIRPORT,39.52920150756836,-104.65799713134766,6295.0,27.573111187238812,CO,KDEN_Denver,7.3,74.5,2.8,11.05,0.0,1007.45,1,Low,0
Airplane,"(5000, 18000]",1,1,2002-08-29,2.0,Illinois,Climb,Medium,No Cloud,Unknown bird - medium,False,6000,False,2002,8,CHICAGO O'HARE INTL ARPT,41.9786,-87.9048,680.0,4.16460023622371,IL,KORD_Chicago,10.05,59.5,15.25,14.4,0.0,1016.8,1,Medium,1
Airplane,"(0, 10]",1,1,2002-08-30,2.0,Illinois,Climb,Small,No Cloud,Unknown bird - small,False,10,True,2002,8,CHICAGO O'HARE INTL ARPT,41.9786,-87.9048,680.0,4.16460023622371,IL,KORD_Chicago,11.35,71.5,7.199999999999999,12.55,0.0,1006.1,1,Low,0
Airplane,"(0, 10]",1,1,2002-09-02,2.0,New York,Approach,Small,Overcast,Rock pigeon,False,5,True,2002,9,LAGUARDIA NY,40.777199,-73.872597,21.0,268.82670826154464,NY,KJFK_New_York,19.2,66.5,4.550000000000001,15.15,1.0,1006.65,1,Low,0
Airplane,"(400, 600]",1,1,2002-09-04,2.0,Illinois,Approach,Small,No Cloud,Unknown bird - small,False,500,False,2002,9,GREATER PEORIA REGIONAL ARPT,38.812906,-106.120062,7946.0,1287.5633843304047,IL,KORD_Chicago,12.3,83.0,7.55,16.1,0.5,1008.5,1,Low,0
Airplane,"(-1, 0]",1,1,2002-09-05,2.0,Illinois,Parked,Small,No Cloud,Unknown bird - small,False,0,False,2002,9,GREATER PEORIA REGIONAL ARPT,38.812906,-106.120062,7946.0,1287.5633843304047,IL,KORD_Chicago,11.35,67.5,7.699999999999999,13.75,0.0,1012.7,1,Low,0
Airplane,"(-1, 0]",1,1,2002-09-08,2.0,New York,Landing Roll,Medium,No Cloud,Unknown bird - medium,False,0,False,2002,9,WESTCHESTER COUNTY ARPT,41.06700134277344,-73.70760345458984,439.0,243.3503200617849,NY,KJFK_New_York,13.1,69.5,9.4,10.5,0.0,1008.15,1,High,2
Airplane,"(1000, 2000]",1,1,2002-09-09,2.0,Illinois,Approach,Small,No Cloud,Unknown bird - small,True,2000,False,2002,9,CHICAGO O'HARE INTL ARPT,41.9786,-87.9048,680.0,4.16460023622371,IL,KORD_Chicago,9.7,51.5,9.5,12.9,0.0,1014.8,1,Low,0
Airplane,"(-1, 0]",1,1,2002-09-10,2.0,New York,Take-off run,Small,No Cloud,Unknown bird - small,False,0,False,2002,9,GREATER ROCHESTER INTL,43.1189,-77.672401,559.0,27.86996070509405,NY,KJFK_New_York,11.45,62.5,12.75,14.35,0.0,1017.0,1,Medium,1
Airplane,"(100, 200]",1,1,2002-09-10,2.0,Illinois,Climb,Medium,No Cloud,Unknown bird - medium,False,200,True,2002,9,CHICAGO O'HARE INTL ARPT,41.9786,-87.9048,680.0,4.16460023622371,IL,KORD_Chicago,9.3,85.0,12.3,16.1,0.0,1010.5,1,High,2
Airplane,"(100, 200]",1,1,2002-09-11,2.0,Illinois,Climb,Large,No Cloud,Canada goose,True,200,False,2002,9,CHICAGO O'HARE INTL ARPT,41.9786,-87.9048,680.0,4.16460023622371,IL,KORD_Chicago,8.233333333333333,60.333333333333336,13.433333333333332,13.266666666666667,0.8,1014.5,1,High,2
Airplane,"(1000, 2000]",1,1,2002-09-11,2.0,New York,Approach,Small,Some Cloud,Unknown bird - small,False,2000,False,2002,9,LAGUARDIA NY,40.777199,-73.872597,21.0,268.82670826154464,NY,KJFK_New_York,3.433333333333333,54.333333333333336,9.933333333333332,15.766666666666667,0.0,1014.3333333333334,1,Low,0
Airplane,"(-1, 0]",1,1,2002-09-12,2.0,New York,Landing Roll,Medium,No Cloud,Unknown bird - medium,True,0,False,2002,9,JOHN F KENNEDY INTL,40.639447,-73.779317,13.0,285.81600722845906,NY,KJFK_New_York,19.4,49.5,17.4,10.45,0.0,1011.9,1,High,2
Airplane,"(-1, 0]",1,1,2002-09-15,2.0,Illinois,Take-off run,Small,Some Cloud,Unknown bird - small,True,0,False,2002,9,QUAD CITY ARPT,39.6431007385,-89.14450073239999,630.0,33.991848342153304,IL,KORD_Chicago,16.35,89.0,16.35,16.1,0.0,1022.3,1,Medium,1
Airplane,"(-1, 0]",1,1,2002-09-15,2.0,New York,Landing Roll,Medium,Overcast,Mallard,True,0,False,2002,9,WESTCHESTER COUNTY ARPT,41.06700134277344,-73.70760345458984,439.0,243.3503200617849,NY,KJFK_New_York,8.5,44.5,11.0,15.05,0.0,1015.25,1,Medium,1
Airplane,"(30, 50]",1,1,2002-09-17,2.0,Illinois,Approach,Small,No Cloud,Killdeer,False,50,False,2002,9,DUPAGE AIRPORT,41.90779877,-88.24859619,759.0,32.15621751349237,IL,KORD_Chicago,25.166666666666668,50.66666666666666,10.133333333333333,11.533333333333331,0.0,1009.3666666666668,1,Medium,1
Airplane,"(200, 400]",1,1,2002-09-18,2.0,Illinois,Approach,Small,Overcast,European starling,False,300,False,2002,9,GREATER ROCKFORD,42.1954,-89.097198,742.0,37.23938268045538,IL,KORD_Chicago,15.75,44.0,5.050000000000001,13.95,0.0,1011.45,1,Low,0
Airplane,"(2000, 3000]",1,1,2002-09-25,2.0,Illinois,Approach,Small,No Cloud,Unknown bird - small,False,2500,False,2002,9,CHICAGO MIDWAY INTL ARPT,41.785999,-87.752403,620.0,8.607490552607114,IL,KORD_Chicago,2.6499999999999995,43.0,8.75,13.15,0.0,1009.8,1,Low,0
Airplane,"(0, 10]",1,1,2002-09-26,4.0,Illinois,Climb,Medium,No Cloud,Unknown bird - medium,False,10,False,2002,9,ABRAHAM LINCOLN CAPITAL ARPT,39.844101,-89.677902,598.0,24.88369746449472,IL,KORD_Chicago,12.1,59.5,11.15,11.65,0.0,1016.85,1,High,2
Airplane,"(-1, 0]",1,1,2002-09-27,2.0,New York,Take-off run,Medium,Overcast,Ring-billed gull,True,0,True,2002,9,ALBANY INTL,42.748299,-73.801697,285.0,94.50065050780267,NY,KJFK_New_York,17.95,47.5,5.6,11.3,0.0,1010.0,1,Medium,1
Airplane,"(-1, 0]",1,1,2002-09-27,2.0,New York,Landing Roll,Medium,Overcast,Ring-billed gull,True,0,True,2002,9,ALBANY INTL,42.748299,-73.801697,285.0,94.50065050780267,NY,KJFK_New_York,17.95,47.5,5.6,11.3,0.0,1010.0,1,High,2
Airplane,"(1000, 2000]",1,1,2002-09-27,2.0,Illinois,Climb,Small,No Cloud,Unknown bird - small,False,1200,True,2002,9,CHICAGO MIDWAY INTL ARPT,41.785999,-87.752403,620.0,8.607490552607114,IL,KORD_Chicago,18.85,79.0,8.15,10.3,0.5,1009.25,1,Medium,1
Airplane,"(1000, 2000]",1,1,2002-09-28,2.0,New York,Climb,Large,Some Cloud,Double-crested cormorant,True,1500,True,2002,9,JOHN F KENNEDY INTL,40.639447,-73.779317,13.0,285.81600722845906,NY,KJFK_New_York,5.0,66.33333333333333,12.3,13.766666666666666,0.0,1019.9666666666666,1,Medium,1
Airplane,"(1000, 2000]",1,1,2002-09-30,1.0,Colorado,Approach,Small,No Cloud,Unknown bird - small,False,1300,False,2002,9,MEADOW LAKE ARPT,38.945801,-104.57,6874.0,22.628429608194832,CO,KDEN_Denver,15.7,50.0,17.95,10.6,0.0,1010.45,1,Medium,1
Airplane,"(3000, 5000]",1,1,2002-09-30,3.0,Illinois,Climb,Medium,No Cloud,Unknown bird - medium,False,4000,False,2002,9,WAUKEGAN REGIONAL ARPT,42.422199249268,-87.867897033691,727.0,47.79741233555611,IL,KORD_Chicago,5.65,64.5,6.550000000000001,14.75,0.9,1014.85,1,Low,0
Airplane,"(600, 1000]",1,1,2002-10-02,2.0,Illinois,Approach,Medium,Overcast,Unknown bird - medium,True,700,False,2002,10,CHICAGO O'HARE INTL ARPT,41.9786,-87.9048,680.0,4.16460023622371,IL,KORD_Chicago,17.55,74.0,6.6,10.9,0.0,1021.05,1,Medium,1
Airplane,"(5000, 18000]",1,1,2002-10-02,2.0,New York,Descent,Medium,No Cloud,Unknown bird - medium,False,9000,True,2002,10,JOHN F KENNEDY INTL,40.639447,-73.779317,13.0,285.81600722845906,NY,KJFK_New_York,6.15,73.0,14.85,12.05,0.0,1012.65,1,Low,0
Airplane,"(2000, 3000]",1,1,2002-10-03,2.0,New York,Approach,Large,Overcast,Unknown bird - large,False,3000,False,2002,10,WESTCHESTER COUNTY ARPT,41.06700134277344,-73.70760345458984,439.0,243.3503200617849,NY,KJFK_New_York,11.3,42.66666666666666,16.0,15.5,0.3,1013.8666666666668,1,Medium,1
Airplane,"(-1, 0]",1,1,2002-10-06,2.0,New York,Landing Roll,Medium,Overcast,Ring-billed gull,True,0,False,2002,10,JOHN F KENNEDY INTL,40.639447,-73.779317,13.0,285.81600722845906,NY,KJFK_New_York,9.15,72.5,9.95,16.1,0.0,1008.3,1,Medium,1
Airplane,"(3000, 5000]",1,1,2002-10-08,2.0,New York,Descent,Medium,No Cloud,Unknown bird - medium,False,4000,True,2002,10,LAGUARDIA NY,40.777199,-73.872597,21.0,268.82670826154464,NY,KJFK_New_York,21.2,74.0,2.9000000000000004,12.9,0.0,1013.7,1,Low,0
Airplane,"(2000, 3000]",1,1,2002-10-13,2.0,Illinois,Climb,Medium,No Cloud,Unknown bird - medium,False,3000,True,2002,10,CHICAGO MIDWAY INTL ARPT,41.785999,-87.752403,620.0,8.607490552607114,IL,KORD_Chicago,3.0,77.0,7.65,14.15,3.4,1013.0,1,Medium,1
Airplane,"(1000, 2000]",1,1,2002-10-14,2.0,New York,Approach,Medium,No Cloud,Unknown bird - medium,False,2000,True,2002,10,ALBANY INTL,42.748299,-73.801697,285.0,94.50065050780267,NY,KJFK_New_York,7.8,91.33333333333331,3.233333333333333,14.366666666666667,0.0,1012.9333333333334,1,Low,0
Airplane,"(400, 600]",1,1,2002-10-16,2.0,New York,Approach,Medium,No Cloud,Unknown bird - medium,False,500,True,2002,10,LAGUARDIA NY,40.777199,-73.872597,21.0,268.82670826154464,NY,KJFK_New_York,15.35,64.0,11.65,15.8,0.0,1007.7,1,Low,0
Airplane,"(600, 1000]",1,1,2002-10-24,2.0,Illinois,Climb,Medium,Some Cloud,Unknown bird - medium,False,1000,False,2002,10,ST LOUIS DOWNTOWN,38.570701599100005,-90.1561965942,413.0,106.7209972741952,IL,KORD_Chicago,12.15,68.0,12.35,10.65,8.4,1011.9,1,Medium,1
Airplane,"(1000, 2000]",1,1,2002-10-30,2.0,New York,Approach,Large,Overcast,Unknown bird - large,True,1700,False,2002,10,LONG ISLAND MAC ARTHUR,40.796324,-73.101703,99.0,292.8807816425768,NY,KJFK_New_York,7.55,67.0,6.7,11.9,0.0,1008.65,1,Low,0
Airplane,"(3000, 5000]",1,1,2002-11-06,2.0,New York,Approach,Medium,Some Cloud,Unknown bird - medium,False,4000,False,2002,11,LAGUARDIA NY,40.777199,-73.872597,21.0,268.82670826154464,NY,KJFK_New_York,11.3,48.5,10.25,12.15,0.0,1019.45,1,Low,0
Airplane,"(-1, 0]",1,1,2002-11-07,2.0,New York,Take-off run,Medium,No Cloud,Unknown bird - medium,False,0,True,2002,11,LONG ISLAND MAC ARTHUR,40.796324,-73.101703,99.0,292.8807816425768,NY,KJFK_New_York,8.75,79.0,12.45,13.85,0.0,1014.9,1,Medium,1
Airplane,"(-1, 0]",1,1,2002-11-07,1.0,New York,Take-off run,Small,No Cloud,Unknown bird - small,True,0,False,2002,11,LONG ISLAND MAC ARTHUR,40.796324,-73.101703,99.0,292.8807816425768,NY,KJFK_New_York,8.75,79.0,12.45,13.85,0.0,1014.9,1,Medium,1
Airplane,"(1000, 2000]",1,1,2002-11-07,2.0,New York,Approach,Medium,No Cloud,Unknown bird - medium,False,1200,True,2002,11,WESTCHESTER COUNTY ARPT,41.06700134277344,-73.70760345458984,439.0,243.3503200617849,NY,KJFK_New_York,8.75,79.0,12.45,13.85,0.0,1014.9,1,Medium,1
Airplane,"(-1, 0]",1,1,2002-11-13,2.0,New York,Landing Roll,Small,Overcast,Unknown bird - small,True,0,False,2002,11,LONG ISLAND MAC ARTHUR,40.796324,-73.101703,99.0,292.8807816425768,NY,KJFK_New_York,18.200000000000003,59.5,18.9,13.1,0.7,1020.7,1,Medium,1
Airplane,"(1000, 2000]",1,1,2002-11-16,2.0,New York,Climb,Large,Overcast,Unknown bird - large,False,1500,False,2002,11,LAGUARDIA NY,40.777199,-73.872597,21.0,268.82670826154464,NY,KJFK_New_York,12.866666666666667,74.66666666666667,9.5,10.666666666666666,0.0,1017.9666666666668,1,Low,0
Airplane,"(-1, 0]",1,1,2002-11-16,2.0,New York,Landing Roll,Medium,Overcast,Ring-billed gull,False,0,False,2002,11,JOHN F KENNEDY INTL,40.639447,-73.779317,13.0,285.81600722845906,NY,KJFK_New_York,12.866666666666667,74.66666666666667,9.5,10.666666666666666,0.0,1017.9666666666668,1,High,2
Airplane,"(-1, 0]",1,1,2002-11-16,2.0,New York,Take-off run,Medium,Overcast,Peregrine falcon,True,0,False,2002,11,JOHN F KENNEDY INTL,40.639447,-73.779317,13.0,285.81600722845906,NY,KJFK_New_York,12.866666666666667,74.66666666666667,9.5,10.666666666666666,0.0,1017.9666666666668,1,Medium,1
Airplane,"(5000, 18000]",1,1,2002-11-18,2.0,New York,Approach,Medium,Some Cloud,Unknown bird - medium,False,6000,False,2002,11,WESTCHESTER COUNTY ARPT,41.06700134277344,-73.70760345458984,439.0,243.3503200617849,NY,KJFK_New_York,21.1,67.0,5.35,13.75,0.0,1014.0,1,Low,0
Airplane,"(-1, 0]",1,1,2002-11-22,2.0,Colorado,Landing Roll,Small,No Cloud,Unknown bird - small,True,0,False,2002,11,DENVER INTL AIRPORT,39.52920150756836,-104.65799713134766,6295.0,27.573111187238812,CO,KDEN_Denver,10.9,46.333333333333336,14.133333333333333,13.9,0.0,1016.8333333333334,1,High,2
Airplane,"(1000, 2000]",1,1,2002-11-25,2.0,New York,Approach,Small,No Cloud,Unknown bird - small,False,2000,False,2002,11,LAGUARDIA NY,40.777199,-73.872597,21.0,268.82670826154464,NY,KJFK_New_York,22.15,63.5,9.7,14.35,0.0,1013.7,1,Low,0
Airplane,"(-1, 0]",1,1,2002-11-29,2.0,Colorado,Take-off run,Small,No Cloud,Horned lark,True,0,False,2002,11,DENVER INTL AIRPORT,39.52920150756836,-104.65799713134766,6295.0,27.573111187238812,CO,KDEN_Denver,1.25,65.5,7.4,11.85,1.3,1024.05,1,Medium,1
Airplane,"(100, 200]",1,1,2002-12-17,2.0,Colorado,Climb,Small,Some Cloud,Unknown bird - small,False,200,False,2002,12,DENVER INTL AIRPORT,39.52920150756836,-104.65799713134766,6295.0,27.573111187238812,CO,KDEN_Denver,16.65,50.5,14.75,14.6,0.0,1012.75,1,Medium,1
Airplane,"(-1, 0]",1,1,2002-12-19,2.0,Colorado,Landing Roll,Small,No Cloud,Unknown bird - small,False,0,False,2002,12,DENVER INTL AIRPORT,39.52920150756836,-104.65799713134766,6295.0,27.573111187238812,CO,KDEN_Denver,11.866666666666667,74.33333333333333,10.466666666666669,12.333333333333334,0.0,1014.5,1,High,2
Airplane,"(30, 50]",1,1,2002-12-22,2.0,New York,Approach,Medium,Some Cloud,Mallard,True,50,False,2002,12,JOHN F KENNEDY INTL,40.639447,-73.779317,13.0,285.81600722845906,NY,KJFK_New_York,8.45,63.5,4.65,16.1,0.0,1012.55,1,Low,0
Airplane,"(-1, 0]",1,1,2003-01-01,2.0,New York,Take-off run,Medium,Overcast,Herring gull,True,0,False,2003,1,JOHN F KENNEDY INTL,40.639447,-73.779317,13.0,285.81600722845906,NY,KJFK_New_York,1.25,66.5,13.75,15.55,0.0,1017.8,1,Medium,1
Airplane,"(200, 400]",1,1,2003-01-22,2.0,Illinois,Approach,Small,No Cloud,Rock pigeon,False,300,False,2003,1,CHICAGO O'HARE INTL ARPT,41.9786,-87.9048,680.0,4.16460023622371,IL,KORD_Chicago,3.05,66.5,17.55,15.05,0.0,1003.55,1,Medium,1
Airplane,"(200, 400]",1,1,2003-01-31,1.0,Illinois,Approach,Small,Overcast,Unknown bird - small,False,250,False,2003,1,ST LOUIS DOWNTOWN,38.570701599100005,-90.1561965942,413.0,106.7209972741952,IL,KORD_Chicago,13.7,50.5,5.55,10.0,0.0,1013.85,1,Low,0
Airplane,"(30, 50]",1,1,2003-02-03,2.0,New York,Approach,Small,Some Cloud,Unknown bird - small,True,50,False,2003,2,JOHN F KENNEDY INTL,40.639447,-73.779317,13.0,285.81600722845906,NY,KJFK_New_York,20.8,56.0,6.7,15.0,0.0,1021.2,1,Low,0
Airplane,"(-1, 0]",1,1,2003-02-04,2.0,Illinois,Take-off run,Small,Some Cloud,Unknown bird - small,False,0,False,2003,2,QUAD CITY ARPT,39.6431007385,-89.14450073239999,630.0,33.991848342153304,IL,KORD_Chicago,16.7,32.5,11.5,16.1,0.0,1016.55,1,Medium,1
Airplane,"(200, 400]",1,1,2003-02-28,2.0,Illinois,Approach,Small,Some Cloud,Unknown bird - small,False,300,True,2003,2,CHICAGO O'HARE INTL ARPT,41.9786,-87.9048,680.0,4.16460023622371,IL,KORD_Chicago,21.15,90.0,6.5,11.2,6.199999999999999,1007.3,1,Medium,1
Airplane,"(100, 200]",1,1,2003-03-05,2.0,Colorado,Approach,Medium,No Cloud,Unknown bird - medium,False,150,False,2003,3,CENTENNIAL ARPT,39.57009888,-104.848999,5885.0,22.177781438130427,CO,KDEN_Denver,11.7,66.5,7.9,12.15,0.0,1004.65,1,High,2
Airplane,"(0, 10]",1,1,2003-03-17,2.0,Colorado,Approach,Small,Some Cloud,Unknown bird - small,True,5,False,2003,3,DENVER INTL AIRPORT,39.52920150756836,-104.65799713134766,6295.0,27.573111187238812,CO,KDEN_Denver,13.699999999999998,72.33333333333333,6.866666666666667,13.9,0.0,1016.5666666666668,1,Low,0
Airplane,"(100, 200]",1,1,2003-03-25,2.0,New York,Climb,Small,No Cloud,Rock pigeon,False,200,False,2003,3,BUFFALO-NIAGARA INTL,42.940498,-78.732201,728.0,16.688896633415297,NY,KJFK_New_York,24.85,79.0,7.949999999999999,13.85,0.0,1012.65,1,Medium,1
Airplane,"(0, 10]",1,1,2003-03-27,2.0,New York,Climb,Large,No Cloud,Unknown bird - large,False,10,False,2003,3,LAGUARDIA NY,40.777199,-73.872597,21.0,268.82670826154464,NY,KJFK_New_York,18.4,68.0,15.5,13.55,0.0,1017.15,1,Medium,1
Airplane,"(200, 400]",1,1,2003-03-31,2.0,New York,Climb,Large,No Cloud,Double-crested cormorant,True,400,False,2003,3,JOHN F KENNEDY INTL,40.639447,-73.779317,13.0,285.81600722845906,NY,KJFK_New_York,4.4,39.5,10.75,13.75,0.0,1008.85,1,Low,0
Airplane,"(-1, 0]",1,1,2003-04-01,2.0,New York,Landing Roll,Large,No Cloud,Black-tailed jackrabbit,True,0,False,2003,4,JOHN F KENNEDY INTL,40.639447,-73.779317,13.0,285.81600722845906,NY,KJFK_New_York,7.7,62.0,19.9,12.0,0.0,1012.95,1,High,2
Airplane,"(0, 10]",1,1,2003-04-13,2.0,Illinois,Approach,Small,No Cloud,Unknown bird - small,True,10,False,2003,4,CHICAGO O'HARE INTL ARPT,41.9786,-87.9048,680.0,4.16460023622371,IL,KORD_Chicago,5.8,45.5,9.75,15.3,0.0,1009.9,1,Medium,1
Airplane,"(-1, 0]",1,1,2003-04-14,2.0,New York,Take-off run,Large,No Cloud,Canada goose,True,0,False,2003,4,BUFFALO-NIAGARA INTL,42.940498,-78.732201,728.0,16.688896633415297,NY,KJFK_New_York,11.366666666666667,68.66666666666667,16.066666666666666,12.066666666666668,0.0,1010.8333333333334,1,High,2
Airplane,"(200, 400]",1,1,2003-04-21,2.0,New York,Approach,Small,Some Cloud,Unknown bird - small,False,300,False,2003,4,SYRACUSE HANCOCK INTL,43.11119842529297,-76.1063003540039,421.0,30.07276586498391,NY,KJFK_New_York,14.55,46.0,5.75,13.45,1.2,1015.5,1,Low,0
Airplane,"(200, 400]",1,1,2003-04-29,4.0,Illinois,Approach,Small,Some Cloud,Unknown bird - small,False,300,False,2003,4,CHICAGO O'HARE INTL ARPT,41.9786,-87.9048,680.0,4.16460023622371,IL,KORD_Chicago,14.75,48.0,6.25,15.55,4.6000000000000005,1010.35,1,Low,0
Airplane,"(-1, 0]",1,1,2003-05-04,4.0,New York,Take-off run,Large,Some Cloud,Great black-backed gull,True,0,False,2003,5,JOHN F KENNEDY INTL,40.639447,-73.779317,13.0,285.81600722845906,NY,KJFK_New_York,1.6,47.0,9.8,15.35,0.3,1015.6,1,Medium,1
Airplane,"(10, 30]",1,1,2003-05-06,1.0,Illinois,Climb,Small,No Cloud,Unknown bird - small,False,25,False,2003,5,UNIV OF ILLINOIS -WILLARD ARPT,40.039819,-88.276249,755.0,25.148499963897123,IL,KORD_Chicago,6.5,89.0,13.733333333333334,12.7,0.0,1011.4333333333334,1,Medium,1
Airplane,"(1000, 2000]",1,1,2003-05-07,2.0,Illinois,Climb,Medium,Some Cloud,Unknown bird - medium,True,2000,False,2003,5,CHICAGO O'HARE INTL ARPT,41.9786,-87.9048,680.0,4.16460023622371,IL,KORD_Chicago,4.1,87.0,12.05,16.0,2.1,1010.4,1,Medium,1
Airplane,"(1000, 2000]",1,1,2003-05-09,2.0,Illinois,Approach,Small,Some Cloud,Unknown bird - small,False,2000,False,2003,5,BLOOMINGTON/NORMAL,40.4771,-88.915901,871.0,9.96741417120628,IL,KORD_Chicago,26.05,94.5,4.3,13.05,0.0,1015.75,1,Low,0
Airplane,"(2000, 3000]",1,1,2003-05-11,2.0,Illinois,Approach,Small,Some Cloud,Unknown bird - small,False,3000,False,2003,5,CHICAGO O'HARE INTL ARPT,41.9786,-87.9048,680.0,4.16460023622371,IL,KORD_Chicago,17.866666666666667,65.66666666666667,5.966666666666666,14.066666666666668,0.0,1012.6,1,Low,0
Airplane,"(-1, 0]",1,1,2003-05-11,2.0,New York,Landing Roll,Medium,Overcast,Herring gull,True,0,True,2003,5,JOHN F KENNEDY INTL,40.639447,-73.779317,13.0,285.81600722845906,NY,KJFK_New_York,1.4333333333333336,90.0,13.033333333333331,15.1,0.0,1012.4333333333334,1,Medium,1
Airplane,"(200, 400]",1,1,2003-05-18,2.0,Illinois,Approach,Small,No Cloud,Rock pigeon,True,400,False,2003,5,CHICAGO O'HARE INTL ARPT,41.9786,-87.9048,680.0,4.16460023622371,IL,KORD_Chicago,11.6,53.5,6.550000000000001,10.4,0.0,1020.7,1,Low,0
Airplane,"(-1, 0]",1,1,2003-05-19,2.0,Illinois,Landing Roll,Small,Some Cloud,Common nighthawk,False,0,True,2003,5,CHICAGO O'HARE INTL ARPT,41.9786,-87.9048,680.0,4.16460023622371,IL,KORD_Chicago,30.0,74.0,18.1,15.85,3.7,1011.2,1,High,2
Airplane,"(1000, 2000]",1,1,2003-05-20,2.0,Illinois,Approach,Small,No Cloud,Unknown bird - small,False,1500,False,2003,5,GREATER KANKAKEE ARPT,41.07139968869999,-87.8462982178,630.0,10.215583424947566,IL,KORD_Chicago,17.8,72.0,7.1,12.8,0.0,1015.75,1,Low,0
Airplane,"(-1, 0]",1,1,2003-05-27,4.0,New York,Take-off run,Small,Some Cloud,Laughing gull,True,0,False,2003,5,JOHN F KENNEDY INTL,40.639447,-73.779317,13.0,285.81600722845906,NY,KJFK_New_York,15.55,70.5,14.55,12.65,3.8,1020.45,1,Medium,1
Airplane,"(50, 100]",1,1,2003-05-27,2.0,Illinois,Approach,Small,Some Cloud,Unknown bird - small,True,100,False,2003,5,CHICAGO O'HARE INTL ARPT,41.9786,-87.9048,680.0,4.16460023622371,IL,KORD_Chicago,14.4,74.5,1.85,15.6,0.3,1017.95,1,Low,0
Airplane,"(2000, 3000]",1,1,2003-05-29,4.0,Illinois,Approach,Small,No Cloud,Unknown bird - small,False,2500,False,2003,5,GREATER ROCKFORD,42.1954,-89.097198,742.0,37.23938268045538,IL,KORD_Chicago,7.1,72.5,10.05,13.1,0.0,1008.9,1,Low,0
Airplane,"(1000, 2000]",1,1,2003-05-30,2.0,Illinois,Approach,Small,Some Cloud,Unknown bird - small,True,1200,True,2003,5,CHICAGO MIDWAY INTL ARPT,41.785999,-87.752403,620.0,8.607490552607114,IL,KORD_Chicago,8.55,79.5,12.5,13.1,2.5,1018.45,1,Medium,1
Airplane,"(50, 100]",1,1,2003-05-31,2.0,Illinois,Climb,Small,Overcast,Unknown bird - small,True,100,False,2003,5,CHICAGO O'HARE INTL ARPT,41.9786,-87.9048,680.0,4.16460023622371,IL,KORD_Chicago,10.85,63.5,7.05,14.15,0.0,1009.75,1,Low,0
Airplane,"(-1, 0]",1,1,2003-06-02,2.0,Illinois,Landing Roll,Small,No Cloud,Mourning dove,False,0,False,2003,6,ABRAHAM LINCOLN CAPITAL ARPT,39.844101,-89.677902,598.0,24.88369746449472,IL,KORD_Chicago,13.766666666666666,56.0,10.800000000000002,14.8,2.4,1013.6,1,High,2
Airplane,"(200, 400]",1,1,2003-06-03,2.0,New York,Climb,Small,Some Cloud,American robin,True,400,False,2003,6,LAGUARDIA NY,40.777199,-73.872597,21.0,268.82670826154464,NY,KJFK_New_York,23.75,72.5,12.55,16.1,0.0,1008.65,1,Low,0
Airplane,"(-1, 0]",1,1,2003-06-03,2.0,Illinois,Landing Roll,Large,Some Cloud,White-tailed deer,False,0,False,2003,6,WILLIAMSON COUNTY REGIONAL,39.64260101,-106.9179993,6548.0,1343.0822483629204,IL,KORD_Chicago,19.0,62.5,10.2,14.0,0.7,1012.2,1,High,2
Airplane,"(-1, 0]",1,1,2003-06-03,2.0,Illinois,Landing Roll,Small,No Cloud,Unknown bird - small,False,0,False,2003,6,QUAD CITY ARPT,39.6431007385,-89.14450073239999,630.0,33.991848342153304,IL,KORD_Chicago,19.0,62.5,10.2,14.0,0.7,1012.2,1,Medium,1
Airplane,"(3000, 5000]",1,1,2003-06-05,2.0,New York,Descent,Medium,No Cloud,Unknown bird - medium,False,4000,False,2003,6,LAGUARDIA NY,40.777199,-73.872597,21.0,268.82670826154464,NY,KJFK_New_York,26.6,66.0,19.8,9.9,0.0,1015.6,1,Low,0
Airplane,"(-1, 0]",1,1,2003-06-10,2.0,Colorado,Take-off run,Medium,No Cloud,Unknown bird - medium,True,0,False,2003,6,DENVER INTL AIRPORT,39.52920150756836,-104.65799713134766,6295.0,27.573111187238812,CO,KDEN_Denver,18.25,56.0,6.1,15.25,0.6,1011.75,1,Medium,1
Airplane,"(-1, 0]",1,1,2003-06-12,2.0,New York,Landing Roll,Small,Overcast,Unknown bird - small,False,0,False,2003,6,BUFFALO-NIAGARA INTL,42.940498,-78.732201,728.0,16.688896633415297,NY,KJFK_New_York,11.7,61.5,8.8,11.45,0.0,1013.05,1,High,2
Airplane,"(100, 200]",1,1,2003-06-14,2.0,Illinois,Climb,Small,No Cloud,Unknown bird - small,False,125,True,2003,6,CHICAGO MIDWAY INTL ARPT,41.785999,-87.752403,620.0,8.607490552607114,IL,KORD_Chicago,25.6,74.0,5.5,8.25,0.0,1017.8,1,Medium,1
Airplane,"(50, 100]",1,1,2003-06-26,2.0,Illinois,Climb,Small,Overcast,Unknown bird - small,False,75,False,2003,6,ST LOUIS DOWNTOWN,38.570701599100005,-90.1561965942,413.0,106.7209972741952,IL,KORD_Chicago,8.0,58.5,8.15,13.4,0.0,1003.2,1,Low,0
Airplane,"(-1, 0]",1,1,2003-06-27,2.0,Colorado,Take-off run,Small,No Cloud,Unknown bird - small,False,0,False,2003,6,DENVER INTL AIRPORT,39.52920150756836,-104.65799713134766,6295.0,27.573111187238812,CO,KDEN_Denver,19.05,66.0,6.45,12.7,0.0,1005.85,1,Medium,1
Airplane,"(600, 1000]",1,1,2003-06-28,2.0,Colorado,Approach,Small,No Cloud,Unknown bird - small,False,1000,False,2003,6,DENVER INTL AIRPORT,39.52920150756836,-104.65799713134766,6295.0,27.573111187238812,CO,KDEN_Denver,26.4,88.0,7.75,11.35,1.2,1017.35,1,Medium,1
Airplane,"(200, 400]",1,1,2003-07-01,2.0,Illinois,Approach,Small,Some Cloud,Unknown bird - small,True,400,False,2003,7,CHICAGO O'HARE INTL ARPT,41.9786,-87.9048,680.0,4.16460023622371,IL,KORD_Chicago,24.1,62.5,10.1,14.85,0.0,1015.3,1,Low,0
Airplane,"(-1, 0]",1,1,2003-07-09,2.0,Colorado,Take-off run,Small,No Cloud,Unknown bird - small,False,0,False,2003,7,DENVER INTL AIRPORT,39.52920150756836,-104.65799713134766,6295.0,27.573111187238812,CO,KDEN_Denver,12.35,52.5,18.45,12.55,0.0,1019.95,1,High,2
Airplane,"(-1, 0]",1,1,2003-07-10,2.0,New York,Landing Roll,Small,Overcast,Unknown bird - small,True,0,False,2003,7,JOHN F KENNEDY INTL,40.639447,-73.779317,13.0,285.81600722845906,NY,KJFK_New_York,7.449999999999999,43.5,13.4,16.1,0.0,1011.65,1,Medium,1
Airplane,"(-1, 0]",1,1,2003-07-10,2.0,New York,Take-off run,Large,Overcast,Great black-backed gull,True,0,False,2003,7,JOHN F KENNEDY INTL,40.639447,-73.779317,13.0,285.81600722845906,NY,KJFK_New_York,7.449999999999999,43.5,13.4,16.1,0.0,1011.65,1,Medium,1
Airplane,"(-1, 0]",1,1,2003-07-11,2.0,New York,Take-off run,Small,Some Cloud,Unknown bird - small,False,0,True,2003,7,BUFFALO-NIAGARA INTL,42.940498,-78.732201,728.0,16.688896633415297,NY,KJFK_New_York,12.833333333333334,64.66666666666667,8.799999999999999,12.7,5.3,1006.6666666666666,1,Medium,1
Airplane,"(-1, 0]",1,1,2003-07-13,2.0,New York,Landing Roll,Medium,Some Cloud,Unknown bird - medium,True,0,True,2003,7,LONG ISLAND MAC ARTHUR,40.796324,-73.101703,99.0,292.8807816425768,NY,KJFK_New_York,19.55,74.5,5.6,14.95,2.8,1021.95,1,Medium,1
Airplane,"(-1, 0]",1,1,2003-07-14,2.0,Illinois,Landing Roll,Small,No Cloud,Unknown bird - small,False,0,False,2003,7,ABRAHAM LINCOLN CAPITAL ARPT,39.844101,-89.677902,598.0,24.88369746449472,IL,KORD_Chicago,21.25,37.0,9.05,12.75,0.0,1009.8,1,High,2
Airplane,"(-1, 0]",1,1,2003-07-14,2.0,Colorado,Landing Roll,Small,No Cloud,Western meadowlark,False,0,False,2003,7,DENVER INTL AIRPORT,39.52920150756836,-104.65799713134766,6295.0,27.573111187238812,CO,KDEN_Denver,9.45,62.5,7.3,15.6,0.8,1003.85,1,Medium,1
Airplane,"(10, 30]",1,1,2003-07-15,2.0,Colorado,Approach,Small,Some Cloud,Unknown bird - small,False,15,True,2003,7,DENVER INTL AIRPORT,39.52920150756836,-104.65799713134766,6295.0,27.573111187238812,CO,KDEN_Denver,1.75,78.0,7.9,11.15,1.9,1023.55,1,High,2
Airplane,"(-1, 0]",1,1,2003-07-15,2.0,Colorado,Take-off run,Small,Some Cloud,Unknown bird - small,False,0,False,2003,7,DENVER INTL AIRPORT,39.52920150756836,-104.65799713134766,6295.0,27.573111187238812,CO,KDEN_Denver,1.75,78.0,7.9,11.15,1.9,1023.55,1,High,2
Airplane,"(30, 50]",1,1,2003-07-17,2.0,Colorado,Climb,Small,No Cloud,Unknown bird - small,False,50,True,2003,7,DENVER INTL AIRPORT,39.52920150756836,-104.65799713134766,6295.0,27.573111187238812,CO,KDEN_Denver,13.25,72.5,9.2,12.75,0.0,1007.5,1,Medium,1
Airplane,"(-1, 0]",1,1,2003-07-19,2.0,New York,Take-off run,Medium,Some Cloud,Herring gull,True,0,True,2003,7,JOHN F KENNEDY INTL,40.639447,-73.779317,13.0,285.81600722845906,NY,KJFK_New_York,17.95,36.5,7.75,14.75,0.0,1010.65,1,Low,0
Airplane,"(-1, 0]",1,1,2003-07-21,2.0,New York,Take-off run,Medium,Overcast,Red-tailed hawk,False,0,False,2003,7,GREATER ROCHESTER INTL,43.1189,-77.672401,559.0,27.86996070509405,NY,KJFK_New_York,-1.1,63.5,8.95,16.1,0.0,1012.95,1,Medium,1
Airplane,"(30, 50]",1,1,2003-07-22,2.0,Illinois,Climb,Small,Overcast,Mourning dove,True,50,False,2003,7,ABRAHAM LINCOLN CAPITAL ARPT,39.844101,-89.677902,598.0,24.88369746449472,IL,KORD_Chicago,0.5333333333333332,72.66666666666667,14.8,14.933333333333332,0.0,1011.9666666666668,1,Medium,1
Airplane,"(-1, 0]",1,1,2003-07-23,2.0,New York,Take-off run,Small,No Cloud,Mourning dove,False,0,False,2003,7,SYRACUSE HANCOCK INTL,43.11119842529297,-76.1063003540039,421.0,30.07276586498391,NY,KJFK_New_York,20.0,52.5,5.35,15.15,0.0,1010.4,1,Low,0
Airplane,"(1000, 2000]",1,1,2003-07-27,2.0,New York,Approach,Medium,No Cloud,Unknown bird - medium,False,1500,False,2003,7,GREATER ROCHESTER INTL,43.1189,-77.672401,559.0,27.86996070509405,NY,KJFK_New_York,5.166666666666667,60.66666666666666,9.0,11.533333333333331,0.0,1005.4666666666668,1,Medium,1
Airplane,"(0, 10]",1,1,2003-07-29,2.0,New York,Approach,Medium,Some Cloud,Unknown bird - medium,True,10,True,2003,7,LONG ISLAND MAC ARTHUR,40.796324,-73.101703,99.0,292.8807816425768,NY,KJFK_New_York,6.25,68.5,9.55,15.15,0.0,1013.3,1,Low,0
Airplane,"(-1, 0]",1,1,2003-07-30,2.0,New York,Landing Roll,Small,No Cloud,Purple martin,False,0,False,2003,7,WESTCHESTER COUNTY ARPT,41.06700134277344,-73.70760345458984,439.0,243.3503200617849,NY,KJFK_New_York,13.4,67.5,10.85,11.2,0.0,1012.35,1,High,2
Airplane,"(-1, 0]",1,1,2003-07-31,2.0,Colorado,Take-off run,Small,No Cloud,Unknown bird - small,True,0,False,2003,7,DENVER INTL AIRPORT,39.52920150756836,-104.65799713134766,6295.0,27.573111187238812,CO,KDEN_Denver,7.300000000000001,64.0,10.25,14.25,2.9,1011.2,1,Medium,1
Airplane,"(-1, 0]",1,1,2003-08-01,2.0,New York,Landing Roll,Small,No Cloud,Barn swallow,True,0,False,2003,8,GREATER BINGHAMTON ARPT,39.9734,-90.403702,465.0,928.1562052517568,NY,KJFK_New_York,15.55,81.0,9.65,16.1,0.0,1009.15,1,Low,0
Airplane,"(-1, 0]",1,1,2003-08-09,1.0,Illinois,Landing Roll,Large,No Cloud,White-tailed deer,False,0,False,2003,8,LITCHFIELD MUNICIPAL,39.162498,-89.674599,690.0,30.94339538129247,IL,KORD_Chicago,10.65,43.0,12.7,14.95,0.0,1018.75,1,High,2
Airplane,"(-1, 0]",1,1,2003-08-13,2.0,Illinois,Landing Roll,Small,No Cloud,Unknown bird - small,False,0,False,2003,8,QUAD CITY ARPT,39.6431007385,-89.14450073239999,630.0,33.991848342153304,IL,KORD_Chicago,3.0,74.66666666666667,7.366666666666667,11.833333333333334,0.0,1018.4333333333334,1,Medium,1
Airplane,"(0, 10]",1,1,2003-08-16,2.0,New York,Approach,Small,Some Cloud,Mourning dove,False,10,True,2003,8,LONG ISLAND MAC ARTHUR,40.796324,-73.101703,99.0,292.8807816425768,NY,KJFK_New_York,17.0,82.0,5.15,15.85,0.0,1013.25,1,Low,0
Airplane,"(-1, 0]",1,1,2003-08-18,2.0,New York,Landing Roll,Small,No Cloud,Unknown bird - small,True,0,False,2003,8,BUFFALO-NIAGARA INTL,42.940498,-78.732201,728.0,16.688896633415297,NY,KJFK_New_York,8.2,66.66666666666667,11.366666666666667,13.7,0.0,1003.5666666666666,1,High,2
Airplane,"(-1, 0]",1,1,2003-08-19,2.0,Illinois,Take-off run,Medium,Some Cloud,Ring-billed gull,False,0,True,2003,8,CHICAGO MIDWAY INTL ARPT,41.785999,-87.752403,620.0,8.607490552607114,IL,KORD_Chicago,11.95,57.0,7.75,15.15,0.0,1015.25,1,Medium,1
Airplane,"(10, 30]",1,1,2003-08-20,2.0,New York,Approach,Small,No Cloud,Unknown bird - small,True,15,False,2003,8,JOHN F KENNEDY INTL,40.639447,-73.779317,13.0,285.81600722845906,NY,KJFK_New_York,10.2,71.0,4.9,11.85,0.0,1014.2,1,Low,0
Airplane,"(10, 30]",1,1,2003-08-21,2.0,Colorado,Climb,Small,No Cloud,Unknown bird - small,False,20,False,2003,8,DENVER INTL AIRPORT,39.52920150756836,-104.65799713134766,6295.0,27.573111187238812,CO,KDEN_Denver,15.9,78.5,7.25,11.35,0.0,1019.85,1,Medium,1
Airplane,"(3000, 5000]",1,1,2003-08-21,2.0,Illinois,Approach,Large,Some Cloud,Unknown bird - large,False,3400,True,2003,8,CHICAGO MIDWAY INTL ARPT,41.785999,-87.752403,620.0,8.607490552607114,IL,KORD_Chicago,12.95,35.5,9.25,15.15,0.1,1005.95,1,Medium,1
Airplane,"(1000, 2000]",1,1,2003-08-22,2.0,Illinois,Approach,Medium,No Cloud,Unknown bird - medium,True,2000,True,2003,8,CHICAGO O'HARE INTL ARPT,41.9786,-87.9048,680.0,4.16460023622371,IL,KORD_Chicago,5.3500000000000005,61.0,6.35,7.3,0.0,1016.65,1,Medium,1
Airplane,"(600, 1000]",1,1,2003-08-25,2.0,Illinois,Approach,Small,No Cloud,Unknown bird - small,False,1000,False,2003,8,CHICAGO O'HARE INTL ARPT,41.9786,-87.9048,680.0,4.16460023622371,IL,KORD_Chicago,4.2,92.0,28.3,16.0,2.7,1016.15,1,Low,0
Airplane,"(30, 50]",1,1,2003-08-27,2.0,New York,Climb,Small,Some Cloud,Mourning dove,False,50,True,2003,8,BUFFALO-NIAGARA INTL,42.940498,-78.732201,728.0,16.688896633415297,NY,KJFK_New_York,10.15,68.0,7.15,9.5,0.0,1010.2,1,Medium,1
Airplane,"(3000, 5000]",1,1,2003-08-27,2.0,Illinois,Approach,Medium,No Cloud,Unknown bird - medium,False,4000,False,2003,8,CHICAGO O'HARE INTL ARPT,41.9786,-87.9048,680.0,4.16460023622371,IL,KORD_Chicago,6.65,61.5,19.1,16.1,0.0,1016.95,1,Medium,1
Airplane,"(-1, 0]",1,1,2003-08-27,2.0,New York,Take-off run,Large,No Cloud,Bald eagle,True,0,False,2003,8,LT WARREN EATON ARPT,42.566600799561,-75.524101257324,1025.0,36.738517647804365,NY,KJFK_New_York,10.15,68.0,7.15,9.5,0.0,1010.2,1,High,2
Airplane,"(100, 200]",1,1,2003-08-28,2.0,New York,Approach,Small,Some Cloud,Unknown bird - small,True,120,False,2003,8,WESTCHESTER COUNTY ARPT,41.06700134277344,-73.70760345458984,439.0,243.3503200617849,NY,KJFK_New_York,19.25,48.5,4.85,15.25,2.0,1011.35,1,Low,0
Airplane,"(1000, 2000]",1,1,2003-08-28,2.0,New York,Approach,Small,No Cloud,Unknown bird - small,False,2000,False,2003,8,LAGUARDIA NY,40.777199,-73.872597,21.0,268.82670826154464,NY,KJFK_New_York,19.25,48.5,4.85,15.25,2.0,1011.35,1,Low,0
Airplane,"(-1, 0]",1,1,2003-08-30,2.0,Colorado,Take-off run,Small,Some Cloud,Horned lark,False,0,False,2003,8,DENVER INTL AIRPORT,39.52920150756836,-104.65799713134766,6295.0,27.573111187238812,CO,KDEN_Denver,16.0,44.0,11.05,15.15,0.0,1023.85,1,Medium,1
Airplane,"(-1, 0]",1,1,2003-09-02,2.0,Illinois,Take-off run,Small,Overcast,Unknown bird - small,False,0,False,2003,9,UNIV OF ILLINOIS -WILLARD ARPT,40.039819,-88.276249,755.0,25.148499963897123,IL,KORD_Chicago,18.85,66.0,10.4,12.65,0.0,1020.0,1,Medium,1
Airplane,"(1000, 2000]",1,1,2003-09-04,2.0,Illinois,Approach,Medium,No Cloud,Unknown bird - medium,True,1500,True,2003,9,CHICAGO O'HARE INTL ARPT,41.9786,-87.9048,680.0,4.16460023622371,IL,KORD_Chicago,11.9,78.33333333333333,8.133333333333333,13.666666666666666,0.0,1019.1333333333332,1,Medium,1
Airplane,"(3000, 5000]",1,1,2003-09-05,2.0,Illinois,Climb,Small,No Cloud,Unknown bird - small,False,4500,False,2003,9,CHICAGO O'HARE INTL ARPT,41.9786,-87.9048,680.0,4.16460023622371,IL,KORD_Chicago,11.35,83.0,5.25,14.0,4.2,1012.6,1,Low,0
Airplane,"(-1, 0]",1,1,2003-09-10,2.0,New York,Landing Roll,Small,No Cloud,Mourning dove,True,0,False,2003,9,ALBANY INTL,42.748299,-73.801697,285.0,94.50065050780267,NY,KJFK_New_York,14.25,59.5,11.25,11.85,0.0,1016.55,1,High,2
Airplane,"(30, 50]",1,1,2003-09-10,2.0,New York,Climb,Medium,No Cloud,Unknown bird - medium,False,50,False,2003,9,LAGUARDIA NY,40.777199,-73.872597,21.0,268.82670826154464,NY,KJFK_New_York,14.25,59.5,11.25,11.85,0.0,1016.55,1,Medium,1
Airplane,"(-1, 0]",1,1,2003-09-12,2.0,Illinois,Landing Roll,Medium,Overcast,Unknown bird - medium,False,0,True,2003,9,CHICAGO MIDWAY INTL ARPT,41.785999,-87.752403,620.0,8.607490552607114,IL,KORD_Chicago,2.3,89.0,10.4,16.1,0.0,1014.25,1,High,2
Airplane,"(600, 1000]",1,1,2003-09-14,2.0,Illinois,Approach,Medium,No Cloud,Unknown bird - medium,False,1000,True,2003,9,CHICAGO MIDWAY INTL ARPT,41.785999,-87.752403,620.0,8.607490552607114,IL,KORD_Chicago,11.0,51.0,10.7,12.3,0.0,1008.05,1,Medium,1
Airplane,"(3000, 5000]",1,1,2003-09-15,2.0,Illinois,Approach,Small,No Cloud,Unknown bird - small,False,4000,False,2003,9,CHICAGO O'HARE INTL ARPT,41.9786,-87.9048,680.0,4.16460023622371,IL,KORD_Chicago,8.1,55.66666666666666,17.833333333333332,14.233333333333334,0.0,1009.4666666666668,1,Medium,1
Airplane,"(1000, 2000]",1,1,2003-09-15,2.0,Illinois,Approach,Small,No Cloud,Unknown bird - small,False,1850,False,2003,9,CHICAGO O'HARE INTL ARPT,41.9786,-87.9048,680.0,4.16460023622371,IL,KORD_Chicago,8.1,55.66666666666666,17.833333333333332,14.233333333333334,0.0,1009.4666666666668,1,Medium,1
Airplane,"(2000, 3000]",1,1,2003-09-15,2.0,Illinois,Approach,Small,Some Cloud,Unknown bird - small,True,2200,False,2003,9,CHICAGO O'HARE INTL ARPT,41.9786,-87.9048,680.0,4.16460023622371,IL,KORD_Chicago,8.1,55.66666666666666,17.833333333333332,14.233333333333334,0.0,1009.4666666666668,1,Medium,1
Airplane,"(200, 400]",1,1,2003-09-17,2.0,New York,Climb,Medium,No Cloud,American crow,False,300,False,2003,9,GREATER ROCHESTER INTL,43.1189,-77.672401,559.0,27.86996070509405,NY,KJFK_New_York,16.5,65.5,8.7,14.0,0.0,1013.35,1,Medium,1
Airplane,"(600, 1000]",1,1,2003-09-18,1.0,Illinois,Approach,Small,No Cloud,Unknown bird - small,False,700,False,2003,9,UNIV OF ILLINOIS -WILLARD ARPT,40.039819,-88.276249,755.0,25.148499963897123,IL,KORD_Chicago,8.55,56.0,3.65,13.6,6.9,1001.9,1,Low,0
Airplane,"(400, 600]",1,1,2003-09-18,2.0,New York,Approach,Small,No Cloud,Unknown bird - small,False,600,False,2003,9,GREATER BINGHAMTON ARPT,39.9734,-90.403702,465.0,928.1562052517568,NY,KJFK_New_York,2.35,43.5,14.15,13.5,0.0,1018.8,1,Low,0
Airplane,"(3000, 5000]",1,1,2003-09-19,2.0,Illinois,Approach,Medium,No Cloud,Unknown bird - medium,False,3500,True,2003,9,CHICAGO MIDWAY INTL ARPT,41.785999,-87.752403,620.0,8.607490552607114,IL,KORD_Chicago,8.549999999999999,38.5,20.55,15.15,0.0,1016.6,1,Medium,1
Airplane,"(200, 400]",1,1,2003-09-23,2.0,New York,Approach,Small,No Cloud,Unknown bird - small,False,300,True,2003,9,LAGUARDIA NY,40.777199,-73.872597,21.0,268.82670826154464,NY,KJFK_New_York,2.1000000000000005,63.5,13.35,16.1,0.0,1004.45,1,Low,0
Airplane,"(1000, 2000]",1,1,2003-09-27,2.0,Illinois,Approach,Small,No Cloud,Unknown bird - small,False,1400,False,2003,9,CHICAGO O'HARE INTL ARPT,41.9786,-87.9048,680.0,4.16460023622371,IL,KORD_Chicago,23.05,66.5,8.05,14.95,0.0,1019.45,1,Low,0
Airplane,"(-1, 0]",1,1,2003-09-27,2.0,New York,Take-off run,Medium,Some Cloud,Unknown bird - medium,False,0,True,2003,9,JOHN F KENNEDY INTL,40.639447,-73.779317,13.0,285.81600722845906,NY,KJFK_New_York,14.3,49.0,8.25,13.45,0.0,1010.85,1,Medium,1
Airplane,"(-1, 0]",1,1,2003-09-30,2.0,New York,Take-off run,Small,No Cloud,Unknown bird - small,False,0,True,2003,9,GREATER BINGHAMTON ARPT,39.9734,-90.403702,465.0,928.1562052517568,NY,KJFK_New_York,6.6000000000000005,70.0,11.15,14.3,0.8,1007.45,1,Low,0
Airplane,"(3000, 5000]",1,1,2003-09-30,2.0,Illinois,Descent,Small,Some Cloud,Unknown bird - small,True,3500,True,2003,9,CHICAGO MIDWAY INTL ARPT,41.785999,-87.752403,620.0,8.607490552607114,IL,KORD_Chicago,11.4,52.0,2.0,14.8,3.5,1014.9,1,Low,0
Airplane,"(30, 50]",1,1,2003-10-03,2.0,New York,Climb,Large,No Cloud,Unknown bird - large,False,50,True,2003,10,LAGUARDIA NY,40.777199,-73.872597,21.0,268.82670826154464,NY,KJFK_New_York,11.3,61.5,4.9,14.4,0.0,1012.05,1,Low,0
Airplane,"(-1, 0]",1,1,2003-10-03,2.0,New York,Take-off run,Medium,Some Cloud,Herring gull,False,0,True,2003,10,LAGUARDIA NY,40.777199,-73.872597,21.0,268.82670826154464,NY,KJFK_New_York,11.3,61.5,4.9,14.4,0.0,1012.05,1,Low,0
Airplane,"(50, 100]",1,1,2003-10-07,2.0,New York,Climb,Small,Some Cloud,American kestrel,True,100,False,2003,10,WESTCHESTER COUNTY ARPT,41.06700134277344,-73.70760345458984,439.0,243.3503200617849,NY,KJFK_New_York,1.4000000000000004,46.333333333333336,10.433333333333334,13.633333333333336,0.0,1009.3333333333334,1,Low,0
Airplane,"(30, 50]",1,1,2003-10-07,2.0,Colorado,Approach,Small,No Cloud,Unknown bird - small,True,50,False,2003,10,DENVER INTL AIRPORT,39.52920150756836,-104.65799713134766,6295.0,27.573111187238812,CO,KDEN_Denver,13.4,53.66666666666666,6.6000000000000005,14.433333333333332,0.0,1011.8666666666668,1,Low,0
Airplane,"(200, 400]",1,1,2003-10-10,2.0,Illinois,Approach,Small,No Cloud,Unknown bird - small,False,400,True,2003,10,CHICAGO MIDWAY INTL ARPT,41.785999,-87.752403,620.0,8.607490552607114,IL,KORD_Chicago,9.7,71.0,4.7,13.15,0.0,1013.8,1,Low,0
Airplane,"(3000, 5000]",1,1,2003-10-11,2.0,New York,Approach,Small,No Cloud,Unknown bird - small,False,3700,True,2003,10,ALBANY INTL,42.748299,-73.801697,285.0,94.50065050780267,NY,KJFK_New_York,9.2,75.0,14.2,10.3,0.0,1016.3,1,Low,0
Airplane,"(50, 100]",1,1,2003-10-11,1.0,New York,Approach,Large,Some Cloud,Canada goose,False,100,False,2003,10,DUTCHESS COUNTY ARPT,41.6265983581543,-73.88420104980469,165.0,180.6127204688489,NY,KJFK_New_York,9.2,75.0,14.2,10.3,0.0,1016.3,1,High,2
Airplane,"(2000, 3000]",1,1,2003-10-15,2.0,Illinois,Climb,Large,Some Cloud,Unknown bird - large,False,2300,True,2003,10,CHICAGO MIDWAY INTL ARPT,41.785999,-87.752403,620.0,8.607490552607114,IL,KORD_Chicago,14.85,71.0,14.3,7.85,4.6,1016.65,1,High,2
Airplane,"(-1, 0]",1,1,2003-10-15,2.0,New York,Landing Roll,Small,Some Cloud,Killdeer,False,0,False,2003,10,WESTCHESTER COUNTY ARPT,41.06700134277344,-73.70760345458984,439.0,243.3503200617849,NY,KJFK_New_York,12.5,49.0,8.9,13.5,0.0,1013.1,1,Medium,1
Airplane,"(-1, 0]",1,1,2003-10-15,2.0,New York,Take-off run,Medium,Overcast,Herring gull,True,0,False,2003,10,WESTCHESTER COUNTY ARPT,41.06700134277344,-73.70760345458984,439.0,243.3503200617849,NY,KJFK_New_York,12.5,49.0,8.9,13.5,0.0,1013.1,1,Medium,1
Airplane,"(100, 200]",1,1,2003-10-17,2.0,New York,Approach,Large,Some Cloud,Canada goose,False,150,False,2003,10,ADIRONDAK REGIONAL ARPT,44.38691,-74.204629,1663.0,53.046742984935285,NY,KJFK_New_York,15.7,87.0,5.800000000000001,13.85,0.0,1022.7,1,Medium,1
Airplane,"(-1, 0]",1,1,2003-10-20,2.0,Colorado,Take-off run,Small,No Cloud,Horned lark,False,0,False,2003,10,COLORADO SPRINGS MUNICIPAL,38.805801,-104.700996,6187.0,38.3672452711314,CO,KDEN_Denver,11.95,55.5,13.7,9.8,0.0,1015.6,1,Medium,1
Airplane,"(3000, 5000]",1,1,2003-10-21,2.0,Illinois,Climb,Medium,Some Cloud,Unknown bird - medium,True,4000,False,2003,10,CHICAGO O'HARE INTL ARPT,41.9786,-87.9048,680.0,4.16460023622371,IL,KORD_Chicago,10.5,87.0,12.2,15.95,6.9,1014.8,1,Medium,1
Airplane,"(50, 100]",1,1,2003-10-22,2.0,New York,Climb,Medium,Some Cloud,Unknown bird - medium,False,100,True,2003,10,SYRACUSE HANCOCK INTL,43.11119842529297,-76.1063003540039,421.0,30.07276586498391,NY,KJFK_New_York,7.4,71.0,13.25,13.5,0.0,1015.9,1,Medium,1
Airplane,"(3000, 5000]",1,1,2003-10-24,2.0,New York,Descent,Medium,No Cloud,Unknown bird - medium,False,4000,False,2003,10,JOHN F KENNEDY INTL,40.639447,-73.779317,13.0,285.81600722845906,NY,KJFK_New_York,6.15,95.5,12.7,13.7,0.0,1013.4,1,Low,0
Airplane,"(-1, 0]",1,1,2003-10-25,2.0,Illinois,Landing Roll,Small,No Cloud,Mourning dove,False,0,False,2003,10,QUAD CITY ARPT,39.6431007385,-89.14450073239999,630.0,33.991848342153304,IL,KORD_Chicago,2.8,56.5,19.75,15.15,0.0,1013.85,1,Medium,1
Airplane,"(-1, 0]",1,1,2003-10-26,2.0,Illinois,Landing Roll,Small,Some Cloud,Unknown bird - small,False,0,False,2003,10,QUAD CITY ARPT,39.6431007385,-89.14450073239999,630.0,33.991848342153304,IL,KORD_Chicago,23.450000000000003,79.0,11.4,11.95,4.3,1012.5,1,High,2
Airplane,"(-1, 0]",1,1,2003-10-29,2.0,New York,Landing Roll,Medium,Overcast,Ring-billed gull,True,0,False,2003,10,WESTCHESTER COUNTY ARPT,41.06700134277344,-73.70760345458984,439.0,243.3503200617849,NY,KJFK_New_York,12.866666666666667,62.0,11.266666666666666,12.666666666666666,1.7,1016.0333333333332,1,High,2
Airplane,"(1000, 2000]",1,1,2003-11-02,2.0,New York,Climb,Medium,Some Cloud,Unknown bird - medium,False,1500,False,2003,11,WESTCHESTER COUNTY ARPT,41.06700134277344,-73.70760345458984,439.0,243.3503200617849,NY,KJFK_New_York,7.0,69.0,10.65,12.9,0.0,1016.55,1,Low,0
Airplane,"(1000, 2000]",1,1,2003-11-02,4.0,New York,Climb,Medium,Some Cloud,Unknown bird - medium,False,2000,False,2003,11,JOHN F KENNEDY INTL,40.639447,-73.779317,13.0,285.81600722845906,NY,KJFK_New_York,7.0,69.0,10.65,12.9,0.0,1016.55,1,Low,0
Airplane,"(600, 1000]",1,1,2003-11-05,2.0,Illinois,Approach,Medium,No Cloud,Unknown bird - medium,False,800,False,2003,11,GREATER PEORIA REGIONAL ARPT,38.812906,-106.120062,7946.0,1287.5633843304047,IL,KORD_Chicago,-2.05,47.0,8.7,11.45,0.0,1012.05,1,Low,0
Airplane,"(-1, 0]",1,1,2003-11-07,2.0,New York,Take-off run,Small,Some Cloud,European starling,True,0,False,2003,11,WESTCHESTER COUNTY ARPT,41.06700134277344,-73.70760345458984,439.0,243.3503200617849,NY,KJFK_New_York,16.6,70.0,8.9,10.45,0.0,1016.55,1,Medium,1
Airplane,"(200, 400]",1,1,2003-11-07,2.0,New York,Approach,Medium,Some Cloud,Unknown bird - medium,False,400,False,2003,11,LAGUARDIA NY,40.777199,-73.872597,21.0,268.82670826154464,NY,KJFK_New_York,16.6,70.0,8.9,10.45,0.0,1016.55,1,Low,0
Airplane,"(1000, 2000]",1,1,2003-11-13,2.0,Illinois,Climb,Small,No Cloud,European starling,True,2000,False,2003,11,CHICAGO MIDWAY INTL ARPT,41.785999,-87.752403,620.0,8.607490552607114,IL,KORD_Chicago,18.15,61.5,8.1,16.1,0.1,1012.8,1,Low,0
Airplane,"(-1, 0]",1,1,2003-11-14,2.0,Colorado,Take-off run,Small,No Cloud,Horned lark,False,0,False,2003,11,COLORADO SPRINGS MUNICIPAL,38.805801,-104.700996,6187.0,38.3672452711314,CO,KDEN_Denver,14.033333333333331,59.66666666666666,10.533333333333331,12.766666666666666,0.0,1011.2666666666668,1,Medium,1
Airplane,"(-1, 0]",1,1,2003-11-14,1.0,Colorado,Take-off run,Small,No Cloud,Horned lark,True,0,False,2003,11,COLORADO SPRINGS MUNICIPAL,38.805801,-104.700996,6187.0,38.3672452711314,CO,KDEN_Denver,14.033333333333331,59.66666666666666,10.533333333333331,12.766666666666666,0.0,1011.2666666666668,1,Medium,1
Airplane,"(-1, 0]",1,1,2003-11-14,2.0,Colorado,Take-off run,Small,No Cloud,Horned lark,True,0,False,2003,11,COLORADO SPRINGS MUNICIPAL,38.805801,-104.700996,6187.0,38.3672452711314,CO,KDEN_Denver,14.033333333333331,59.66666666666666,10.533333333333331,12.766666666666666,0.0,1011.2666666666668,1,Medium,1
Airplane,"(2000, 3000]",1,1,2003-11-15,2.0,New York,Approach,Medium,No Cloud,Unknown bird - medium,False,3000,True,2003,11,JOHN F KENNEDY INTL,40.639447,-73.779317,13.0,285.81600722845906,NY,KJFK_New_York,17.8,63.5,11.25,13.95,0.0,1012.55,1,Low,0
Airplane,"(-1, 0]",1,1,2003-11-15,2.0,Colorado,Landing Roll,Small,No Cloud,Unknown bird - small,False,0,False,2003,11,COLORADO SPRINGS MUNICIPAL,38.805801,-104.700996,6187.0,38.3672452711314,CO,KDEN_Denver,10.7,64.5,7.8,13.25,0.0,1007.35,1,Medium,1
Airplane,"(2000, 3000]",1,1,2003-11-15,2.0,New York,Climb,Medium,No Cloud,Unknown bird - medium,False,3000,False,2003,11,LAGUARDIA NY,40.777199,-73.872597,21.0,268.82670826154464,NY,KJFK_New_York,17.8,63.5,11.25,13.95,0.0,1012.55,1,Low,0
Airplane,"(-1, 0]",1,1,2003-12-14,2.0,Illinois,Take-off run,Small,Overcast,Meadowlarks,False,0,True,2003,12,WILLIAMSON COUNTY REGIONAL,39.64260101,-106.9179993,6548.0,1343.0822483629204,IL,KORD_Chicago,10.7,77.5,11.6,16.1,0.0,1009.7,1,Low,0
Airplane,"(-1, 0]",1,1,2003-12-22,1.0,Illinois,Taxi,Small,Overcast,Mourning dove,False,0,False,2003,12,CHICAGO EXECUTIVE ARPT,42.114222,-87.901494,647.0,17.90602076675677,IL,KORD_Chicago,5.3,64.0,10.95,14.7,0.0,1016.45,1,Low,0
Airplane,"(-1, 0]",1,1,2003-12-23,2.0,Colorado,Take-off run,Small,No Cloud,Horned lark,False,0,False,2003,12,COLORADO SPRINGS MUNICIPAL,38.805801,-104.700996,6187.0,38.3672452711314,CO,KDEN_Denver,12.1,71.66666666666667,10.666666666666666,14.633333333333336,9.4,1011.1,1,Medium,1
Airplane,"(200, 400]",1,1,2004-01-13,2.0,Illinois,Approach,Small,Some Cloud,Unknown bird - small,False,350,False,2004,1,ST LOUIS REGIONAL,38.89030075069999,-90.0459976196,544.0,70.78559184330817,IL,KORD_Chicago,-2.7,69.0,9.45,8.9,0.0,1008.35,1,Low,0
Airplane,"(100, 200]",1,1,2004-01-15,2.0,New York,Approach,Medium,Some Cloud,Herring gull,False,150,False,2004,1,LAGUARDIA NY,40.777199,-73.872597,21.0,268.82670826154464,NY,KJFK_New_York,10.35,43.5,10.1,10.65,0.0,1017.8,1,Medium,1
Airplane,"(-1, 0]",1,1,2004-02-06,2.0,Colorado,Take-off run,Medium,No Cloud,Unknown bird - medium,False,0,True,2004,2,DENVER INTL AIRPORT,39.52920150756836,-104.65799713134766,6295.0,27.573111187238812,CO,KDEN_Denver,10.8,42.5,8.9,13.35,0.0,1004.75,1,High,2
Airplane,"(200, 400]",1,1,2004-02-18,2.0,Colorado,Approach,Small,No Cloud,Unknown bird - small,False,400,False,2004,2,DENVER INTL AIRPORT,39.52920150756836,-104.65799713134766,6295.0,27.573111187238812,CO,KDEN_Denver,9.2,82.5,14.25,13.15,0.0,1015.5,1,Medium,1
Airplane,"(50, 100]",1,1,2004-02-18,2.0,New York,Approach,Small,No Cloud,Laughing gull,False,100,True,2004,2,LAGUARDIA NY,40.777199,-73.872597,21.0,268.82670826154464,NY,KJFK_New_York,7.65,59.5,26.6,13.0,0.0,1013.25,1,Low,0
Airplane,"(-1, 0]",1,1,2004-02-23,2.0,New York,Take-off run,Small,Some Cloud,Unknown bird - small,True,0,False,2004,2,BUFFALO-NIAGARA INTL,42.940498,-78.732201,728.0,16.688896633415297,NY,KJFK_New_York,22.8,60.5,3.8,9.85,0.4,1014.1,1,Medium,1
Airplane,"(-1, 0]",1,1,2004-02-25,2.0,Colorado,Landing Roll,Small,No Cloud,Unknown bird - small,True,0,True,2004,2,DENVER INTL AIRPORT,39.52920150756836,-104.65799713134766,6295.0,27.573111187238812,CO,KDEN_Denver,20.700000000000003,53.5,5.25,11.0,0.6,1026.75,1,High,2
Airplane,"(2000, 3000]",1,1,2004-03-03,2.0,New York,Climb,Large,Some Cloud,Canada goose,True,3000,False,2004,3,WESTCHESTER COUNTY ARPT,41.06700134277344,-73.70760345458984,439.0,243.3503200617849,NY,KJFK_New_York,18.133333333333336,73.0,16.099999999999998,13.166666666666666,0.0,1010.5666666666666,1,Medium,1
Airplane,"(-1, 0]",1,1,2004-03-04,2.0,Illinois,Take-off run,Medium,Overcast,Red-tailed hawk,True,0,True,2004,3,CHICAGO MIDWAY INTL ARPT,41.785999,-87.752403,620.0,8.607490552607114,IL,KORD_Chicago,10.8,61.0,12.3,8.7,0.0,1008.65,1,High,2
Airplane,"(0, 10]",1,1,2004-03-05,2.0,Colorado,Approach,Small,No Cloud,Unknown bird - small,False,10,True,2004,3,YAMPA VALLEY,40.481201,-107.218002,6606.0,180.83264488239317,CO,KDEN_Denver,10.15,52.0,8.35,11.25,0.0,1012.65,1,Medium,1
Airplane,"(200, 400]",1,1,2004-03-06,2.0,Colorado,Approach,Medium,No Cloud,Unknown bird - medium,False,300,True,2004,3,DENVER INTL AIRPORT,39.52920150756836,-104.65799713134766,6295.0,27.573111187238812,CO,KDEN_Denver,24.05,60.0,7.3,8.45,5.6,1009.2,1,High,2
Airplane,"(30, 50]",1,1,2004-03-14,2.0,New York,Approach,Small,Some Cloud,Unknown bird - small,True,50,False,2004,3,JOHN F KENNEDY INTL,40.639447,-73.779317,13.0,285.81600722845906,NY,KJFK_New_York,19.1,37.66666666666666,14.0,12.033333333333331,0.0,1014.2333333333332,1,Medium,1
Airplane,"(3000, 5000]",1,1,2004-03-14,4.0,New York,Climb,Medium,Some Cloud,Unknown bird - medium,True,4000,False,2004,3,JOHN F KENNEDY INTL,40.639447,-73.779317,13.0,285.81600722845906,NY,KJFK_New_York,19.1,37.66666666666666,14.0,12.033333333333331,0.0,1014.2333333333332,1,Low,0
Airplane,"(-1, 0]",1,1,2004-03-18,2.0,Illinois,Take-off run,Medium,Overcast,Unknown bird - medium,False,0,False,2004,3,QUAD CITY ARPT,39.6431007385,-89.14450073239999,630.0,33.991848342153304,IL,KORD_Chicago,14.85,71.5,12.05,11.8,0.0,1019.0,1,High,2
Airplane,"(1000, 2000]",1,1,2004-03-28,2.0,New York,Descent,Medium,Some Cloud,Unknown bird - medium,True,2000,False,2004,3,WESTCHESTER COUNTY ARPT,41.06700134277344,-73.70760345458984,439.0,243.3503200617849,NY,KJFK_New_York,10.9,61.5,6.5,14.25,0.0,1011.2,1,Low,0
Airplane,"(400, 600]",1,1,2004-03-29,2.0,Colorado,Approach,Small,No Cloud,Horned lark,False,500,False,2004,3,COLORADO SPRINGS MUNICIPAL,38.805801,-104.700996,6187.0,38.3672452711314,CO,KDEN_Denver,6.500000000000001,92.5,6.1,12.5,0.0,1006.45,1,Low,0
Airplane,"(100, 200]",1,1,2004-04-05,2.0,Illinois,Approach,Small,No Cloud,Unknown bird - small,True,200,False,2004,4,CHICAGO O'HARE INTL ARPT,41.9786,-87.9048,680.0,4.16460023622371,IL,KORD_Chicago,2.8000000000000003,58.333333333333336,14.466666666666669,11.533333333333331,0.0,1006.8,1,High,2
Airplane,"(-1, 0]",1,1,2004-04-11,2.0,Colorado,Take-off run,Small,Some Cloud,Unknown bird - small,True,0,False,2004,4,DENVER INTL AIRPORT,39.52920150756836,-104.65799713134766,6295.0,27.573111187238812,CO,KDEN_Denver,7.1000000000000005,59.333333333333336,7.466666666666666,11.033333333333331,0.0,1006.5333333333332,1,High,2
Airplane,"(600, 1000]",1,1,2004-04-14,3.0,Illinois,Climb,Medium,No Cloud,Unknown bird - medium,True,1000,False,2004,4,DUPAGE AIRPORT,41.90779877,-88.24859619,759.0,32.15621751349237,IL,KORD_Chicago,12.7,86.0,5.1,9.6,0.0,1014.0,1,Low,0
Airplane,"(1000, 2000]",1,1,2004-04-17,2.0,New York,Approach,Small,No Cloud,Unknown bird - small,False,1500,False,2004,4,GREATER ROCHESTER INTL,43.1189,-77.672401,559.0,27.86996070509405,NY,KJFK_New_York,16.25,41.5,5.8,12.45,0.0,1013.25,1,Low,0
Airplane,"(1000, 2000]",1,1,2004-04-19,2.0,Illinois,Climb,Medium,Some Cloud,Mallard,False,1700,False,2004,4,UNIV OF ILLINOIS -WILLARD ARPT,40.039819,-88.276249,755.0,25.148499963897123,IL,KORD_Chicago,-1.0999999999999996,72.0,5.4,15.75,0.6,1019.95,1,Low,0
Airplane,"(200, 400]",1,1,2004-04-23,2.0,Illinois,Climb,Medium,No Cloud,Unknown bird - medium,True,300,False,2004,4,CHICAGO O'HARE INTL ARPT,41.9786,-87.9048,680.0,4.16460023622371,IL,KORD_Chicago,17.9,65.0,4.8,14.95,0.0,1025.4,1,Medium,1
Airplane,"(2000, 3000]",1,1,2004-04-29,2.0,New York,Approach,Medium,No Cloud,Unknown bird - medium,True,2500,False,2004,4,STEWART INTL AIRPORT,41.85419845581055,-89.08760070800781,770.0,772.6270946133457,NY,KJFK_New_York,8.0,59.5,14.5,13.75,0.0,1017.05,1,Low,0
Airplane,"(200, 400]",1,1,2004-05-03,2.0,New York,Climb,Small,Overcast,Rock pigeon,False,400,True,2004,5,JOHN F KENNEDY INTL,40.639447,-73.779317,13.0,285.81600722845906,NY,KJFK_New_York,14.433333333333332,62.0,10.066666666666668,13.3,3.2,1016.6666666666666,1,Low,0
Airplane,"(200, 400]",1,1,2004-05-08,2.0,Illinois,Approach,Small,Some Cloud,Unknown bird - small,False,300,False,2004,5,CHICAGO O'HARE INTL ARPT,41.9786,-87.9048,680.0,4.16460023622371,IL,KORD_Chicago,14.966666666666669,49.66666666666666,9.966666666666669,15.366666666666667,2.1,1012.7333333333332,1,Medium,1
Airplane,"(-1, 0]",1,1,2004-05-11,2.0,Illinois,Take-off run,Medium,Some Cloud,Unknown bird - medium,False,0,False,2004,5,CHICAGO O'HARE INTL ARPT,41.9786,-87.9048,680.0,4.16460023622371,IL,KORD_Chicago,12.4,74.0,12.25,11.25,0.1,1012.3,1,High,2
Airplane,"(200, 400]",1,1,2004-05-12,4.0,Illinois,Climb,Small,Some Cloud,Unknown bird - small,False,400,False,2004,5,CHICAGO O'HARE INTL ARPT,41.9786,-87.9048,680.0,4.16460023622371,IL,KORD_Chicago,20.200000000000003,76.0,15.25,15.2,0.0,1010.25,1,Low,0
Airplane,"(-1, 0]",1,1,2004-05-14,2.0,Illinois,Landing Roll,Large,Overcast,Canada goose,False,0,False,2004,5,LAKE IN THE HILLS,42.206799,-88.322998,888.0,11.3397245202521,IL,KORD_Chicago,21.433333333333334,52.66666666666666,4.233333333333333,10.1,0.0,1016.5666666666666,1,High,2
Airplane,"(-1, 0]",1,1,2004-05-15,2.0,New York,Take-off run,Small,Some Cloud,Unknown bird - small,False,0,False,2004,5,GREATER ROCHESTER INTL,43.1189,-77.672401,559.0,27.86996070509405,NY,KJFK_New_York,6.65,81.5,3.85,9.75,0.0,1011.55,1,Medium,1
Airplane,"(50, 100]",1,1,2004-05-15,2.0,New York,Climb,Small,No Cloud,Unknown bird - small,False,100,True,2004,5,LAGUARDIA NY,40.777199,-73.872597,21.0,268.82670826154464,NY,KJFK_New_York,6.65,81.5,3.85,9.75,0.0,1011.55,1,Low,0
Airplane,"(-1, 0]",1,1,2004-05-23,2.0,New York,Landing Roll,Small,Overcast,Unknown bird - small,False,0,False,2004,5,GREATER ROCHESTER INTL,43.1189,-77.672401,559.0,27.86996070509405,NY,KJFK_New_York,14.75,42.5,5.8,12.7,0.0,1010.3,1,Medium,1
Airplane,"(-1, 0]",1,1,2004-05-23,2.0,New York,Take-off run,Small,No Cloud,Mourning dove,True,0,True,2004,5,LONG ISLAND MAC ARTHUR,40.796324,-73.101703,99.0,292.8807816425768,NY,KJFK_New_York,14.75,42.5,5.8,12.7,0.0,1010.3,1,Low,0
Airplane,"(-1, 0]",1,1,2004-05-25,2.0,Illinois,Landing Roll,Small,Overcast,Unknown bird - small,True,0,False,2004,5,QUAD CITY ARPT,39.6431007385,-89.14450073239999,630.0,33.991848342153304,IL,KORD_Chicago,7.633333333333333,47.0,6.1000000000000005,13.8,7.1,1006.7,1,Medium,1
Airplane,"(-1, 0]",1,1,2004-05-27,2.0,New York,Take-off run,Medium,Overcast,Ring-billed gull,True,0,False,2004,5,BUFFALO-NIAGARA INTL,42.940498,-78.732201,728.0,16.688896633415297,NY,KJFK_New_York,15.45,81.5,9.85,11.1,0.0,1016.05,1,High,2
Airplane,"(3000, 5000]",1,1,2004-05-27,2.0,New York,Descent,Medium,No Cloud,Unknown bird - medium,False,4700,False,2004,5,SYRACUSE HANCOCK INTL,43.11119842529297,-76.1063003540039,421.0,30.07276586498391,NY,KJFK_New_York,15.45,81.5,9.85,11.1,0.0,1016.05,1,Low,0
Airplane,"(50, 100]",1,1,2004-05-29,2.0,New York,Approach,Medium,No Cloud,Herring gull,False,100,False,2004,5,LAGUARDIA NY,40.777199,-73.872597,21.0,268.82670826154464,NY,KJFK_New_York,5.4,75.0,5.1,16.1,0.0,1013.15,1,Low,0
Airplane,"(100, 200]",1,1,2004-05-30,2.0,New York,Approach,Small,No Cloud,Unknown bird - small,False,200,False,2004,5,ALBANY INTL,42.748299,-73.801697,285.0,94.50065050780267,NY,KJFK_New_York,12.333333333333334,72.33333333333333,11.4,15.0,5.7,1016.7,1,Low,0
Airplane,"(-1, 0]",1,1,2004-06-05,2.0,Colorado,Take-off run,Small,No Cloud,Unknown bird - small,True,0,False,2004,6,DENVER INTL AIRPORT,39.52920150756836,-104.65799713134766,6295.0,27.573111187238812,CO,KDEN_Denver,13.033333333333331,56.0,8.4,15.233333333333334,0.0,1010.1666666666666,1,Medium,1
Airplane,"(200, 400]",1,1,2004-06-19,1.0,Illinois,Approach,Small,Some Cloud,Unknown bird - small,False,300,False,2004,6,ABRAHAM LINCOLN CAPITAL ARPT,39.844101,-89.677902,598.0,24.88369746449472,IL,KORD_Chicago,3.25,79.5,2.9,8.35,0.0,1011.95,1,Medium,1
Airplane,"(600, 1000]",1,1,2004-06-22,2.0,Illinois,Approach,Medium,No Cloud,Unknown bird - medium,False,1000,True,2004,6,CHICAGO MIDWAY INTL ARPT,41.785999,-87.752403,620.0,8.607490552607114,IL,KORD_Chicago,9.75,53.5,3.15,8.55,0.0,1023.25,1,Medium,1
Airplane,"(100, 200]",1,1,2004-06-23,2.0,Colorado,Climb,Small,Some Cloud,Unknown bird - small,False,200,False,2004,6,DENVER INTL AIRPORT,39.52920150756836,-104.65799713134766,6295.0,27.573111187238812,CO,KDEN_Denver,0.1000000000000005,87.5,11.55,16.1,0.0,1011.75,1,Medium,1
Airplane,"(-1, 0]",1,1,2004-06-24,2.0,Illinois,Take-off run,Small,No Cloud,Unknown bird - small,True,0,False,2004,6,QUAD CITY ARPT,39.6431007385,-89.14450073239999,630.0,33.991848342153304,IL,KORD_Chicago,15.25,51.5,10.25,16.1,3.8,1010.3,1,Medium,1
Airplane,"(10, 30]",1,1,2004-06-25,2.0,Colorado,Approach,Medium,Overcast,Unknown bird - medium,False,20,False,2004,6,COLORADO SPRINGS MUNICIPAL,38.805801,-104.700996,6187.0,38.3672452711314,CO,KDEN_Denver,3.5,84.0,15.95,11.1,0.0,1003.75,1,High,2
Airplane,"(-1, 0]",1,1,2004-06-27,2.0,New York,Take-off run,Small,Some Cloud,Unknown bird - small,False,0,False,2004,6,BUFFALO-NIAGARA INTL,42.940498,-78.732201,728.0,16.688896633415297,NY,KJFK_New_York,4.366666666666666,60.66666666666666,6.333333333333333,13.933333333333335,0.0,1010.0,1,Medium,1
Airplane,"(-1, 0]",1,1,2004-07-05,2.0,New York,Take-off run,Medium,Some Cloud,Ring-billed gull,False,0,False,2004,7,BUFFALO-NIAGARA INTL,42.940498,-78.732201,728.0,16.688896633415297,NY,KJFK_New_York,24.05,70.0,3.75,11.65,0.0,1013.4,1,High,2
Airplane,"(-1, 0]",1,1,2004-07-07,2.0,New York,Landing Roll,Small,Some Cloud,Unknown bird - small,True,0,False,2004,7,BUFFALO-NIAGARA INTL,42.940498,-78.732201,728.0,16.688896633415297,NY,KJFK_New_York,12.55,51.0,17.75,14.4,0.0,1020.2,1,High,2
Airplane,"(-1, 0]",1,1,2004-07-08,2.0,New York,Take-off run,Small,Overcast,Unknown bird - small,False,0,False,2004,7,BUFFALO-NIAGARA INTL,42.940498,-78.732201,728.0,16.688896633415297,NY,KJFK_New_York,13.7,68.0,18.03333333333333,14.533333333333331,2.3,1016.6666666666666,1,High,2
Airplane,"(-1, 0]",1,1,2004-07-09,2.0,New York,Take-off run,Medium,Some Cloud,Unknown bird - medium,False,0,False,2004,7,GREATER ROCHESTER INTL,43.1189,-77.672401,559.0,27.86996070509405,NY,KJFK_New_York,15.9,64.0,13.0,15.45,0.0,1012.6,1,Medium,1
Airplane,"(100, 200]",1,1,2004-07-10,2.0,Illinois,Approach,Small,Overcast,Unknown bird - small,False,200,False,2004,7,CHICAGO O'HARE INTL ARPT,41.9786,-87.9048,680.0,4.16460023622371,IL,KORD_Chicago,29.85,47.0,8.4,11.9,0.0,1008.85,1,Medium,1
Airplane,"(-1, 0]",1,1,2004-07-13,2.0,New York,Take-off run,Small,Some Cloud,Barn swallow,True,0,False,2004,7,ALBANY INTL,42.748299,-73.801697,285.0,94.50065050780267,NY,KJFK_New_York,13.1,67.0,3.6,13.633333333333333,0.5,1014.6333333333332,1,Medium,1
Airplane,"(50, 100]",1,1,2004-07-13,2.0,Illinois,Approach,Small,Some Cloud,Mourning dove,False,100,False,2004,7,DUPAGE AIRPORT,41.90779877,-88.24859619,759.0,32.15621751349237,IL,KORD_Chicago,6.833333333333333,79.0,11.966666666666669,14.966666666666669,0.0,1018.5333333333332,1,Low,0
Airplane,"(50, 100]",1,1,2004-07-13,2.0,New York,Climb,Small,Overcast,Unknown bird - small,False,100,True,2004,7,SYRACUSE HANCOCK INTL,43.11119842529297,-76.1063003540039,421.0,30.07276586498391,NY,KJFK_New_York,13.1,67.0,3.6,13.633333333333333,0.5,1014.6333333333332,1,Low,0
Airplane,"(-1, 0]",1,1,2004-07-16,2.0,New York,Landing Roll,Medium,Some Cloud,Ring-billed gull,True,0,False,2004,7,BUFFALO-NIAGARA INTL,42.940498,-78.732201,728.0,16.688896633415297,NY,KJFK_New_York,22.4,96.0,9.45,15.3,0.0,1021.45,1,High,2
Airplane,"(-1, 0]",1,1,2004-07-17,2.0,Illinois,Landing Roll,Small,Some Cloud,Killdeer,True,0,False,2004,7,QUAD CITY ARPT,39.6431007385,-89.14450073239999,630.0,33.991848342153304,IL,KORD_Chicago,12.85,70.5,7.3,11.4,1.6,1012.4,1,Medium,1
Airplane,"(10, 30]",1,1,2004-07-18,2.0,Illinois,Climb,Small,No Cloud,American kestrel,True,20,False,2004,7,QUAD CITY ARPT,39.6431007385,-89.14450073239999,630.0,33.991848342153304,IL,KORD_Chicago,8.5,83.5,6.75,16.1,0.0,1015.1,1,Low,0
Airplane,"(0, 10]",1,1,2004-07-21,2.0,Colorado,Approach,Small,Some Cloud,Unknown bird - small,False,10,False,2004,7,DENVER INTL AIRPORT,39.52920150756836,-104.65799713134766,6295.0,27.573111187238812,CO,KDEN_Denver,16.6,72.5,9.3,14.6,0.0,1012.55,1,Medium,1
Airplane,"(-1, 0]",1,1,2004-07-24,2.0,Illinois,Take-off run,Small,No Cloud,Purple martin,True,0,False,2004,7,UNIV OF ILLINOIS -WILLARD ARPT,40.039819,-88.276249,755.0,25.148499963897123,IL,KORD_Chicago,16.03333333333333,54.0,12.2,11.566666666666668,5.3,1010.0666666666666,1,High,2
Airplane,"(-1, 0]",1,1,2004-07-26,2.0,Illinois,Take-off run,Small,Some Cloud,American kestrel,False,0,False,2004,7,ABRAHAM LINCOLN CAPITAL ARPT,39.844101,-89.677902,598.0,24.88369746449472,IL,KORD_Chicago,14.2,83.0,12.75,10.4,0.0,1011.9,1,High,2
Airplane,"(-1, 0]",1,1,2004-07-27,2.0,New York,Landing Roll,Small,Overcast,European starling,True,0,False,2004,7,GREATER BINGHAMTON ARPT,39.9734,-90.403702,465.0,928.1562052517568,NY,KJFK_New_York,6.85,56.5,18.4,13.2,0.0,1022.6,1,Medium,1
Airplane,"(-1, 0]",1,1,2004-07-27,2.0,New York,Landing Roll,Medium,Overcast,Peregrine falcon,True,0,False,2004,7,JOHN F KENNEDY INTL,40.639447,-73.779317,13.0,285.81600722845906,NY,KJFK_New_York,6.85,56.5,18.4,13.2,0.0,1022.6,1,High,2
Airplane,"(50, 100]",1,1,2004-07-28,2.0,New York,Approach,Small,Overcast,Unknown bird - small,True,100,True,2004,7,LONG ISLAND MAC ARTHUR,40.796324,-73.101703,99.0,292.8807816425768,NY,KJFK_New_York,2.4,59.0,17.7,12.2,0.0,1011.25,1,Medium,1
Airplane,"(1000, 2000]",1,1,2004-07-28,2.0,New York,Approach,Medium,No Cloud,Unknown bird - medium,False,1200,False,2004,7,GREATER BINGHAMTON ARPT,39.9734,-90.403702,465.0,928.1562052517568,NY,KJFK_New_York,2.4,59.0,17.7,12.2,0.0,1011.25,1,Low,0
Airplane,"(30, 50]",1,1,2004-07-30,2.0,Illinois,Approach,Small,Overcast,Unknown bird - small,False,50,False,2004,7,BLOOMINGTON/NORMAL,40.4771,-88.915901,871.0,9.96741417120628,IL,KORD_Chicago,6.1000000000000005,60.0,11.066666666666668,14.933333333333332,8.9,1011.7,1,Medium,1
Airplane,"(-1, 0]",1,1,2004-08-01,2.0,Illinois,Take-off run,Small,No Cloud,European starling,False,0,False,2004,8,UNIV OF ILLINOIS -WILLARD ARPT,40.039819,-88.276249,755.0,25.148499963897123,IL,KORD_Chicago,6.95,80.0,11.45,16.1,0.0,1017.0,1,Medium,1
Airplane,"(-1, 0]",1,1,2004-08-01,2.0,Illinois,Take-off run,Small,No Cloud,Killdeer,False,0,False,2004,8,ABRAHAM LINCOLN CAPITAL ARPT,39.844101,-89.677902,598.0,24.88369746449472,IL,KORD_Chicago,6.95,80.0,11.45,16.1,0.0,1017.0,1,Medium,1
Airplane,"(3000, 5000]",1,1,2004-08-01,2.0,New York,Approach,Medium,No Cloud,Unknown bird - medium,False,4000,True,2004,8,ALBANY INTL,42.748299,-73.801697,285.0,94.50065050780267,NY,KJFK_New_York,8.6,43.0,10.15,15.3,1.7,1016.75,1,Low,0
Airplane,"(10, 30]",1,1,2004-08-03,2.0,New York,Approach,Small,Some Cloud,Unknown bird - small,False,30,False,2004,8,BUFFALO-NIAGARA INTL,42.940498,-78.732201,728.0,16.688896633415297,NY,KJFK_New_York,2.35,38.5,3.95,12.45,3.7,1004.15,1,Medium,1
Airplane,"(3000, 5000]",1,1,2004-08-03,2.0,Illinois,Approach,Small,Some Cloud,Unknown bird - small,False,3500,True,2004,8,CHICAGO MIDWAY INTL ARPT,41.785999,-87.752403,620.0,8.607490552607114,IL,KORD_Chicago,-3.2,76.0,11.1,6.2,0.0,1009.5,1,Low,0
Airplane,"(200, 400]",1,1,2004-08-05,2.0,New York,Approach,Small,Overcast,Unknown bird - small,True,400,True,2004,8,ALBANY INTL,42.748299,-73.801697,285.0,94.50065050780267,NY,KJFK_New_York,15.4,61.5,6.75,16.1,4.1,1018.85,1,Low,0
Airplane,"(-1, 0]",1,1,2004-08-06,2.0,New York,Landing Roll,Small,Some Cloud,Killdeer,False,0,False,2004,8,WESTCHESTER COUNTY ARPT,41.06700134277344,-73.70760345458984,439.0,243.3503200617849,NY,KJFK_New_York,11.65,31.0,9.25,11.5,0.0,1014.5,1,High,2
Airplane,"(100, 200]",1,1,2004-08-07,2.0,Illinois,Approach,Small,No Cloud,Unknown bird - small,False,200,True,2004,8,CHICAGO MIDWAY INTL ARPT,41.785999,-87.752403,620.0,8.607490552607114,IL,KORD_Chicago,19.85,74.5,14.15,14.4,7.4,1015.55,1,Medium,1
Airplane,"(-1, 0]",1,1,2004-08-09,2.0,Colorado,Take-off run,Small,No Cloud,Horned lark,False,0,False,2004,8,YAMPA VALLEY,40.481201,-107.218002,6606.0,180.83264488239317,CO,KDEN_Denver,19.65,70.0,7.0,12.55,1.0,1019.1,1,Medium,1
Airplane,"(-1, 0]",1,1,2004-08-11,2.0,Illinois,Take-off run,Medium,No Cloud,Ring-billed gull,False,0,True,2004,8,CHICAGO MIDWAY INTL ARPT,41.785999,-87.752403,620.0,8.607490552607114,IL,KORD_Chicago,7.85,93.5,5.8,16.1,0.0,1017.05,1,Medium,1
Airplane,"(-1, 0]",1,1,2004-08-12,2.0,Illinois,Take-off run,Small,Some Cloud,Unknown bird - small,True,0,True,2004,8,CHICAGO O'HARE INTL ARPT,41.9786,-87.9048,680.0,4.16460023622371,IL,KORD_Chicago,14.85,45.0,15.7,7.649999999999999,0.0,1016.5,1,High,2
Airplane,"(200, 400]",1,1,2004-08-14,2.0,New York,Climb,Small,Overcast,Laughing gull,True,400,True,2004,8,JOHN F KENNEDY INTL,40.639447,-73.779317,13.0,285.81600722845906,NY,KJFK_New_York,10.95,81.0,7.4,15.15,0.0,1008.4,1,Low,0
Airplane,"(200, 400]",1,1,2004-08-14,1.0,Colorado,Approach,Small,Some Cloud,Rock pigeon,False,400,False,2004,8,CENTENNIAL ARPT,39.57009888,-104.848999,5885.0,22.177781438130427,CO,KDEN_Denver,22.95,48.5,17.2,16.1,2.8,1009.2,1,Low,0
Airplane,"(100, 200]",1,1,2004-08-15,2.0,New York,Approach,Large,Some Cloud,Osprey,True,150,True,2004,8,JOHN F KENNEDY INTL,40.639447,-73.779317,13.0,285.81600722845906,NY,KJFK_New_York,15.266666666666666,65.0,4.6000000000000005,7.766666666666666,0.4,1019.8333333333334,1,Medium,1
Airplane,"(-1, 0]",1,1,2004-08-16,2.0,New York,Take-off run,Small,Overcast,American kestrel,True,0,False,2004,8,JOHN F KENNEDY INTL,40.639447,-73.779317,13.0,285.81600722845906,NY,KJFK_New_York,25.75,72.0,10.35,12.3,2.1,1016.1,1,Medium,1
Airplane,"(50, 100]",1,1,2004-08-16,2.0,New York,Approach,Medium,Overcast,Herring gull,True,100,False,2004,8,JOHN F KENNEDY INTL,40.639447,-73.779317,13.0,285.81600722845906,NY,KJFK_New_York,25.75,72.0,10.35,12.3,2.1,1016.1,1,Medium,1
Airplane,"(-1, 0]",1,1,2004-08-17,2.0,Colorado,Take-off run,Small,No Cloud,Unknown bird - small,False,0,False,2004,8,DENVER INTL AIRPORT,39.52920150756836,-104.65799713134766,6295.0,27.573111187238812,CO,KDEN_Denver,7.6,86.0,8.3,16.0,0.0,1014.05,1,Medium,1
Airplane,"(-1, 0]",1,1,2004-08-19,2.0,New York,Landing Roll,Small,Overcast,Unknown bird - small,False,0,False,2004,8,BUFFALO-NIAGARA INTL,42.940498,-78.732201,728.0,16.688896633415297,NY,KJFK_New_York,23.4,74.0,8.6,10.95,0.0,1009.6,1,High,2
Airplane,"(30, 50]",1,1,2004-08-19,2.0,New York,Climb,Small,Overcast,Unknown bird - small,False,50,False,2004,8,LAGUARDIA NY,40.777199,-73.872597,21.0,268.82670826154464,NY,KJFK_New_York,23.4,74.0,8.6,10.95,0.0,1009.6,1,Low,0
Airplane,"(-1, 0]",1,1,2004-08-19,2.0,Illinois,Take-off run,Small,No Cloud,Unknown bird - small,False,0,True,2004,8,CHICAGO O'HARE INTL ARPT,41.9786,-87.9048,680.0,4.16460023622371,IL,KORD_Chicago,11.7,74.0,21.9,10.65,2.5,1022.65,1,High,2
Airplane,"(-1, 0]",1,1,2004-08-21,2.0,New York,Landing Roll,Medium,Overcast,Herring gull,True,0,False,2004,8,JOHN F KENNEDY INTL,40.639447,-73.779317,13.0,285.81600722845906,NY,KJFK_New_York,14.300000000000002,80.66666666666667,6.366666666666667,11.1,5.1,1016.4,1,Medium,1
Airplane,"(-1, 0]",1,1,2004-08-23,2.0,Illinois,Landing Roll,Small,No Cloud,Barn swallow,True,0,False,2004,8,CHICAGO O'HARE INTL ARPT,41.9786,-87.9048,680.0,4.16460023622371,IL,KORD_Chicago,5.45,70.5,8.45,12.25,2.4,1016.8,1,High,2
Airplane,"(-1, 0]",1,1,2004-08-25,2.0,New York,Take-off run,Small,No Cloud,Unknown bird - small,False,0,False,2004,8,BUFFALO-NIAGARA INTL,42.940498,-78.732201,728.0,16.688896633415297,NY,KJFK_New_York,10.95,77.5,4.85,13.05,0.0,1001.55,1,Medium,1
Airplane,"(3000, 5000]",1,1,2004-08-27,2.0,Illinois,Descent,Medium,Overcast,Unknown bird - medium,False,4000,True,2004,8,CHICAGO MIDWAY INTL ARPT,41.785999,-87.752403,620.0,8.607490552607114,IL,KORD_Chicago,8.100000000000001,79.5,12.9,12.5,0.0,1010.9,1,Medium,1
Airplane,"(50, 100]",1,1,2004-08-29,2.0,Colorado,Approach,Small,No Cloud,Unknown bird - small,False,100,False,2004,8,DENVER INTL AIRPORT,39.52920150756836,-104.65799713134766,6295.0,27.573111187238812,CO,KDEN_Denver,5.35,67.5,14.75,15.6,0.0,1018.6,1,Medium,1
Airplane,"(100, 200]",1,1,2004-08-30,2.0,New York,Approach,Medium,Some Cloud,Unknown bird - medium,True,200,False,2004,8,WESTCHESTER COUNTY ARPT,41.06700134277344,-73.70760345458984,439.0,243.3503200617849,NY,KJFK_New_York,39.75,40.5,12.05,9.55,0.0,1011.7,1,High,2
Airplane,"(1000, 2000]",1,1,2004-08-30,1.0,Illinois,Approach,Small,No Cloud,Unknown bird - small,False,1100,False,2004,8,SOUTHERN ILLINOIS,37.778099,-89.251999,411.0,187.5040907129307,IL,KORD_Chicago,6.699999999999999,59.0,23.25,8.9,0.0,1003.4,1,Low,0
Airplane,"(0, 10]",1,1,2004-08-31,2.0,Illinois,Approach,Medium,No Cloud,Unknown bird - medium,False,10,True,2004,8,CHICAGO MIDWAY INTL ARPT,41.785999,-87.752403,620.0,8.607490552607114,IL,KORD_Chicago,0.3500000000000001,39.0,17.95,16.05,0.0,1019.85,1,High,2
Airplane,"(0, 10]",1,1,2004-09-03,2.0,New York,Climb,Small,No Cloud,Unknown bird - small,True,10,False,2004,9,BUFFALO-NIAGARA INTL,42.940498,-78.732201,728.0,16.688896633415297,NY,KJFK_New_York,17.4,48.5,12.85,13.05,1.9,1012.15,1,High,2
Airplane,"(600, 1000]",1,1,2004-09-04,2.0,Illinois,Climb,Small,No Cloud,Unknown bird - small,False,800,False,2004,9,CHICAGO O'HARE INTL ARPT,41.9786,-87.9048,680.0,4.16460023622371,IL,KORD_Chicago,14.4,82.0,12.55,11.0,0.0,1007.65,1,Medium,1
Airplane,"(2000, 3000]",1,1,2004-09-07,2.0,Illinois,Climb,Small,Some Cloud,Unknown bird - small,True,3000,False,2004,9,CHICAGO O'HARE INTL ARPT,41.9786,-87.9048,680.0,4.16460023622371,IL,KORD_Chicago,10.15,79.5,6.75,8.15,1.6,1007.0,1,Low,0
Airplane,"(2000, 3000]",1,1,2004-09-08,2.0,Illinois,Climb,Small,No Cloud,Unknown bird - small,False,2500,True,2004,9,CHICAGO MIDWAY INTL ARPT,41.785999,-87.752403,620.0,8.607490552607114,IL,KORD_Chicago,11.15,77.0,6.35,14.6,0.0,1010.75,1,Low,0
Airplane,"(-1, 0]",1,1,2004-09-09,2.0,New York,Landing Roll,Small,Overcast,Unknown bird - small,False,0,False,2004,9,BUFFALO-NIAGARA INTL,42.940498,-78.732201,728.0,16.688896633415297,NY,KJFK_New_York,3.4000000000000004,84.5,7.25,12.5,6.7,1016.9,1,High,2
Airplane,"(600, 1000]",1,1,2004-09-10,2.0,New York,Approach,Medium,No Cloud,Unknown bird - medium,False,1000,False,2004,9,LAGUARDIA NY,40.777199,-73.872597,21.0,268.82670826154464,NY,KJFK_New_York,11.05,78.0,4.1,15.35,0.0,1014.8,1,Low,0
Airplane,"(-1, 0]",1,1,2004-09-10,2.0,New York,Landing Roll,Small,Some Cloud,Mourning dove,True,0,False,2004,9,WESTCHESTER COUNTY ARPT,41.06700134277344,-73.70760345458984,439.0,243.3503200617849,NY,KJFK_New_York,11.05,78.0,4.1,15.35,0.0,1014.8,1,Low,0
Airplane,"(-1, 0]",1,1,2004-09-10,1.0,Illinois,Take-off run,Small,No Cloud,European starling,False,0,False,2004,9,UNIV OF ILLINOIS -WILLARD ARPT,40.039819,-88.276249,755.0,25.148499963897123,IL,KORD_Chicago,4.75,51.0,3.6,15.0,0.0,1017.55,1,Low,0
Airplane,"(0, 10]",1,1,2004-09-12,2.0,New York,Approach,Small,No Cloud,Unknown bird - small,False,10,False,2004,9,STEWART INTL AIRPORT,41.85419845581055,-89.08760070800781,770.0,772.6270946133457,NY,KJFK_New_York,0.7999999999999995,65.0,9.933333333333334,12.366666666666667,0.0,1012.6333333333332,1,Low,0
Airplane,"(-1, 0]",1,1,2004-09-13,2.0,Colorado,Take-off run,Medium,Some Cloud,Unknown bird - medium,False,0,False,2004,9,DENVER INTL AIRPORT,39.52920150756836,-104.65799713134766,6295.0,27.573111187238812,CO,KDEN_Denver,7.4,63.0,2.1,16.1,0.0,1014.95,1,Medium,1
Airplane,"(-1, 0]",1,1,2004-09-13,2.0,Illinois,Take-off run,Small,No Cloud,Mourning dove,False,0,False,2004,9,QUAD CITY ARPT,39.6431007385,-89.14450073239999,630.0,33.991848342153304,IL,KORD_Chicago,24.3,41.0,10.65,14.1,0.0,1013.45,1,Medium,1
Airplane,"(0, 10]",1,1,2004-09-13,2.0,Illinois,Climb,Small,No Cloud,Unknown bird - small,False,10,False,2004,9,AURORA MUNICIPAL ARPT,41.771900177,-88.47570037839999,712.0,24.244170734243923,IL,KORD_Chicago,24.3,41.0,10.65,14.1,0.0,1013.45,1,Medium,1
Airplane,"(-1, 0]",1,1,2004-09-14,2.0,Colorado,Take-off run,Small,No Cloud,Unknown bird - small,False,0,False,2004,9,DENVER INTL AIRPORT,39.52920150756836,-104.65799713134766,6295.0,27.573111187238812,CO,KDEN_Denver,12.65,79.0,23.7,9.3,0.0,1013.8,1,High,2
Airplane,"(30, 50]",1,1,2004-09-15,2.0,Colorado,Approach,Large,No Cloud,Great blue heron,False,50,False,2004,9,ROCKY MOUNTAIN METROPOLITAN ARPT,39.908798,-105.116997,5673.0,8.792994069845067,CO,KDEN_Denver,15.3,96.5,8.0,13.85,0.0,1016.0,1,High,2
Airplane,"(-1, 0]",1,1,2004-09-16,2.0,Illinois,Landing Roll,Large,No Cloud,White-tailed deer,False,0,False,2004,9,MOUNT HAWLEY,40.7953,-89.613403,786.0,24.94897285146546,IL,KORD_Chicago,4.0,65.5,10.25,15.75,0.0,1013.35,1,High,2
Airplane,"(3000, 5000]",1,1,2004-09-17,2.0,Illinois,Approach,Medium,No Cloud,Unknown bird - medium,False,4000,True,2004,9,CHICAGO MIDWAY INTL ARPT,41.785999,-87.752403,620.0,8.607490552607114,IL,KORD_Chicago,8.6,73.33333333333333,12.633333333333333,12.6,0.5,1016.2,1,Medium,1
Airplane,"(0, 10]",1,1,2004-09-21,2.0,Illinois,Climb,Small,No Cloud,Unknown bird - small,False,10,False,2004,9,QUINCY REGIONAL ARPT - BALDWIN FLD,39.942699,-91.194603,768.0,12.16824625259274,IL,KORD_Chicago,11.8,90.0,2.5,12.1,0.0,1013.75,1,Medium,1
Airplane,"(10, 30]",1,1,2004-09-23,2.0,New York,Approach,Small,Some Cloud,Unknown bird - small,False,30,False,2004,9,SYRACUSE HANCOCK INTL,43.11119842529297,-76.1063003540039,421.0,30.07276586498391,NY,KJFK_New_York,15.7,46.66666666666666,13.699999999999998,10.333333333333334,0.0,1018.5666666666666,1,Medium,1
Airplane,"(0, 10]",1,1,2004-09-29,2.0,Illinois,Approach,Medium,Some Cloud,Red-tailed hawk,True,10,True,2004,9,CHICAGO MIDWAY INTL ARPT,41.785999,-87.752403,620.0,8.607490552607114,IL,KORD_Chicago,11.1,66.0,2.05,9.95,0.0,1016.15,1,Medium,1
Airplane,"(-1, 0]",1,1,2004-09-30,2.0,New York,Take-off run,Small,Some Cloud,Unknown bird - small,False,0,True,2004,9,BUFFALO-NIAGARA INTL,42.940498,-78.732201,728.0,16.688896633415297,NY,KJFK_New_York,11.55,70.0,21.85,13.25,2.3,1019.55,1,High,2
Airplane,"(-1, 0]",1,1,2004-10-05,2.0,New York,Take-off run,Medium,No Cloud,Herring gull,True,0,False,2004,10,JOHN F KENNEDY INTL,40.639447,-73.779317,13.0,285.81600722845906,NY,KJFK_New_York,9.55,59.5,4.15,15.05,0.0,1009.7,1,Low,0
Airplane,"(-1, 0]",1,1,2004-10-07,2.0,Illinois,Take-off run,Medium,Some Cloud,Unknown bird - medium,False,0,False,2004,10,BLOOMINGTON/NORMAL,40.4771,-88.915901,871.0,9.96741417120628,IL,KORD_Chicago,15.95,72.5,6.6000000000000005,7.0,1.9,1012.95,1,High,2
Airplane,"(3000, 5000]",1,1,2004-10-08,2.0,Illinois,Climb,Medium,Some Cloud,Unknown bird - medium,False,3600,True,2004,10,CHICAGO O'HARE INTL ARPT,41.9786,-87.9048,680.0,4.16460023622371,IL,KORD_Chicago,17.4,58.0,33.95,9.8,0.0,1011.2,1,Medium,1
Airplane,"(1000, 2000]",1,1,2004-10-09,2.0,Illinois,Climb,Medium,No Cloud,Unknown bird - medium,False,2000,False,2004,10,CHICAGO O'HARE INTL ARPT,41.9786,-87.9048,680.0,4.16460023622371,IL,KORD_Chicago,12.033333333333331,72.0,7.133333333333333,15.1,0.0,1014.2333333333332,1,Low,0
Airplane,"(400, 600]",1,1,2004-10-13,2.0,Colorado,Approach,Medium,Some Cloud,Unknown bird - medium,False,600,False,2004,10,DENVER INTL AIRPORT,39.52920150756836,-104.65799713134766,6295.0,27.573111187238812,CO,KDEN_Denver,17.7,49.0,9.0,9.85,0.0,1012.6,1,Medium,1
Airplane,"(10, 30]",1,1,2004-10-19,2.0,New York,Approach,Medium,Overcast,Ring-billed gull,False,30,False,2004,10,REPUBLIC AIRPORT,40.728576,-73.414267,82.0,287.70671637970247,NY,KJFK_New_York,11.95,79.5,8.85,15.7,2.0,1019.15,1,Low,0
Airplane,"(10, 30]",1,1,2004-10-19,2.0,New York,Climb,Medium,Overcast,Ring-billed gull,True,30,False,2004,10,WESTCHESTER COUNTY ARPT,41.06700134277344,-73.70760345458984,439.0,243.3503200617849,NY,KJFK_New_York,11.95,79.5,8.85,15.7,2.0,1019.15,1,Medium,1
Airplane,"(600, 1000]",1,1,2004-10-20,4.0,Illinois,Approach,Medium,Some Cloud,Unknown bird - medium,False,1000,False,2004,10,CHICAGO O'HARE INTL ARPT,41.9786,-87.9048,680.0,4.16460023622371,IL,KORD_Chicago,9.7,38.0,3.966666666666667,13.7,0.0,1012.1333333333332,1,Low,0
Airplane,"(5000, 18000]",1,1,2004-10-26,2.0,New York,Descent,Medium,No Cloud,Unknown bird - medium,False,6000,True,2004,10,LAGUARDIA NY,40.777199,-73.872597,21.0,268.82670826154464,NY,KJFK_New_York,10.866666666666667,46.333333333333336,7.0,15.066666666666668,0.0,1014.1333333333332,1,Low,0
Airplane,"(2000, 3000]",1,1,2004-10-26,2.0,New York,Descent,Medium,Some Cloud,Unknown bird - medium,False,2500,False,2004,10,LONG ISLAND MAC ARTHUR,40.796324,-73.101703,99.0,292.8807816425768,NY,KJFK_New_York,10.866666666666667,46.333333333333336,7.0,15.066666666666668,0.0,1014.1333333333332,1,Low,0
Airplane,"(3000, 5000]",1,1,2004-10-28,2.0,New York,Approach,Small,No Cloud,Unknown bird - small,False,4000,False,2004,10,LAGUARDIA NY,40.777199,-73.872597,21.0,268.82670826154464,NY,KJFK_New_York,21.6,65.5,14.9,15.15,0.0,1013.65,1,Low,0
Airplane,"(100, 200]",1,1,2004-10-31,2.0,New York,Approach,Small,No Cloud,Unknown bird - small,False,150,False,2004,10,LAGUARDIA NY,40.777199,-73.872597,21.0,268.82670826154464,NY,KJFK_New_York,14.266666666666666,56.66666666666666,6.766666666666667,12.966666666666669,0.0,1012.7333333333332,1,Low,0
Airplane,"(2000, 3000]",1,1,2004-10-31,2.0,Illinois,Approach,Small,No Cloud,Unknown bird - small,True,3000,True,2004,10,CHICAGO O'HARE INTL ARPT,41.9786,-87.9048,680.0,4.16460023622371,IL,KORD_Chicago,20.866666666666667,55.66666666666666,13.666666666666666,16.1,0.0,1012.3,1,Low,0
Airplane,"(2000, 3000]",1,1,2004-11-04,2.0,Illinois,Approach,Small,No Cloud,Unknown bird - small,True,3000,True,2004,11,CHICAGO MIDWAY INTL ARPT,41.785999,-87.752403,620.0,8.607490552607114,IL,KORD_Chicago,1.2,81.5,5.9,15.1,0.6,1014.9,1,Low,0
Airplane,"(3000, 5000]",1,1,2004-11-04,2.0,Illinois,Approach,Medium,Some Cloud,Unknown bird - medium,False,4300,True,2004,11,CHICAGO MIDWAY INTL ARPT,41.785999,-87.752403,620.0,8.607490552607114,IL,KORD_Chicago,1.2,81.5,5.9,15.1,0.6,1014.9,1,Low,0
Airplane,"(400, 600]",1,1,2004-11-07,2.0,Colorado,Climb,Small,Some Cloud,Unknown bird - small,False,500,False,2004,11,DENVER INTL AIRPORT,39.52920150756836,-104.65799713134766,6295.0,27.573111187238812,CO,KDEN_Denver,10.2,74.5,1.55,13.3,1.9,1021.2,1,Low,0
Airplane,"(-1, 0]",1,1,2004-11-07,2.0,Colorado,Take-off run,Small,No Cloud,Horned lark,False,0,False,2004,11,COLORADO SPRINGS MUNICIPAL,38.805801,-104.700996,6187.0,38.3672452711314,CO,KDEN_Denver,10.2,74.5,1.55,13.3,1.9,1021.2,1,Medium,1
Airplane,"(1000, 2000]",1,1,2004-11-07,1.0,Illinois,Approach,Large,Some Cloud,Unknown bird - large,False,1650,False,2004,11,AURORA MUNICIPAL ARPT,41.771900177,-88.47570037839999,712.0,24.244170734243923,IL,KORD_Chicago,5.9,36.0,18.65,16.1,0.0,1009.95,1,Medium,1
Airplane,"(30, 50]",1,1,2004-11-21,2.0,New York,Climb,Medium,Overcast,Ring-billed gull,True,50,False,2004,11,REPUBLIC AIRPORT,40.728576,-73.414267,82.0,287.70671637970247,NY,KJFK_New_York,17.700000000000003,72.5,6.15,13.1,0.0,1012.1,1,Low,0
Airplane,"(400, 600]",1,1,2004-11-27,2.0,Illinois,Approach,Small,Overcast,Rock pigeon,False,600,True,2004,11,CHICAGO MIDWAY INTL ARPT,41.785999,-87.752403,620.0,8.607490552607114,IL,KORD_Chicago,-1.0499999999999998,47.5,4.5,11.25,0.0,1011.05,1,Low,0
Airplane,"(100, 200]",1,1,2004-12-05,2.0,Colorado,Climb,Small,No Cloud,Unknown bird - small,False,200,False,2004,12,DENVER INTL AIRPORT,39.52920150756836,-104.65799713134766,6295.0,27.573111187238812,CO,KDEN_Denver,7.05,55.5,6.45,14.65,1.9,1028.15,1,Low,0
Airplane,"(-1, 0]",1,1,2004-12-09,2.0,Illinois,Landing Roll,Medium,Some Cloud,Red-tailed hawk,True,0,False,2004,12,CHICAGO O'HARE INTL ARPT,41.9786,-87.9048,680.0,4.16460023622371,IL,KORD_Chicago,14.633333333333333,61.333333333333336,10.766666666666666,12.9,2.1,1020.0333333333332,1,High,2
Airplane,"(50, 100]",1,1,2004-12-23,2.0,New York,Approach,Medium,Overcast,Herring gull,False,100,False,2004,12,LAGUARDIA NY,40.777199,-73.872597,21.0,268.82670826154464,NY,KJFK_New_York,12.650000000000002,69.5,10.25,11.45,0.0,1016.55,1,Medium,1
Airplane,"(10, 30]",1,1,2004-12-31,2.0,New York,Approach,Medium,Some Cloud,Peregrine falcon,False,20,False,2004,12,LAGUARDIA NY,40.777199,-73.872597,21.0,268.82670826154464,NY,KJFK_New_York,7.7,65.33333333333333,16.400000000000002,13.666666666666666,0.0,1016.3666666666668,1,Medium,1
Airplane,"(-1, 0]",1,1,2005-01-09,2.0,Colorado,Take-off run,Medium,No Cloud,Unknown bird - medium,False,0,False,2005,1,COLORADO SPRINGS MUNICIPAL,38.805801,-104.700996,6187.0,38.3672452711314,CO,KDEN_Denver,12.75,82.0,19.4,13.45,0.0,1013.05,1,High,2
Airplane,"(-1, 0]",1,1,2005-01-18,2.0,Illinois,Take-off run,Small,No Cloud,European starling,False,0,False,2005,1,ABRAHAM LINCOLN CAPITAL ARPT,39.844101,-89.677902,598.0,24.88369746449472,IL,KORD_Chicago,10.45,70.5,9.65,11.95,0.0,1010.5,1,High,2
Airplane,"(-1, 0]",1,1,2005-01-20,2.0,Colorado,Landing Roll,Small,No Cloud,Horned lark,False,0,False,2005,1,COLORADO SPRINGS MUNICIPAL,38.805801,-104.700996,6187.0,38.3672452711314,CO,KDEN_Denver,14.9,71.5,2.2,12.95,4.7,1012.4,1,Medium,1
Airplane,"(30, 50]",1,1,2005-02-01,2.0,New York,Approach,Small,No Cloud,Horned lark,True,40,False,2005,2,JOHN F KENNEDY INTL,40.639447,-73.779317,13.0,285.81600722845906,NY,KJFK_New_York,7.95,84.0,11.7,13.7,3.1,1012.05,1,Medium,1
Airplane,"(30, 50]",1,1,2005-02-11,2.0,Colorado,Approach,Small,No Cloud,Unknown bird - small,False,50,False,2005,2,DENVER INTL AIRPORT,39.52920150756836,-104.65799713134766,6295.0,27.573111187238812,CO,KDEN_Denver,5.7,57.0,8.600000000000001,15.6,0.0,1007.55,1,Medium,1
Airplane,"(100, 200]",1,1,2005-02-15,2.0,Illinois,Climb,Medium,Overcast,Unknown bird - medium,False,150,False,2005,2,CHICAGO MIDWAY INTL ARPT,41.785999,-87.752403,620.0,8.607490552607114,IL,KORD_Chicago,16.3,67.0,16.85,9.45,0.0,1017.85,1,High,2
Airplane,"(5000, 18000]",1,1,2005-02-25,2.0,Colorado,Approach,Medium,No Cloud,Unknown bird - medium,False,5500,False,2005,2,DENVER INTL AIRPORT,39.52920150756836,-104.65799713134766,6295.0,27.573111187238812,CO,KDEN_Denver,18.4,50.0,8.5,11.6,0.4,1015.3,1,Medium,1
Airplane,"(10, 30]",1,1,2005-02-25,2.0,New York,Approach,Large,Some Cloud,Snowy owl,True,15,False,2005,2,JOHN F KENNEDY INTL,40.639447,-73.779317,13.0,285.81600722845906,NY,KJFK_New_York,17.8,63.0,6.8,15.4,0.0,1015.55,1,Low,0
Airplane,"(30, 50]",1,1,2005-02-25,2.0,New York,Approach,Small,No Cloud,Horned lark,True,50,False,2005,2,JOHN F KENNEDY INTL,40.639447,-73.779317,13.0,285.81600722845906,NY,KJFK_New_York,17.8,63.0,6.8,15.4,0.0,1015.55,1,Low,0
Airplane,"(100, 200]",1,1,2005-03-02,2.0,New York,Approach,Large,Some Cloud,Canada goose,True,150,False,2005,3,WESTCHESTER COUNTY ARPT,41.06700134277344,-73.70760345458984,439.0,243.3503200617849,NY,KJFK_New_York,4.55,57.5,12.3,14.95,0.0,1013.75,1,High,2
Airplane,"(400, 600]",1,1,2005-03-11,2.0,New York,Approach,Medium,Some Cloud,Unknown bird - medium,False,500,True,2005,3,JOHN F KENNEDY INTL,40.639447,-73.779317,13.0,285.81600722845906,NY,KJFK_New_York,18.15,66.0,13.85,14.55,0.0,1020.4,1,Low,0
Airplane,"(200, 400]",1,1,2005-03-13,2.0,Colorado,Approach,Small,No Cloud,Unknown bird - small,False,300,False,2005,3,DENVER INTL AIRPORT,39.52920150756836,-104.65799713134766,6295.0,27.573111187238812,CO,KDEN_Denver,10.85,86.5,11.25,11.3,0.0,1012.65,1,Medium,1
Airplane,"(200, 400]",1,1,2005-03-16,2.0,Illinois,Approach,Medium,Some Cloud,Unknown bird - medium,False,400,True,2005,3,CHICAGO MIDWAY INTL ARPT,41.785999,-87.752403,620.0,8.607490552607114,IL,KORD_Chicago,5.2,88.5,13.1,13.7,0.0,1014.45,1,Medium,1
Airplane,"(1000, 2000]",1,1,2005-03-21,2.0,New York,Climb,Medium,Some Cloud,Mallard,False,1300,False,2005,3,LAGUARDIA NY,40.777199,-73.872597,21.0,268.82670826154464,NY,KJFK_New_York,12.45,89.0,6.300000000000001,14.7,0.1,1015.5,1,Low,0
Airplane,"(50, 100]",1,1,2005-03-24,2.0,Illinois,Approach,Small,No Cloud,Mourning dove,False,100,False,2005,3,GREATER ROCKFORD,42.1954,-89.097198,742.0,37.23938268045538,IL,KORD_Chicago,17.1,67.5,10.65,11.7,0.0,1013.8,1,Medium,1
Airplane,"(400, 600]",1,1,2005-03-24,2.0,New York,Approach,Medium,Some Cloud,Herring gull,True,500,True,2005,3,JOHN F KENNEDY INTL,40.639447,-73.779317,13.0,285.81600722845906,NY,KJFK_New_York,9.25,64.0,5.85,7.85,0.0,1013.55,1,Low,0
Airplane,"(-1, 0]",1,1,2005-03-25,2.0,Illinois,Take-off run,Small,Overcast,Rock pigeon,True,0,True,2005,3,CHICAGO MIDWAY INTL ARPT,41.785999,-87.752403,620.0,8.607490552607114,IL,KORD_Chicago,6.9,95.5,10.5,12.2,0.0,1019.65,1,High,2
Airplane,"(1000, 2000]",1,1,2005-04-03,2.0,Illinois,Approach,Small,Some Cloud,Unknown bird - small,False,1500,False,2005,4,CHICAGO MIDWAY INTL ARPT,41.785999,-87.752403,620.0,8.607490552607114,IL,KORD_Chicago,16.2,54.66666666666666,12.833333333333334,16.0,0.0,1015.4,1,Low,0
Airplane,"(-1, 0]",1,1,2005-04-05,2.0,Colorado,Landing Roll,Small,Overcast,Rock pigeon,True,0,False,2005,4,DENVER INTL AIRPORT,39.52920150756836,-104.65799713134766,6295.0,27.573111187238812,CO,KDEN_Denver,11.85,94.5,14.25,12.8,2.2,1016.6,1,High,2
Airplane,"(400, 600]",1,1,2005-04-07,1.0,New York,Approach,Large,Some Cloud,Canada goose,False,500,False,2005,4,REPUBLIC AIRPORT,40.728576,-73.414267,82.0,287.70671637970247,NY,KJFK_New_York,9.65,73.5,5.55,11.3,0.0,1009.3,1,Low,0
Airplane,"(-1, 0]",1,1,2005-04-12,2.0,New York,Taxi,Small,Some Cloud,Rock pigeon,True,0,False,2005,4,LAGUARDIA NY,40.777199,-73.872597,21.0,268.82670826154464,NY,KJFK_New_York,-6.55,60.0,6.699999999999999,12.4,0.4,1012.95,1,Low,0
Airplane,"(-1, 0]",1,1,2005-04-16,2.0,Illinois,Take-off run,Large,No Cloud,Canada goose,False,0,False,2005,4,UNIV OF ILLINOIS -WILLARD ARPT,40.039819,-88.276249,755.0,25.148499963897123,IL,KORD_Chicago,14.35,57.0,7.5,13.15,0.0,1009.05,1,High,2
Airplane,"(1000, 2000]",1,1,2005-04-21,2.0,Illinois,Approach,Small,Overcast,Unknown bird - small,False,1500,True,2005,4,DECATUR ARPT,39.834598541259766,-88.8656997680664,682.0,6.314354564142257,IL,KORD_Chicago,12.6,61.0,6.65,14.5,0.0,1017.15,1,Low,0
Airplane,"(200, 400]",1,1,2005-05-01,3.0,New York,Approach,Small,Some Cloud,Unknown bird - small,False,300,False,2005,5,BUFFALO-NIAGARA INTL,42.940498,-78.732201,728.0,16.688896633415297,NY,KJFK_New_York,17.033333333333335,51.0,11.966666666666669,12.7,0.0,1015.8333333333334,1,Medium,1
Airplane,"(600, 1000]",1,1,2005-05-04,2.0,Illinois,Approach,Small,No Cloud,Unknown bird - small,True,1000,False,2005,5,CHICAGO O'HARE INTL ARPT,41.9786,-87.9048,680.0,4.16460023622371,IL,KORD_Chicago,16.7,61.5,23.55,15.75,0.0,1013.55,1,Low,0
Airplane,"(30, 50]",1,1,2005-05-04,2.0,New York,Approach,Medium,No Cloud,Herring gull,False,50,False,2005,5,LAGUARDIA NY,40.777199,-73.872597,21.0,268.82670826154464,NY,KJFK_New_York,13.0,51.5,10.25,13.3,0.0,1016.5,1,Low,0
Airplane,"(10, 30]",1,1,2005-05-05,2.0,Illinois,Approach,Small,No Cloud,Unknown bird - small,True,30,False,2005,5,CHICAGO O'HARE INTL ARPT,41.9786,-87.9048,680.0,4.16460023622371,IL,KORD_Chicago,7.2,50.0,9.8,7.15,0.0,1005.15,1,Medium,1
Airplane,"(400, 600]",1,1,2005-05-05,2.0,Illinois,Approach,Small,No Cloud,Rock pigeon,False,500,True,2005,5,CHICAGO MIDWAY INTL ARPT,41.785999,-87.752403,620.0,8.607490552607114,IL,KORD_Chicago,7.2,50.0,9.8,7.15,0.0,1005.15,1,Low,0
Airplane,"(-1, 0]",1,1,2005-05-08,1.0,Colorado,Take-off run,Small,Some Cloud,Unknown bird - small,False,0,False,2005,5,ROCKY MOUNTAIN METROPOLITAN ARPT,39.908798,-105.116997,5673.0,8.792994069845067,CO,KDEN_Denver,3.1,73.0,6.15,16.1,0.0,1011.75,1,Low,0
Airplane,"(200, 400]",1,1,2005-05-09,2.0,Illinois,Approach,Medium,Overcast,Unknown bird - medium,False,300,True,2005,5,GREATER ROCKFORD,42.1954,-89.097198,742.0,37.23938268045538,IL,KORD_Chicago,12.0,59.5,3.75,15.0,0.0,1008.45,1,Low,0
Airplane,"(1000, 2000]",1,1,2005-05-10,2.0,New York,Climb,Medium,No Cloud,Unknown bird - medium,False,2000,False,2005,5,BUFFALO-NIAGARA INTL,42.940498,-78.732201,728.0,16.688896633415297,NY,KJFK_New_York,11.05,74.5,9.4,13.4,0.0,1011.65,1,Medium,1
Airplane,"(1000, 2000]",1,1,2005-05-11,2.0,New York,Climb,Small,No Cloud,Unknown bird - small,False,2000,False,2005,5,BUFFALO-NIAGARA INTL,42.940498,-78.732201,728.0,16.688896633415297,NY,KJFK_New_York,8.75,77.0,5.25,11.75,0.0,1016.95,1,Low,0
Airplane,"(30, 50]",1,1,2005-05-20,2.0,Illinois,Climb,Small,Overcast,Barn swallow,True,50,False,2005,5,QUAD CITY ARPT,39.6431007385,-89.14450073239999,630.0,33.991848342153304,IL,KORD_Chicago,3.4499999999999997,44.0,6.0,16.1,0.0,1003.15,1,Low,0
Airplane,"(2000, 3000]",1,1,2005-05-20,2.0,Illinois,Approach,Medium,Overcast,Unknown bird - medium,False,2500,True,2005,5,GREATER ROCKFORD,42.1954,-89.097198,742.0,37.23938268045538,IL,KORD_Chicago,3.4499999999999997,44.0,6.0,16.1,0.0,1003.15,1,Low,0
Airplane,"(50, 100]",1,1,2005-05-21,2.0,New York,Climb,Medium,No Cloud,Herring gull,False,75,True,2005,5,LAGUARDIA NY,40.777199,-73.872597,21.0,268.82670826154464,NY,KJFK_New_York,3.5500000000000003,75.5,3.9,9.45,0.0,1008.1,1,Low,0
Airplane,"(100, 200]",1,1,2005-05-23,2.0,Illinois,Climb,Medium,Some Cloud,Ring-billed gull,False,200,True,2005,5,CHICAGO MIDWAY INTL ARPT,41.785999,-87.752403,620.0,8.607490552607114,IL,KORD_Chicago,2.9666666666666663,52.333333333333336,3.3666666666666667,13.3,0.0,1019.9666666666668,1,Medium,1
Airplane,"(1000, 2000]",1,1,2005-05-24,2.0,New York,Approach,Small,Some Cloud,Unknown bird - small,False,2000,False,2005,5,CLINTON COUNTY ARPT,42.998199,-74.329597,881.0,44.71627154992871,NY,KJFK_New_York,5.949999999999999,47.0,6.75,15.25,0.0,1019.25,1,Low,0
Airplane,"(600, 1000]",1,1,2005-05-26,2.0,New York,Approach,Medium,No Cloud,Unknown bird - medium,False,800,True,2005,5,BUFFALO-NIAGARA INTL,42.940498,-78.732201,728.0,16.688896633415297,NY,KJFK_New_York,8.95,76.0,3.45,11.45,0.0,1010.35,1,Medium,1
Airplane,"(200, 400]",1,1,2005-05-27,2.0,New York,Approach,Large,No Cloud,Unknown bird - large,False,400,False,2005,5,BUFFALO-NIAGARA INTL,42.940498,-78.732201,728.0,16.688896633415297,NY,KJFK_New_York,0.8500000000000001,80.0,10.35,16.1,0.3,1010.25,1,Medium,1
Airplane,"(-1, 0]",1,1,2005-05-30,2.0,Colorado,Take-off run,Small,Some Cloud,Unknown bird - small,False,0,False,2005,5,DENVER INTL AIRPORT,39.52920150756836,-104.65799713134766,6295.0,27.573111187238812,CO,KDEN_Denver,8.75,74.0,5.449999999999999,15.0,0.0,1016.1,1,Low,0
Airplane,"(-1, 0]",1,1,2005-06-01,2.0,New York,Take-off run,Small,No Cloud,Unknown bird - small,False,0,False,2005,6,SYRACUSE HANCOCK INTL,43.11119842529297,-76.1063003540039,421.0,30.07276586498391,NY,KJFK_New_York,12.0,89.5,5.65,14.6,0.3,1014.85,1,Low,0
Airplane,"(-1, 0]",1,1,2005-06-03,2.0,Illinois,Landing Roll,Small,Overcast,European starling,True,0,False,2005,6,CHICAGO O'HARE INTL ARPT,41.9786,-87.9048,680.0,4.16460023622371,IL,KORD_Chicago,17.933333333333334,64.66666666666667,15.8,15.066666666666668,0.4,1013.7333333333332,1,High,2
Airplane,"(5000, 18000]",1,1,2005-06-04,2.0,Illinois,Descent,Medium,Some Cloud,Unknown bird - medium,False,9500,False,2005,6,CHICAGO MIDWAY INTL ARPT,41.785999,-87.752403,620.0,8.607490552607114,IL,KORD_Chicago,16.9,54.5,10.55,12.65,0.0,1016.8,1,Low,0
Airplane,"(-1, 0]",1,1,2005-06-08,2.0,New York,Landing Roll,Small,No Cloud,European starling,False,0,False,2005,6,LAGUARDIA NY,40.777199,-73.872597,21.0,268.82670826154464,NY,KJFK_New_York,11.333333333333334,82.0,13.4,11.433333333333332,0.0,1014.1,1,Medium,1
Airplane,"(100, 200]",1,1,2005-06-10,2.0,Colorado,Approach,Large,Overcast,Canada goose,False,150,False,2005,6,DENVER INTL AIRPORT,39.52920150756836,-104.65799713134766,6295.0,27.573111187238812,CO,KDEN_Denver,17.65,45.5,10.4,15.45,0.0,1010.15,1,High,2
Airplane,"(-1, 0]",1,1,2005-06-12,2.0,New York,Landing Roll,Medium,Overcast,Unknown bird - medium,False,0,False,2005,6,BUFFALO-NIAGARA INTL,42.940498,-78.732201,728.0,16.688896633415297,NY,KJFK_New_York,17.65,76.5,5.9,16.1,0.3,1012.8,1,High,2
Airplane,"(100, 200]",1,1,2005-06-14,2.0,New York,Approach,Small,Overcast,Unknown bird - small,False,200,False,2005,6,ALBANY INTL,42.748299,-73.801697,285.0,94.50065050780267,NY,KJFK_New_York,9.766666666666667,76.0,7.0,15.6,0.0,1007.0,1,Low,0
Airplane,"(-1, 0]",1,1,2005-06-17,2.0,Colorado,Landing Roll,Small,No Cloud,Unknown bird - small,False,0,False,2005,6,DENVER INTL AIRPORT,39.52920150756836,-104.65799713134766,6295.0,27.573111187238812,CO,KDEN_Denver,7.2,55.5,8.700000000000001,13.65,0.0,1012.3,1,High,2
Airplane,"(1000, 2000]",1,1,2005-06-23,2.0,Illinois,Approach,Small,Some Cloud,Unknown bird - small,False,1500,True,2005,6,CHICAGO MIDWAY INTL ARPT,41.785999,-87.752403,620.0,8.607490552607114,IL,KORD_Chicago,7.300000000000001,46.5,5.0,10.55,0.7,1015.5,1,Low,0
Airplane,"(400, 600]",1,1,2005-06-23,2.0,Illinois,Approach,Medium,No Cloud,Unknown bird - medium,False,500,False,2005,6,CHICAGO O'HARE INTL ARPT,41.9786,-87.9048,680.0,4.16460023622371,IL,KORD_Chicago,7.300000000000001,46.5,5.0,10.55,0.7,1015.5,1,Medium,1
Airplane,"(0, 10]",1,1,2005-06-26,2.0,Colorado,Approach,Small,No Cloud,Unknown bird - small,False,10,False,2005,6,DENVER INTL AIRPORT,39.52920150756836,-104.65799713134766,6295.0,27.573111187238812,CO,KDEN_Denver,15.95,68.0,8.5,13.15,0.0,1011.5,1,Medium,1
Airplane,"(600, 1000]",1,1,2005-07-01,2.0,New York,Approach,Small,Overcast,Unknown bird - small,False,1000,False,2005,7,ALBANY INTL,42.748299,-73.801697,285.0,94.50065050780267,NY,KJFK_New_York,9.65,87.0,10.45,15.45,0.0,1012.3,1,Low,0
Airplane,"(-1, 0]",1,1,2005-07-01,2.0,Colorado,Landing Roll,Small,No Cloud,Unknown bird - small,False,0,False,2005,7,DENVER INTL AIRPORT,39.52920150756836,-104.65799713134766,6295.0,27.573111187238812,CO,KDEN_Denver,12.25,58.0,12.5,13.4,0.0,1012.85,1,High,2
Airplane,"(200, 400]",1,1,2005-07-01,2.0,Illinois,Approach,Medium,No Cloud,Unknown bird - medium,False,300,False,2005,7,CHICAGO O'HARE INTL ARPT,41.9786,-87.9048,680.0,4.16460023622371,IL,KORD_Chicago,19.45,36.5,7.85,13.1,0.0,1021.1,1,Medium,1
Airplane,"(0, 10]",1,1,2005-07-01,2.0,Colorado,Climb,Small,No Cloud,Unknown bird - small,False,10,False,2005,7,DENVER INTL AIRPORT,39.52920150756836,-104.65799713134766,6295.0,27.573111187238812,CO,KDEN_Denver,12.25,58.0,12.5,13.4,0.0,1012.85,1,Medium,1
Airplane,"(-1, 0]",1,1,2005-07-02,2.0,New York,Landing Roll,Small,Some Cloud,Unknown bird - small,False,0,False,2005,7,LONG ISLAND MAC ARTHUR,40.796324,-73.101703,99.0,292.8807816425768,NY,KJFK_New_York,6.95,59.5,7.35,12.2,0.0,1010.3,1,Medium,1
Airplane,"(-1, 0]",1,1,2005-07-05,2.0,New York,Landing Roll,Small,Some Cloud,European starling,True,0,False,2005,7,WESTCHESTER COUNTY ARPT,41.06700134277344,-73.70760345458984,439.0,243.3503200617849,NY,KJFK_New_York,18.65,52.5,3.45,10.3,0.1,1014.35,1,Medium,1
Airplane,"(-1, 0]",1,1,2005-07-07,2.0,Colorado,Landing Roll,Small,No Cloud,Unknown bird - small,False,0,False,2005,7,DENVER INTL AIRPORT,39.52920150756836,-104.65799713134766,6295.0,27.573111187238812,CO,KDEN_Denver,7.9,75.5,15.35,12.9,0.0,1010.2,1,High,2
Airplane,"(-1, 0]",1,1,2005-07-07,2.0,Colorado,Take-off run,Small,No Cloud,Horned lark,False,0,False,2005,7,COLORADO SPRINGS MUNICIPAL,38.805801,-104.700996,6187.0,38.3672452711314,CO,KDEN_Denver,7.9,75.5,15.35,12.9,0.0,1010.2,1,Medium,1
Airplane,"(0, 10]",1,1,2005-07-09,2.0,Colorado,Approach,Small,No Cloud,Unknown bird - small,True,5,False,2005,7,DENVER INTL AIRPORT,39.52920150756836,-104.65799713134766,6295.0,27.573111187238812,CO,KDEN_Denver,8.0,65.0,11.2,10.7,0.0,1021.2,1,Medium,1
Airplane,"(-1, 0]",1,1,2005-07-11,2.0,Colorado,Take-off run,Small,No Cloud,Unknown bird - small,False,0,False,2005,7,DENVER INTL AIRPORT,39.52920150756836,-104.65799713134766,6295.0,27.573111187238812,CO,KDEN_Denver,12.666666666666666,73.66666666666667,14.199999999999998,16.066666666666666,0.7,1003.6333333333332,1,High,2
Airplane,"(-1, 0]",1,1,2005-07-11,2.0,Illinois,Take-off run,Small,Some Cloud,Chimney swift,True,0,True,2005,7,CHICAGO MIDWAY INTL ARPT,41.785999,-87.752403,620.0,8.607490552607114,IL,KORD_Chicago,14.2,53.333333333333336,9.566666666666666,12.733333333333334,2.6,1015.5666666666666,1,Medium,1
Airplane,"(100, 200]",1,1,2005-07-13,2.0,Illinois,Approach,Small,Overcast,Unknown bird - small,False,200,False,2005,7,GREATER ROCKFORD,42.1954,-89.097198,742.0,37.23938268045538,IL,KORD_Chicago,10.8,60.5,9.2,14.75,4.0,1017.7,1,Low,0
Airplane,"(50, 100]",1,1,2005-07-16,2.0,Colorado,Approach,Small,No Cloud,Unknown bird - small,False,75,False,2005,7,DENVER INTL AIRPORT,39.52920150756836,-104.65799713134766,6295.0,27.573111187238812,CO,KDEN_Denver,7.0,46.5,8.05,8.200000000000001,0.0,1020.35,1,Medium,1
Airplane,"(-1, 0]",1,1,2005-07-16,2.0,New York,Take-off run,Small,No Cloud,Unknown bird - small,False,0,False,2005,7,BUFFALO-NIAGARA INTL,42.940498,-78.732201,728.0,16.688896633415297,NY,KJFK_New_York,16.05,79.5,7.4,12.5,0.0,1011.55,1,Medium,1
Airplane,"(30, 50]",1,1,2005-07-16,2.0,New York,Approach,Small,Overcast,Killdeer,True,40,False,2005,7,WESTCHESTER COUNTY ARPT,41.06700134277344,-73.70760345458984,439.0,243.3503200617849,NY,KJFK_New_York,16.05,79.5,7.4,12.5,0.0,1011.55,1,Low,0
Airplane,"(50, 100]",1,1,2005-07-16,2.0,Illinois,Approach,Small,Some Cloud,Mourning dove,True,100,False,2005,7,QUAD CITY ARPT,39.6431007385,-89.14450073239999,630.0,33.991848342153304,IL,KORD_Chicago,-0.25,52.0,11.15,12.9,0.0,1011.65,1,Low,0
Airplane,"(-1, 0]",1,1,2005-07-18,2.0,Illinois,Landing Roll,Small,Some Cloud,American kestrel,False,0,True,2005,7,CHICAGO MIDWAY INTL ARPT,41.785999,-87.752403,620.0,8.607490552607114,IL,KORD_Chicago,4.75,38.0,5.8,15.3,0.0,1003.65,1,Medium,1
Airplane,"(-1, 0]",1,1,2005-07-20,2.0,Illinois,Take-off run,Medium,No Cloud,Ring-billed gull,True,0,True,2005,7,CHICAGO MIDWAY INTL ARPT,41.785999,-87.752403,620.0,8.607490552607114,IL,KORD_Chicago,6.1000000000000005,66.0,19.0,14.7,0.0,1014.95,1,High,2
Airplane,"(-1, 0]",1,1,2005-07-23,1.0,Illinois,Take-off run,Small,No Cloud,Mourning dove,False,0,False,2005,7,ABRAHAM LINCOLN CAPITAL ARPT,39.844101,-89.677902,598.0,24.88369746449472,IL,KORD_Chicago,3.55,60.0,11.4,12.5,4.6,1015.25,1,Medium,1
Airplane,"(-1, 0]",1,1,2005-07-26,2.0,New York,Landing Roll,Small,No Cloud,Unknown bird - small,False,0,False,2005,7,LONG ISLAND MAC ARTHUR,40.796324,-73.101703,99.0,292.8807816425768,NY,KJFK_New_York,16.5,33.0,18.950000000000003,13.55,0.0,1002.6,1,Medium,1
Airplane,"(-1, 0]",1,1,2005-07-28,2.0,Illinois,Take-off run,Small,Some Cloud,Killdeer,False,0,False,2005,7,UNIV OF ILLINOIS -WILLARD ARPT,40.039819,-88.276249,755.0,25.148499963897123,IL,KORD_Chicago,8.4,60.66666666666666,10.433333333333334,13.7,0.0,1010.2666666666668,1,Medium,1
Airplane,"(-1, 0]",1,1,2005-07-28,2.0,Illinois,Landing Roll,Small,Some Cloud,American kestrel,True,0,True,2005,7,CHICAGO MIDWAY INTL ARPT,41.785999,-87.752403,620.0,8.607490552607114,IL,KORD_Chicago,8.4,60.66666666666666,10.433333333333334,13.7,0.0,1010.2666666666668,1,High,2
Airplane,"(-1, 0]",1,1,2005-07-30,2.0,Colorado,Take-off run,Small,Some Cloud,Unknown bird - small,False,0,False,2005,7,DENVER INTL AIRPORT,39.52920150756836,-104.65799713134766,6295.0,27.573111187238812,CO,KDEN_Denver,17.0,62.0,9.0,12.55,0.0,996.25,1,Medium,1
Airplane,"(5000, 18000]",1,1,2005-07-30,2.0,Colorado,Climb,Medium,No Cloud,Unknown bird - medium,False,16500,False,2005,7,DENVER INTL AIRPORT,39.52920150756836,-104.65799713134766,6295.0,27.573111187238812,CO,KDEN_Denver,17.0,62.0,9.0,12.55,0.0,996.25,1,Medium,1
Airplane,"(400, 600]",1,1,2005-08-04,2.0,Illinois,Approach,Small,No Cloud,Unknown bird - small,False,500,True,2005,8,CHICAGO MIDWAY INTL ARPT,41.785999,-87.752403,620.0,8.607490552607114,IL,KORD_Chicago,7.15,62.0,4.4,12.85,0.0,1014.35,1,Low,0
Airplane,"(0, 10]",1,1,2005-08-05,2.0,New York,Climb,Small,No Cloud,Unknown bird - small,False,10,True,2005,8,LONG ISLAND MAC ARTHUR,40.796324,-73.101703,99.0,292.8807816425768,NY,KJFK_New_York,7.550000000000001,72.0,4.7,14.8,0.0,1009.55,1,Low,0
Airplane,"(1000, 2000]",1,1,2005-08-05,2.0,New York,Approach,Small,No Cloud,Unknown bird - small,False,1200,False,2005,8,BUFFALO-NIAGARA INTL,42.940498,-78.732201,728.0,16.688896633415297,NY,KJFK_New_York,7.550000000000001,72.0,4.7,14.8,0.0,1009.55,1,Low,0
Airplane,"(-1, 0]",1,1,2005-08-05,2.0,Illinois,Take-off run,Small,No Cloud,Mourning dove,False,0,False,2005,8,QUAD CITY ARPT,39.6431007385,-89.14450073239999,630.0,33.991848342153304,IL,KORD_Chicago,6.5,59.0,9.4,8.85,1.1,1022.1,1,Medium,1
Airplane,"(-1, 0]",1,1,2005-08-10,2.0,New York,Take-off run,Small,Some Cloud,Unknown bird - small,True,0,False,2005,8,BUFFALO-NIAGARA INTL,42.940498,-78.732201,728.0,16.688896633415297,NY,KJFK_New_York,15.55,48.0,22.1,12.0,0.0,1015.65,1,High,2
Airplane,"(30, 50]",1,1,2005-08-12,2.0,Colorado,Approach,Medium,Some Cloud,American crow,False,50,False,2005,8,CENTENNIAL ARPT,39.57009888,-104.848999,5885.0,22.177781438130427,CO,KDEN_Denver,-2.8,74.0,14.2,16.1,0.0,1014.15,1,High,2
Airplane,"(0, 10]",1,1,2005-08-14,2.0,New York,Approach,Medium,Overcast,Unknown bird - medium,False,10,False,2005,8,WESTCHESTER COUNTY ARPT,41.06700134277344,-73.70760345458984,439.0,243.3503200617849,NY,KJFK_New_York,10.3,45.5,6.9,16.1,0.0,1006.55,1,Low,0
Airplane,"(30, 50]",1,1,2005-08-16,2.0,New York,Approach,Large,Overcast,Unknown bird - large,False,50,True,2005,8,LAGUARDIA NY,40.777199,-73.872597,21.0,268.82670826154464,NY,KJFK_New_York,10.5,69.5,7.550000000000001,9.5,0.0,1007.7,1,Medium,1
Airplane,"(-1, 0]",1,1,2005-08-17,2.0,New York,Landing Roll,Small,Some Cloud,Rock pigeon,False,0,False,2005,8,WESTCHESTER COUNTY ARPT,41.06700134277344,-73.70760345458984,439.0,243.3503200617849,NY,KJFK_New_York,3.9,77.5,4.8,11.2,3.0,1008.95,1,Medium,1
Airplane,"(-1, 0]",1,1,2005-08-17,2.0,New York,Landing Roll,Small,Some Cloud,Mourning dove,True,0,True,2005,8,JOHN F KENNEDY INTL,40.639447,-73.779317,13.0,285.81600722845906,NY,KJFK_New_York,3.9,77.5,4.8,11.2,3.0,1008.95,1,Medium,1
Airplane,"(100, 200]",1,1,2005-08-18,1.0,Illinois,Approach,Small,Overcast,House sparrow,False,200,False,2005,8,ABRAHAM LINCOLN CAPITAL ARPT,39.844101,-89.677902,598.0,24.88369746449472,IL,KORD_Chicago,15.9,66.0,6.3,11.6,0.7,1020.15,1,Medium,1
Airplane,"(1000, 2000]",1,1,2005-08-19,2.0,Illinois,Approach,Small,Overcast,Unknown bird - small,True,1600,False,2005,8,QUAD CITY ARPT,39.6431007385,-89.14450073239999,630.0,33.991848342153304,IL,KORD_Chicago,6.033333333333334,56.66666666666666,12.433333333333332,13.566666666666668,0.0,1009.3666666666668,1,Low,0
Airplane,"(-1, 0]",1,1,2005-08-19,2.0,New York,Take-off run,Small,Overcast,Barn swallow,True,0,True,2005,8,ALBANY INTL,42.748299,-73.801697,285.0,94.50065050780267,NY,KJFK_New_York,16.266666666666666,66.66666666666667,7.133333333333333,14.433333333333335,0.0,1014.4666666666668,1,Low,0
Airplane,"(0, 10]",1,1,2005-08-20,2.0,New York,Approach,Small,No Cloud,Unknown bird - small,False,10,True,2005,8,LONG ISLAND MAC ARTHUR,40.796324,-73.101703,99.0,292.8807816425768,NY,KJFK_New_York,4.25,85.5,5.15,13.5,3.8,1013.25,1,Low,0
Airplane,"(5000, 18000]",1,1,2005-08-29,2.0,Illinois,Approach,Small,Some Cloud,Unknown bird - small,True,7000,False,2005,8,CHICAGO O'HARE INTL ARPT,41.9786,-87.9048,680.0,4.16460023622371,IL,KORD_Chicago,7.15,44.0,22.95,16.1,0.0,1010.65,1,Low,0
Airplane,"(2000, 3000]",1,1,2005-08-31,2.0,Illinois,Approach,Medium,Some Cloud,Unknown bird - medium,False,2500,True,2005,8,CHICAGO MIDWAY INTL ARPT,41.785999,-87.752403,620.0,8.607490552607114,IL,KORD_Chicago,14.55,87.5,2.45,12.2,0.0,1019.35,1,Medium,1
Airplane,"(2000, 3000]",1,1,2005-08-31,2.0,Illinois,Approach,Medium,Some Cloud,Unknown bird - medium,False,3000,True,2005,8,CHICAGO MIDWAY INTL ARPT,41.785999,-87.752403,620.0,8.607490552607114,IL,KORD_Chicago,14.55,87.5,2.45,12.2,0.0,1019.35,1,Medium,1
Airplane,"(600, 1000]",1,1,2005-09-02,2.0,Illinois,Approach,Medium,No Cloud,Unknown bird - medium,False,700,True,2005,9,CHICAGO MIDWAY INTL ARPT,41.785999,-87.752403,620.0,8.607490552607114,IL,KORD_Chicago,9.95,64.5,4.95,15.05,0.0,1017.5,1,Low,0
Airplane,"(-1, 0]",1,1,2005-09-03,2.0,Colorado,Take-off run,Small,No Cloud,Unknown bird - small,False,0,False,2005,9,DENVER INTL AIRPORT,39.52920150756836,-104.65799713134766,6295.0,27.573111187238812,CO,KDEN_Denver,9.05,89.0,10.1,16.1,0.0,1015.9,1,Medium,1
Airplane,"(30, 50]",1,1,2005-09-05,2.0,Colorado,Approach,Small,No Cloud,Unknown bird - small,False,50,False,2005,9,DENVER INTL AIRPORT,39.52920150756836,-104.65799713134766,6295.0,27.573111187238812,CO,KDEN_Denver,3.9,53.5,8.5,15.1,1.1,1017.8,1,Medium,1
Airplane,"(-1, 0]",1,1,2005-09-06,2.0,Colorado,Take-off run,Small,Some Cloud,Horned lark,False,0,False,2005,9,COLORADO SPRINGS MUNICIPAL,38.805801,-104.700996,6187.0,38.3672452711314,CO,KDEN_Denver,9.6,52.5,9.0,12.65,8.0,1009.35,1,Medium,1
Airplane,"(50, 100]",1,1,2005-09-07,2.0,Colorado,Climb,Medium,No Cloud,Unknown bird - medium,False,100,False,2005,9,DENVER INTL AIRPORT,39.52920150756836,-104.65799713134766,6295.0,27.573111187238812,CO,KDEN_Denver,17.6,66.5,5.15,10.7,0.0,1001.4,1,Medium,1
Airplane,"(5000, 18000]",1,1,2005-09-08,2.0,Illinois,Descent,Medium,No Cloud,Unknown bird - medium,False,10000,True,2005,9,CHICAGO MIDWAY INTL ARPT,41.785999,-87.752403,620.0,8.607490552607114,IL,KORD_Chicago,22.55,45.0,7.7,14.45,0.0,1011.8,1,Low,0
Airplane,"(-1, 0]",1,1,2005-09-09,2.0,Illinois,Take-off run,Small,Some Cloud,Unknown bird - small,True,0,False,2005,9,QUAD CITY ARPT,39.6431007385,-89.14450073239999,630.0,33.991848342153304,IL,KORD_Chicago,10.2,67.0,11.4,15.05,0.0,1010.0,1,Low,0
Airplane,"(-1, 0]",1,1,2005-09-10,2.0,Illinois,Landing Roll,Small,No Cloud,Unknown bird - small,False,0,False,2005,9,CHICAGO EXECUTIVE ARPT,42.114222,-87.901494,647.0,17.90602076675677,IL,KORD_Chicago,15.0,43.66666666666666,10.3,16.1,0.0,1015.4,1,Medium,1
Airplane,"(5000, 18000]",1,1,2005-09-11,2.0,Colorado,Climb,Medium,No Cloud,Unknown bird - medium,False,9000,False,2005,9,DENVER INTL AIRPORT,39.52920150756836,-104.65799713134766,6295.0,27.573111187238812,CO,KDEN_Denver,15.6,60.0,7.8,11.15,0.0,1013.2,1,Medium,1
Airplane,"(-1, 0]",1,1,2005-09-13,2.0,New York,Take-off run,Medium,No Cloud,Herring gull,True,0,False,2005,9,JOHN F KENNEDY INTL,40.639447,-73.779317,13.0,285.81600722845906,NY,KJFK_New_York,10.85,53.5,7.7,16.05,0.0,1019.45,1,Low,0
Airplane,"(10, 30]",1,1,2005-09-13,2.0,New York,Approach,Small,No Cloud,Rock pigeon,False,15,False,2005,9,REPUBLIC AIRPORT,40.728576,-73.414267,82.0,287.70671637970247,NY,KJFK_New_York,10.85,53.5,7.7,16.05,0.0,1019.45,1,Low,0
Airplane,"(5000, 18000]",1,1,2005-09-14,2.0,Illinois,Descent,Medium,No Cloud,Unknown bird - medium,False,6000,True,2005,9,CHICAGO MIDWAY INTL ARPT,41.785999,-87.752403,620.0,8.607490552607114,IL,KORD_Chicago,7.9,78.5,16.7,16.1,0.2,1017.7,1,Low,0
Airplane,"(3000, 5000]",1,1,2005-09-14,2.0,Illinois,Approach,Medium,No Cloud,Unknown bird - medium,False,4200,True,2005,9,CHICAGO MIDWAY INTL ARPT,41.785999,-87.752403,620.0,8.607490552607114,IL,KORD_Chicago,7.9,78.5,16.7,16.1,0.2,1017.7,1,Medium,1
Airplane,"(1000, 2000]",1,1,2005-09-14,2.0,Illinois,Approach,Small,Some Cloud,Unknown bird - small,True,1500,False,2005,9,CHICAGO O'HARE INTL ARPT,41.9786,-87.9048,680.0,4.16460023622371,IL,KORD_Chicago,7.9,78.5,16.7,16.1,0.2,1017.7,1,Low,0
Airplane,"(-1, 0]",1,1,2005-09-15,2.0,New York,Parked,Small,Overcast,Unknown bird - small,False,0,False,2005,9,LAGUARDIA NY,40.777199,-73.872597,21.0,268.82670826154464,NY,KJFK_New_York,12.4,70.33333333333333,13.633333333333333,13.433333333333335,0.0,1019.0,1,Low,0
Airplane,"(-1, 0]",1,1,2005-09-17,2.0,New York,Take-off run,Small,Overcast,European starling,True,0,False,2005,9,BUFFALO-NIAGARA INTL,42.940498,-78.732201,728.0,16.688896633415297,NY,KJFK_New_York,11.5,56.0,7.4,12.5,0.0,1009.55,1,Medium,1
Airplane,"(-1, 0]",1,1,2005-09-18,2.0,Colorado,Landing Roll,Medium,No Cloud,Unknown bird - medium,False,0,False,2005,9,DENVER INTL AIRPORT,39.52920150756836,-104.65799713134766,6295.0,27.573111187238812,CO,KDEN_Denver,8.55,65.0,15.1,10.65,2.8,1025.1,1,High,2
Airplane,"(-1, 0]",1,1,2005-09-19,2.0,Colorado,Landing Roll,Small,No Cloud,Horned lark,True,0,False,2005,9,COLORADO SPRINGS MUNICIPAL,38.805801,-104.700996,6187.0,38.3672452711314,CO,KDEN_Denver,22.15,54.0,14.0,8.55,1.0,1009.75,1,High,2
Airplane,"(5000, 18000]",1,1,2005-09-21,2.0,New York,Descent,Small,No Cloud,Unknown bird - small,False,7000,True,2005,9,LAGUARDIA NY,40.777199,-73.872597,21.0,268.82670826154464,NY,KJFK_New_York,11.166666666666666,88.33333333333333,7.133333333333333,11.133333333333333,0.0,1026.6,1,Low,0
Airplane,"(-1, 0]",1,1,2005-09-22,2.0,New York,Landing Roll,Small,No Cloud,Unknown bird - small,True,0,True,2005,9,LAGUARDIA NY,40.777199,-73.872597,21.0,268.82670826154464,NY,KJFK_New_York,17.049999999999997,70.0,14.4,13.4,0.9,1008.65,1,Medium,1
Airplane,"(200, 400]",1,1,2005-09-23,1.0,Colorado,Approach,Medium,Some Cloud,Unknown bird - medium,False,400,False,2005,9,ROCKY MOUNTAIN METROPOLITAN ARPT,39.908798,-105.116997,5673.0,8.792994069845067,CO,KDEN_Denver,27.35,72.0,8.1,10.05,0.0,1000.25,1,Medium,1
Airplane,"(600, 1000]",1,1,2005-09-23,2.0,New York,Approach,Small,No Cloud,Unknown bird - small,False,700,True,2005,9,JOHN F KENNEDY INTL,40.639447,-73.779317,13.0,285.81600722845906,NY,KJFK_New_York,13.4,58.0,15.8,13.9,0.0,1006.15,1,Low,0
Airplane,"(-1, 0]",1,1,2005-09-23,2.0,New York,Take-off run,Small,Some Cloud,Unknown bird - small,False,0,True,2005,9,JOHN F KENNEDY INTL,40.639447,-73.779317,13.0,285.81600722845906,NY,KJFK_New_York,13.4,58.0,15.8,13.9,0.0,1006.15,1,Medium,1
Airplane,"(600, 1000]",1,1,2005-09-25,2.0,Illinois,Approach,Medium,Some Cloud,Unknown bird - medium,True,1000,True,2005,9,CHICAGO MIDWAY INTL ARPT,41.785999,-87.752403,620.0,8.607490552607114,IL,KORD_Chicago,16.9,79.5,15.1,6.949999999999999,0.0,1017.15,1,Medium,1
Airplane,"(5000, 18000]",1,1,2005-09-25,2.0,Colorado,Climb,Large,No Cloud,Unknown bird - large,False,10000,False,2005,9,DENVER INTL AIRPORT,39.52920150756836,-104.65799713134766,6295.0,27.573111187238812,CO,KDEN_Denver,12.55,65.5,8.7,10.25,0.0,1009.5,1,High,2
Airplane,"(-1, 0]",1,1,2005-09-26,2.0,Colorado,Take-off run,Small,No Cloud,Unknown bird - small,False,0,False,2005,9,DENVER INTL AIRPORT,39.52920150756836,-104.65799713134766,6295.0,27.573111187238812,CO,KDEN_Denver,5.033333333333334,54.333333333333336,4.533333333333333,16.066666666666666,2.9,1007.3,1,Medium,1
Airplane,"(-1, 0]",1,1,2005-09-27,2.0,Colorado,Take-off run,Small,Some Cloud,Unknown bird - small,False,0,False,2005,9,DENVER INTL AIRPORT,39.52920150756836,-104.65799713134766,6295.0,27.573111187238812,CO,KDEN_Denver,7.55,52.0,13.55,13.0,0.0,1011.05,1,High,2
Airplane,"(50, 100]",1,1,2005-10-04,2.0,Illinois,Climb,Small,No Cloud,Unknown bird - small,False,100,False,2005,10,QUAD CITY ARPT,39.6431007385,-89.14450073239999,630.0,33.991848342153304,IL,KORD_Chicago,12.7,51.5,7.25,16.05,0.0,1015.35,1,Low,0
Airplane,"(400, 600]",1,1,2005-10-05,2.0,Illinois,Approach,Small,No Cloud,Unknown bird - small,True,500,False,2005,10,CHICAGO O'HARE INTL ARPT,41.9786,-87.9048,680.0,4.16460023622371,IL,KORD_Chicago,16.0,62.5,2.5500000000000003,15.35,1.1,1018.8,1,Low,0
Airplane,"(2000, 3000]",1,1,2005-10-06,1.0,Illinois,Climb,Small,Overcast,Unknown bird - small,False,2500,False,2005,10,GREATER ROCKFORD,42.1954,-89.097198,742.0,37.23938268045538,IL,KORD_Chicago,16.4,73.0,12.65,13.35,0.0,1018.1,1,Low,0
Airplane,"(1000, 2000]",1,1,2005-10-06,2.0,Illinois,Approach,Small,Overcast,Unknown bird - small,True,1900,False,2005,10,CHICAGO O'HARE INTL ARPT,41.9786,-87.9048,680.0,4.16460023622371,IL,KORD_Chicago,16.4,73.0,12.65,13.35,0.0,1018.1,1,Medium,1
Airplane,"(0, 10]",1,1,2005-10-07,2.0,New York,Approach,Medium,Overcast,Herring gull,False,1,False,2005,10,LAGUARDIA NY,40.777199,-73.872597,21.0,268.82670826154464,NY,KJFK_New_York,15.9,66.0,11.066666666666668,12.566666666666668,0.0,1006.5,1,Low,0
Airplane,"(600, 1000]",1,1,2005-10-08,2.0,New York,Approach,Small,No Cloud,Unknown bird - small,True,1000,True,2005,10,BUFFALO-NIAGARA INTL,42.940498,-78.732201,728.0,16.688896633415297,NY,KJFK_New_York,20.65,58.5,9.05,15.65,0.5,1014.6,1,Low,0
Airplane,"(1000, 2000]",1,1,2005-10-09,2.0,Colorado,Approach,Medium,Overcast,Unknown bird - medium,False,2000,False,2005,10,DENVER INTL AIRPORT,39.52920150756836,-104.65799713134766,6295.0,27.573111187238812,CO,KDEN_Denver,11.65,58.0,9.55,11.25,0.0,1015.85,1,Medium,1
Airplane,"(50, 100]",1,1,2005-10-09,2.0,New York,Approach,Small,Overcast,Rock pigeon,False,100,False,2005,10,LAGUARDIA NY,40.777199,-73.872597,21.0,268.82670826154464,NY,KJFK_New_York,15.6,57.0,5.25,12.8,6.2,1013.6,1,Low,0
Airplane,"(50, 100]",1,1,2005-10-12,2.0,Illinois,Approach,Small,Some Cloud,Unknown bird - small,False,100,True,2005,10,CHICAGO MIDWAY INTL ARPT,41.785999,-87.752403,620.0,8.607490552607114,IL,KORD_Chicago,4.0,94.0,9.1,14.2,0.0,1017.3,1,Medium,1
Airplane,"(5000, 18000]",1,1,2005-10-13,4.0,Illinois,Descent,Medium,No Cloud,Unknown bird - medium,False,9000,False,2005,10,GREATER ROCKFORD,42.1954,-89.097198,742.0,37.23938268045538,IL,KORD_Chicago,10.033333333333331,75.66666666666667,8.299999999999999,14.733333333333334,0.0,1012.4333333333334,1,Low,0
Airplane,"(600, 1000]",1,1,2005-10-14,2.0,New York,Climb,Small,Overcast,Unknown bird - small,False,1000,False,2005,10,ALBANY INTL,42.748299,-73.801697,285.0,94.50065050780267,NY,KJFK_New_York,9.1,69.0,11.9,13.4,0.7,1016.05,1,Low,0
Airplane,"(3000, 5000]",1,1,2005-10-15,2.0,Illinois,Approach,Small,No Cloud,Unknown bird - small,False,4000,True,2005,10,CHICAGO MIDWAY INTL ARPT,41.785999,-87.752403,620.0,8.607490552607114,IL,KORD_Chicago,10.3,66.0,9.1,10.8,0.0,1019.65,1,Low,0
Airplane,"(-1, 0]",1,1,2005-10-16,2.0,New York,Take-off run,Large,Overcast,Coyote,False,0,False,2005,10,OGDENSBURG INTL ARPT,44.6819,-75.4655,297.0,86.18872760129129,NY,KJFK_New_York,16.2,61.0,6.7,14.6,0.0,1013.35,1,Medium,1
Airplane,"(50, 100]",1,1,2005-10-16,2.0,New York,Approach,Small,Some Cloud,Unknown bird - small,False,100,False,2005,10,LAGUARDIA NY,40.777199,-73.872597,21.0,268.82670826154464,NY,KJFK_New_York,16.2,61.0,6.7,14.6,0.0,1013.35,1,Low,0
Airplane,"(30, 50]",1,1,2005-10-20,2.0,New York,Climb,Medium,Some Cloud,Unknown bird - medium,True,34,False,2005,10,BUFFALO-NIAGARA INTL,42.940498,-78.732201,728.0,16.688896633415297,NY,KJFK_New_York,20.1,50.0,9.85,12.3,0.0,1017.4,1,High,2
Airplane,"(1000, 2000]",1,1,2005-10-20,2.0,New York,Approach,Small,No Cloud,Unknown bird - small,False,2000,True,2005,10,LONG ISLAND MAC ARTHUR,40.796324,-73.101703,99.0,292.8807816425768,NY,KJFK_New_York,20.1,50.0,9.85,12.3,0.0,1017.4,1,Low,0
Airplane,"(600, 1000]",1,1,2005-10-21,2.0,New York,Approach,Small,Some Cloud,Unknown bird - small,True,1000,False,2005,10,WESTCHESTER COUNTY ARPT,41.06700134277344,-73.70760345458984,439.0,243.3503200617849,NY,KJFK_New_York,5.0,85.5,12.2,15.25,2.2,1013.2,1,Low,0
Airplane,"(-1, 0]",1,1,2005-10-23,2.0,New York,Landing Roll,Small,Some Cloud,European starling,False,0,False,2005,10,WESTCHESTER COUNTY ARPT,41.06700134277344,-73.70760345458984,439.0,243.3503200617849,NY,KJFK_New_York,1.6,86.5,15.7,13.85,0.6,1018.7,1,High,2
Airplane,"(5000, 18000]",1,1,2005-10-25,2.0,Illinois,Descent,Small,No Cloud,Unknown bird - small,False,6000,True,2005,10,GREATER ROCKFORD,42.1954,-89.097198,742.0,37.23938268045538,IL,KORD_Chicago,15.45,53.5,29.6,12.55,0.0,1006.15,1,Low,0
Airplane,"(5000, 18000]",1,1,2005-10-28,2.0,New York,Climb,Large,No Cloud,Unknown bird - large,False,6000,True,2005,10,JOHN F KENNEDY INTL,40.639447,-73.779317,13.0,285.81600722845906,NY,KJFK_New_York,11.5,93.5,14.3,13.05,0.0,1012.3,1,Medium,1
Airplane,"(3000, 5000]",1,1,2005-10-28,2.0,New York,Approach,Medium,Some Cloud,Unknown bird - medium,False,5000,False,2005,10,WESTCHESTER COUNTY ARPT,41.06700134277344,-73.70760345458984,439.0,243.3503200617849,NY,KJFK_New_York,11.5,93.5,14.3,13.05,0.0,1012.3,1,Medium,1
Airplane,"(2000, 3000]",1,1,2005-10-28,1.0,New York,Descent,Small,Some Cloud,Unknown bird - small,False,2500,False,2005,10,WESTCHESTER COUNTY ARPT,41.06700134277344,-73.70760345458984,439.0,243.3503200617849,NY,KJFK_New_York,11.5,93.5,14.3,13.05,0.0,1012.3,1,Low,0
Airplane,"(50, 100]",1,1,2005-10-28,2.0,New York,Approach,Small,Some Cloud,Rock pigeon,False,100,False,2005,10,LAGUARDIA NY,40.777199,-73.872597,21.0,268.82670826154464,NY,KJFK_New_York,11.5,93.5,14.3,13.05,0.0,1012.3,1,Low,0
Airplane,"(400, 600]",1,1,2005-10-31,2.0,Colorado,Approach,Small,No Cloud,Unknown bird - small,False,600,False,2005,10,DENVER INTL AIRPORT,39.52920150756836,-104.65799713134766,6295.0,27.573111187238812,CO,KDEN_Denver,16.1,69.5,3.95,14.6,0.0,1012.0,1,Low,0
Airplane,"(600, 1000]",1,1,2005-11-03,2.0,Colorado,Approach,Small,Some Cloud,Unknown bird - small,False,800,False,2005,11,DENVER INTL AIRPORT,39.52920150756836,-104.65799713134766,6295.0,27.573111187238812,CO,KDEN_Denver,2.75,54.5,6.2,15.45,0.0,1009.0,1,Low,0
Airplane,"(-1, 0]",1,1,2005-11-04,2.0,Illinois,Landing Roll,Small,Some Cloud,Mourning dove,False,0,False,2005,11,QUAD CITY ARPT,39.6431007385,-89.14450073239999,630.0,33.991848342153304,IL,KORD_Chicago,11.2,44.66666666666666,11.7,15.2,0.8,1008.5,1,High,2
Airplane,"(1000, 2000]",1,1,2005-11-07,2.0,New York,Approach,Small,No Cloud,Unknown bird - small,False,2000,False,2005,11,LAGUARDIA NY,40.777199,-73.872597,21.0,268.82670826154464,NY,KJFK_New_York,13.25,64.5,9.6,15.65,5.7,1013.85,1,Low,0
Airplane,"(600, 1000]",1,1,2005-11-09,2.0,Illinois,Approach,Medium,No Cloud,Unknown bird - medium,True,1000,False,2005,11,CHICAGO O'HARE INTL ARPT,41.9786,-87.9048,680.0,4.16460023622371,IL,KORD_Chicago,6.6000000000000005,48.66666666666666,12.800000000000002,13.966666666666669,0.0,1016.8,1,Medium,1
Airplane,"(400, 600]",1,1,2005-11-16,2.0,Colorado,Approach,Medium,No Cloud,Unknown bird - medium,False,600,False,2005,11,DENVER INTL AIRPORT,39.52920150756836,-104.65799713134766,6295.0,27.573111187238812,CO,KDEN_Denver,1.95,51.5,12.75,12.3,0.0,1004.7,1,Medium,1
Airplane,"(30, 50]",1,1,2005-11-18,2.0,New York,Approach,Medium,Some Cloud,Herring gull,True,50,False,2005,11,JOHN F KENNEDY INTL,40.639447,-73.779317,13.0,285.81600722845906,NY,KJFK_New_York,0.05,48.0,3.6,13.15,0.0,1020.6,1,Low,0
Airplane,"(200, 400]",1,1,2005-11-18,2.0,New York,Climb,Large,No Cloud,Double-crested cormorant,True,400,True,2005,11,JOHN F KENNEDY INTL,40.639447,-73.779317,13.0,285.81600722845906,NY,KJFK_New_York,0.05,48.0,3.6,13.15,0.0,1020.6,1,Low,0
Airplane,"(200, 400]",1,1,2005-11-23,2.0,New York,Approach,Medium,Some Cloud,Red-tailed hawk,False,400,False,2005,11,WESTCHESTER COUNTY ARPT,41.06700134277344,-73.70760345458984,439.0,243.3503200617849,NY,KJFK_New_York,10.3,87.0,10.85,9.3,0.0,1023.35,1,Medium,1
Airplane,"(-1, 0]",1,1,2005-11-28,2.0,Colorado,Take-off run,Small,No Cloud,Horned lark,False,0,False,2005,11,COLORADO SPRINGS MUNICIPAL,38.805801,-104.700996,6187.0,38.3672452711314,CO,KDEN_Denver,19.65,88.5,18.35,15.75,0.0,1014.25,1,Medium,1
Airplane,"(10, 30]",1,1,2005-11-30,2.0,Colorado,Approach,Small,Overcast,Unknown bird - small,False,20,False,2005,11,FRONT RANGE ARPT,42.26919937133789,-88.57119750976562,820.0,1167.8291495429537,CO,KDEN_Denver,13.45,69.0,6.5,13.05,0.0,1021.6,1,Low,0
Airplane,"(30, 50]",1,1,2005-11-30,2.0,New York,Approach,Medium,Some Cloud,Red-tailed hawk,False,50,False,2005,11,LAGUARDIA NY,40.777199,-73.872597,21.0,268.82670826154464,NY,KJFK_New_York,14.2,74.0,16.0,12.55,0.0,1008.7,1,Medium,1
Airplane,"(-1, 0]",1,1,2005-12-04,2.0,Colorado,Take-off run,Small,No Cloud,Unknown bird - small,False,0,False,2005,12,DENVER INTL AIRPORT,39.52920150756836,-104.65799713134766,6295.0,27.573111187238812,CO,KDEN_Denver,24.4,67.0,4.65,12.25,4.7,1016.35,1,Medium,1
Airplane,"(-1, 0]",1,1,2005-12-10,4.0,New York,Landing Roll,Large,Some Cloud,Great blue heron,True,0,False,2005,12,JOHN F KENNEDY INTL,40.639447,-73.779317,13.0,285.81600722845906,NY,KJFK_New_York,12.85,51.0,12.3,12.45,7.7,1010.55,1,High,2
Airplane,"(30, 50]",1,1,2005-12-26,2.0,New York,Approach,Large,Overcast,Great blue heron,True,50,False,2005,12,JOHN F KENNEDY INTL,40.639447,-73.779317,13.0,285.81600722845906,NY,KJFK_New_York,7.25,34.5,8.1,16.0,0.0,1007.35,1,Medium,1
Airplane,"(200, 400]",1,1,2005-12-28,2.0,Illinois,Climb,Large,Overcast,Snowy owl,False,400,True,2005,12,CHICAGO MIDWAY INTL ARPT,41.785999,-87.752403,620.0,8.607490552607114,IL,KORD_Chicago,4.449999999999999,87.5,4.9,16.1,0.0,1013.35,1,Low,0
Airplane,"(-1, 0]",1,1,2005-12-31,2.0,New York,Take-off run,Medium,Overcast,Herring gull,True,0,False,2005,12,JOHN F KENNEDY INTL,40.639447,-73.779317,13.0,285.81600722845906,NY,KJFK_New_York,5.0,60.0,10.1,15.9,0.0,1012.85,1,Low,0
Airplane,"(0, 10]",1,1,2006-01-21,2.0,Colorado,Approach,Small,Some Cloud,Unknown bird - small,False,5,False,2006,1,COLORADO SPRINGS MUNICIPAL,38.805801,-104.700996,6187.0,38.3672452711314,CO,KDEN_Denver,12.55,72.0,16.05,15.7,0.0,1012.85,1,Low,0
Airplane,"(600, 1000]",1,1,2006-02-09,2.0,New York,Climb,Medium,No Cloud,Herring gull,False,1000,True,2006,2,LAGUARDIA NY,40.777199,-73.872597,21.0,268.82670826154464,NY,KJFK_New_York,10.15,44.0,29.7,15.45,0.0,1009.05,1,Low,0
Airplane,"(-1, 0]",1,1,2006-02-22,2.0,New York,Take-off run,Small,Some Cloud,Unknown bird - small,False,0,True,2006,2,ALBANY INTL,42.748299,-73.801697,285.0,94.50065050780267,NY,KJFK_New_York,4.866666666666666,56.333333333333336,8.833333333333332,13.266666666666666,3.1,1014.3,1,Medium,1
Airplane,"(2000, 3000]",1,1,2006-03-01,1.0,Illinois,Descent,Large,No Cloud,Snow goose,False,3000,False,2006,3,ST LOUIS DOWNTOWN,38.570701599100005,-90.1561965942,413.0,106.7209972741952,IL,KORD_Chicago,17.1,84.0,8.299999999999999,13.6,0.0,1020.75,1,Low,0
Airplane,"(600, 1000]",1,1,2006-03-06,2.0,Colorado,Approach,Small,No Cloud,Unknown bird - small,True,800,False,2006,3,DENVER INTL AIRPORT,39.52920150756836,-104.65799713134766,6295.0,27.573111187238812,CO,KDEN_Denver,3.2,69.5,10.3,11.35,0.0,1015.05,1,Low,0
Airplane,"(-1, 0]",1,1,2006-03-10,2.0,Colorado,Take-off run,Small,Overcast,Unknown bird - small,True,0,False,2006,3,DENVER INTL AIRPORT,39.52920150756836,-104.65799713134766,6295.0,27.573111187238812,CO,KDEN_Denver,6.033333333333334,58.333333333333336,20.933333333333334,11.533333333333331,0.0,1020.9,1,High,2
Airplane,"(2000, 3000]",1,1,2006-03-13,2.0,New York,Descent,Large,Overcast,Unknown bird - large,True,3000,False,2006,3,WESTCHESTER COUNTY ARPT,41.06700134277344,-73.70760345458984,439.0,243.3503200617849,NY,KJFK_New_York,9.9,54.0,13.15,13.2,0.0,1016.95,1,Medium,1
Airplane,"(-1, 0]",1,1,2006-04-03,2.0,Illinois,Landing Roll,Medium,No Cloud,Ring-billed gull,True,0,False,2006,4,CHICAGO MIDWAY INTL ARPT,41.785999,-87.752403,620.0,8.607490552607114,IL,KORD_Chicago,8.2,69.0,4.95,13.8,0.0,1002.7,1,High,2
Airplane,"(10, 30]",1,1,2006-04-04,2.0,New York,Approach,Large,Some Cloud,Canada goose,True,30,False,2006,4,BUFFALO-NIAGARA INTL,42.940498,-78.732201,728.0,16.688896633415297,NY,KJFK_New_York,11.25,75.5,16.45,13.6,0.0,1013.4,1,High,2
Airplane,"(30, 50]",1,1,2006-04-11,2.0,Illinois,Approach,Small,No Cloud,Mourning dove,False,40,False,2006,4,WAUKEGAN REGIONAL ARPT,42.422199249268,-87.867897033691,727.0,47.79741233555611,IL,KORD_Chicago,12.95,68.0,22.75,12.4,0.6,1012.7,1,Medium,1
Airplane,"(-1, 0]",1,1,2006-04-13,2.0,New York,Take-off run,Small,No Cloud,Laughing gull,True,0,False,2006,4,JOHN F KENNEDY INTL,40.639447,-73.779317,13.0,285.81600722845906,NY,KJFK_New_York,19.7,58.5,15.2,13.85,5.3,1014.4,1,Medium,1
Airplane,"(200, 400]",1,1,2006-04-15,2.0,New York,Approach,Medium,Some Cloud,Herring gull,True,300,False,2006,4,JOHN F KENNEDY INTL,40.639447,-73.779317,13.0,285.81600722845906,NY,KJFK_New_York,23.65,50.5,15.5,13.35,2.4,1010.15,1,Medium,1
Airplane,"(1000, 2000]",1,1,2006-04-17,2.0,Colorado,Approach,Medium,No Cloud,Unknown bird - medium,False,1500,False,2006,4,DENVER INTL AIRPORT,39.52920150756836,-104.65799713134766,6295.0,27.573111187238812,CO,KDEN_Denver,9.65,61.5,7.15,13.75,2.7,1015.85,1,Medium,1
Airplane,"(1000, 2000]",1,1,2006-04-25,1.0,New York,Approach,Large,No Cloud,Canada goose,False,1300,False,2006,4,REPUBLIC AIRPORT,40.728576,-73.414267,82.0,287.70671637970247,NY,KJFK_New_York,18.35,63.5,12.45,12.9,7.2,1013.15,1,Medium,1
Airplane,"(400, 600]",1,1,2006-04-26,2.0,Colorado,Approach,Medium,No Cloud,Unknown bird - medium,False,500,False,2006,4,GRAND JUNCTION REGIONAL ARPT,39.126663,-108.529387,4858.0,296.1860966635,CO,KDEN_Denver,7.85,75.0,17.35,14.55,0.0,1014.25,1,Low,0
Airplane,"(600, 1000]",1,1,2006-04-26,2.0,New York,Approach,Small,Some Cloud,Unknown bird - small,False,1000,False,2006,4,JOHN F KENNEDY INTL,40.639447,-73.779317,13.0,285.81600722845906,NY,KJFK_New_York,27.55,68.0,8.95,13.25,2.1,1011.1,1,Low,0
Airplane,"(1000, 2000]",1,1,2006-04-26,2.0,New York,Approach,Small,No Cloud,Unknown bird - small,True,1500,False,2006,4,JOHN F KENNEDY INTL,40.639447,-73.779317,13.0,285.81600722845906,NY,KJFK_New_York,27.55,68.0,8.95,13.25,2.1,1011.1,1,Low,0
Airplane,"(1000, 2000]",1,1,2006-04-30,2.0,New York,Approach,Medium,No Cloud,American black duck,False,1500,False,2006,4,WESTCHESTER COUNTY ARPT,41.06700134277344,-73.70760345458984,439.0,243.3503200617849,NY,KJFK_New_York,12.1,38.5,8.25,15.4,2.3,1011.1,1,Low,0
Airplane,"(-1, 0]",1,1,2006-04-30,2.0,New York,Take-off run,Medium,No Cloud,Peregrine falcon,True,0,False,2006,4,JOHN F KENNEDY INTL,40.639447,-73.779317,13.0,285.81600722845906,NY,KJFK_New_York,12.1,38.5,8.25,15.4,2.3,1011.1,1,Medium,1
Airplane,"(600, 1000]",1,1,2006-05-05,3.0,New York,Approach,Small,No Cloud,Unknown bird - small,False,800,False,2006,5,JOHN F KENNEDY INTL,40.639447,-73.779317,13.0,285.81600722845906,NY,KJFK_New_York,0.3,61.0,8.450000000000001,5.35,0.0,1010.45,1,Low,0
Airplane,"(-1, 0]",1,1,2006-05-06,2.0,Illinois,Landing Roll,Small,No Cloud,Unknown bird - small,True,0,False,2006,5,CHICAGO O'HARE INTL ARPT,41.9786,-87.9048,680.0,4.16460023622371,IL,KORD_Chicago,4.949999999999999,66.0,3.0,15.25,0.0,1013.05,1,Medium,1
Airplane,"(1000, 2000]",1,1,2006-05-07,2.0,Illinois,Approach,Small,No Cloud,Unknown bird - small,False,1600,True,2006,5,CHICAGO MIDWAY INTL ARPT,41.785999,-87.752403,620.0,8.607490552607114,IL,KORD_Chicago,9.5,60.5,9.45,13.85,3.3,1012.0,1,Low,0
Airplane,"(3000, 5000]",1,1,2006-05-08,2.0,New York,Approach,Medium,Overcast,Unknown bird - medium,False,4000,False,2006,5,LAGUARDIA NY,40.777199,-73.872597,21.0,268.82670826154464,NY,KJFK_New_York,15.7,71.5,10.6,16.1,0.0,1010.1,1,Low,0
Airplane,"(2000, 3000]",1,1,2006-05-09,2.0,Illinois,Approach,Small,No Cloud,Unknown bird - small,False,2500,False,2006,5,CHICAGO MIDWAY INTL ARPT,41.785999,-87.752403,620.0,8.607490552607114,IL,KORD_Chicago,1.6499999999999997,66.5,9.5,14.0,0.0,1016.8,1,Low,0
Airplane,"(-1, 0]",1,1,2006-05-11,2.0,Illinois,Landing Roll,Small,Overcast,American kestrel,True,0,False,2006,5,CHICAGO MIDWAY INTL ARPT,41.785999,-87.752403,620.0,8.607490552607114,IL,KORD_Chicago,20.15,50.0,7.6,12.25,2.5,1016.45,1,High,2
Airplane,"(-1, 0]",1,1,2006-05-11,2.0,Illinois,Landing Roll,Small,Overcast,American kestrel,False,0,False,2006,5,CHICAGO MIDWAY INTL ARPT,41.785999,-87.752403,620.0,8.607490552607114,IL,KORD_Chicago,20.15,50.0,7.6,12.25,2.5,1016.45,1,High,2
Airplane,"(0, 10]",1,1,2006-05-11,2.0,Colorado,Approach,Small,No Cloud,Unknown bird - small,False,10,False,2006,5,DENVER INTL AIRPORT,39.52920150756836,-104.65799713134766,6295.0,27.573111187238812,CO,KDEN_Denver,17.35,64.0,11.7,14.1,0.0,1011.95,1,Medium,1
Airplane,"(50, 100]",1,1,2006-05-12,2.0,Illinois,Approach,Small,Overcast,Unknown bird - small,False,100,False,2006,5,GREATER ROCKFORD,42.1954,-89.097198,742.0,37.23938268045538,IL,KORD_Chicago,11.9,37.5,3.85,15.85,0.0,1011.2,1,Low,0
Airplane,"(-1, 0]",1,1,2006-05-13,2.0,New York,Landing Roll,Large,Some Cloud,Canada goose,True,0,False,2006,5,TOMPKINS COUNTY ARPT,42.998199,-74.329597,881.0,44.71627154992871,NY,KJFK_New_York,13.95,47.0,6.05,10.9,0.0,1009.9,1,High,2
Airplane,"(-1, 0]",1,1,2006-05-14,2.0,Colorado,Take-off run,Small,No Cloud,Unknown bird - small,False,0,False,2006,5,DENVER INTL AIRPORT,39.52920150756836,-104.65799713134766,6295.0,27.573111187238812,CO,KDEN_Denver,10.15,85.5,20.8,15.2,0.0,1016.75,1,Medium,1
Airplane,"(30, 50]",1,1,2006-05-18,2.0,Illinois,Approach,Small,Some Cloud,Unknown bird - small,False,50,False,2006,5,CHICAGO O'HARE INTL ARPT,41.9786,-87.9048,680.0,4.16460023622371,IL,KORD_Chicago,12.1,68.0,11.6,10.4,0.1,1019.15,1,High,2
Airplane,"(0, 10]",1,1,2006-05-18,2.0,New York,Approach,Medium,No Cloud,Herring gull,False,10,False,2006,5,LAGUARDIA NY,40.777199,-73.872597,21.0,268.82670826154464,NY,KJFK_New_York,7.050000000000001,58.5,4.5,10.25,0.9,1017.1,1,Medium,1
Airplane,"(3000, 5000]",1,1,2006-05-18,2.0,New York,Descent,Small,Overcast,Hermit thrush,True,4000,False,2006,5,ALBANY INTL,42.748299,-73.801697,285.0,94.50065050780267,NY,KJFK_New_York,7.050000000000001,58.5,4.5,10.25,0.9,1017.1,1,Low,0
Airplane,"(200, 400]",1,1,2006-05-19,2.0,Illinois,Approach,Small,Some Cloud,Unknown bird - small,False,300,False,2006,5,CHICAGO O'HARE INTL ARPT,41.9786,-87.9048,680.0,4.16460023622371,IL,KORD_Chicago,29.35,40.0,11.9,12.05,0.0,1015.45,1,High,2
Airplane,"(50, 100]",1,1,2006-05-19,2.0,Colorado,Approach,Small,No Cloud,Unknown bird - small,True,100,False,2006,5,DENVER INTL AIRPORT,39.52920150756836,-104.65799713134766,6295.0,27.573111187238812,CO,KDEN_Denver,10.55,52.5,8.7,15.75,0.0,1017.7,1,Medium,1
Airplane,"(400, 600]",1,1,2006-05-20,2.0,Colorado,Climb,Small,No Cloud,Unknown bird - small,True,500,False,2006,5,DENVER INTL AIRPORT,39.52920150756836,-104.65799713134766,6295.0,27.573111187238812,CO,KDEN_Denver,9.85,48.0,8.0,14.65,0.0,1014.2,1,Low,0
Airplane,"(2000, 3000]",1,1,2006-05-22,2.0,Illinois,Descent,Small,Some Cloud,Unknown bird - small,False,2400,True,2006,5,CHICAGO MIDWAY INTL ARPT,41.785999,-87.752403,620.0,8.607490552607114,IL,KORD_Chicago,-5.25,70.0,6.6,12.95,0.4,1019.35,1,Low,0
Airplane,"(-1, 0]",1,1,2006-05-22,2.0,New York,Take-off run,Large,Some Cloud,Osprey,True,0,False,2006,5,JOHN F KENNEDY INTL,40.639447,-73.779317,13.0,285.81600722845906,NY,KJFK_New_York,1.5000000000000002,54.5,5.85,11.25,0.0,1007.0,1,Medium,1
Airplane,"(30, 50]",1,1,2006-05-23,2.0,Colorado,Climb,Small,Some Cloud,Unknown bird - small,False,50,False,2006,5,DENVER INTL AIRPORT,39.52920150756836,-104.65799713134766,6295.0,27.573111187238812,CO,KDEN_Denver,8.05,69.0,6.35,13.75,0.0,1021.6,1,Low,0
Airplane,"(10, 30]",1,1,2006-05-23,2.0,New York,Approach,Medium,No Cloud,Great egret,True,20,False,2006,5,LAGUARDIA NY,40.777199,-73.872597,21.0,268.82670826154464,NY,KJFK_New_York,19.9,65.5,7.15,11.05,2.1,1010.65,1,Medium,1
Airplane,"(-1, 0]",1,1,2006-05-25,2.0,Colorado,Take-off run,Small,No Cloud,Unknown bird - small,False,0,False,2006,5,DENVER INTL AIRPORT,39.52920150756836,-104.65799713134766,6295.0,27.573111187238812,CO,KDEN_Denver,12.75,38.0,5.7,15.65,6.4,1010.75,1,Medium,1
Airplane,"(-1, 0]",1,1,2006-05-27,2.0,New York,Take-off run,Medium,Overcast,Ring-billed gull,True,0,False,2006,5,ELMIRA/CORNING MUNICIPAL,41.534901,-87.529503,620.0,649.5098008259092,NY,KJFK_New_York,13.65,64.5,10.05,12.8,0.0,1021.75,1,Medium,1
Airplane,"(100, 200]",1,1,2006-05-29,2.0,Colorado,Climb,Medium,No Cloud,Unknown bird - medium,False,200,False,2006,5,DENVER INTL AIRPORT,39.52920150756836,-104.65799713134766,6295.0,27.573111187238812,CO,KDEN_Denver,10.0,69.0,9.2,12.2,0.0,1014.25,1,High,2
Airplane,"(-1, 0]",1,1,2006-05-29,2.0,Colorado,Landing Roll,Small,No Cloud,Unknown bird - small,False,0,False,2006,5,DENVER INTL AIRPORT,39.52920150756836,-104.65799713134766,6295.0,27.573111187238812,CO,KDEN_Denver,10.0,69.0,9.2,12.2,0.0,1014.25,1,High,2
Airplane,"(100, 200]",1,1,2006-06-04,2.0,Colorado,Approach,Large,Some Cloud,Unknown bird - large,False,200,False,2006,6,DENVER INTL AIRPORT,39.52920150756836,-104.65799713134766,6295.0,27.573111187238812,CO,KDEN_Denver,20.35,69.5,5.1,11.65,0.0,1003.15,1,High,2
Airplane,"(-1, 0]",1,1,2006-06-04,2.0,Colorado,Take-off run,Small,No Cloud,Unknown bird - small,False,0,False,2006,6,DENVER INTL AIRPORT,39.52920150756836,-104.65799713134766,6295.0,27.573111187238812,CO,KDEN_Denver,20.35,69.5,5.1,11.65,0.0,1003.15,1,Medium,1
Airplane,"(2000, 3000]",1,1,2006-06-05,2.0,New York,Approach,Medium,No Cloud,Unknown bird - medium,True,2500,True,2006,6,LAGUARDIA NY,40.777199,-73.872597,21.0,268.82670826154464,NY,KJFK_New_York,8.5,55.0,7.949999999999999,10.7,0.0,1015.55,1,Low,0
Airplane,"(30, 50]",1,1,2006-06-05,2.0,Colorado,Approach,Small,No Cloud,Unknown bird - small,False,50,False,2006,6,DENVER INTL AIRPORT,39.52920150756836,-104.65799713134766,6295.0,27.573111187238812,CO,KDEN_Denver,3.95,78.0,13.15,9.8,1.1,1013.85,1,High,2
Airplane,"(2000, 3000]",1,1,2006-06-06,2.0,New York,Approach,Small,Some Cloud,Unknown bird - small,False,3000,True,2006,6,LONG ISLAND MAC ARTHUR,40.796324,-73.101703,99.0,292.8807816425768,NY,KJFK_New_York,11.8,64.0,8.733333333333334,16.1,0.5,1019.5333333333332,1,Low,0
Airplane,"(50, 100]",1,1,2006-06-06,2.0,New York,Approach,Small,Some Cloud,Unknown bird - small,True,100,False,2006,6,WESTCHESTER COUNTY ARPT,41.06700134277344,-73.70760345458984,439.0,243.3503200617849,NY,KJFK_New_York,11.8,64.0,8.733333333333334,16.1,0.5,1019.5333333333332,1,Low,0
Airplane,"(-1, 0]",1,1,2006-06-09,2.0,Colorado,Landing Roll,Small,No Cloud,Unknown bird - small,False,0,False,2006,6,DENVER INTL AIRPORT,39.52920150756836,-104.65799713134766,6295.0,27.573111187238812,CO,KDEN_Denver,15.45,76.0,15.25,16.1,0.0,1017.2,1,High,2
Airplane,"(-1, 0]",1,1,2006-06-11,2.0,Colorado,Landing Roll,Small,No Cloud,Unknown bird - small,False,0,False,2006,6,DENVER INTL AIRPORT,39.52920150756836,-104.65799713134766,6295.0,27.573111187238812,CO,KDEN_Denver,14.25,97.5,16.0,13.7,0.0,1011.2,1,High,2
Airplane,"(-1, 0]",1,1,2006-06-12,3.0,Illinois,Landing Roll,Large,Some Cloud,Virginia opossum,False,0,False,2006,6,GREATER PEORIA REGIONAL ARPT,38.812906,-106.120062,7946.0,1287.5633843304047,IL,KORD_Chicago,21.633333333333336,70.33333333333333,15.066666666666668,15.666666666666666,0.3,1010.3333333333334,1,High,2
Airplane,"(100, 200]",1,1,2006-06-13,2.0,Illinois,Approach,Medium,No Cloud,Unknown bird - medium,True,200,False,2006,6,CHICAGO O'HARE INTL ARPT,41.9786,-87.9048,680.0,4.16460023622371,IL,KORD_Chicago,5.3,48.5,10.0,8.45,0.3,1016.2,1,High,2
Airplane,"(10, 30]",1,1,2006-06-15,2.0,Illinois,Approach,Medium,Some Cloud,Unknown bird - medium,False,20,False,2006,6,CHICAGO O'HARE INTL ARPT,41.9786,-87.9048,680.0,4.16460023622371,IL,KORD_Chicago,5.050000000000001,77.0,17.65,15.0,0.0,1014.75,1,High,2
Airplane,"(100, 200]",1,1,2006-06-15,2.0,Colorado,Approach,Small,No Cloud,Unknown bird - small,False,200,False,2006,6,DENVER INTL AIRPORT,39.52920150756836,-104.65799713134766,6295.0,27.573111187238812,CO,KDEN_Denver,9.35,79.5,15.15,16.1,0.0,1024.5,1,Medium,1
Airplane,"(1000, 2000]",1,1,2006-06-15,2.0,Illinois,Climb,Small,No Cloud,Unknown bird - small,False,2000,False,2006,6,CHICAGO O'HARE INTL ARPT,41.9786,-87.9048,680.0,4.16460023622371,IL,KORD_Chicago,5.050000000000001,77.0,17.65,15.0,0.0,1014.75,1,Low,0
Airplane,"(400, 600]",1,1,2006-06-16,2.0,Illinois,Approach,Medium,Some Cloud,Unknown bird - medium,True,600,False,2006,6,CHICAGO O'HARE INTL ARPT,41.9786,-87.9048,680.0,4.16460023622371,IL,KORD_Chicago,18.4,45.5,6.95,12.15,0.0,1015.8,1,Medium,1
Airplane,"(100, 200]",1,1,2006-06-20,2.0,Illinois,Approach,Medium,No Cloud,Unknown bird - medium,False,200,False,2006,6,CHICAGO O'HARE INTL ARPT,41.9786,-87.9048,680.0,4.16460023622371,IL,KORD_Chicago,13.1,88.0,12.3,11.2,0.0,1015.75,1,High,2
Airplane,"(-1, 0]",1,1,2006-06-20,2.0,Colorado,Take-off run,Small,Some Cloud,Unknown bird - small,True,0,False,2006,6,DENVER INTL AIRPORT,39.52920150756836,-104.65799713134766,6295.0,27.573111187238812,CO,KDEN_Denver,19.5,72.5,8.8,14.5,0.0,1018.8,1,Medium,1
Airplane,"(10, 30]",1,1,2006-06-20,2.0,Colorado,Approach,Small,No Cloud,Lark bunting,True,15,False,2006,6,DENVER INTL AIRPORT,39.52920150756836,-104.65799713134766,6295.0,27.573111187238812,CO,KDEN_Denver,19.5,72.5,8.8,14.5,0.0,1018.8,1,Medium,1
Airplane,"(-1, 0]",1,1,2006-06-21,2.0,Illinois,Take-off run,Small,Overcast,Unknown bird - small,False,0,False,2006,6,QUAD CITY ARPT,39.6431007385,-89.14450073239999,630.0,33.991848342153304,IL,KORD_Chicago,17.6,81.0,2.75,12.35,0.0,1013.9,1,Medium,1
Airplane,"(400, 600]",1,1,2006-06-22,2.0,Illinois,Approach,Small,Some Cloud,Unknown bird - small,False,600,True,2006,6,CHICAGO MIDWAY INTL ARPT,41.785999,-87.752403,620.0,8.607490552607114,IL,KORD_Chicago,4.75,63.5,6.55,11.55,0.0,1005.45,1,Low,0
Airplane,"(-1, 0]",1,1,2006-06-27,2.0,Colorado,Take-off run,Small,No Cloud,Unknown bird - small,False,0,False,2006,6,DENVER INTL AIRPORT,39.52920150756836,-104.65799713134766,6295.0,27.573111187238812,CO,KDEN_Denver,19.4,69.5,10.6,9.9,0.3,1012.85,1,High,2
Airplane,"(100, 200]",1,1,2006-06-28,2.0,Illinois,Approach,Small,Some Cloud,Unknown bird - small,True,150,False,2006,6,CHICAGO O'HARE INTL ARPT,41.9786,-87.9048,680.0,4.16460023622371,IL,KORD_Chicago,15.199999999999998,69.33333333333333,10.1,15.866666666666667,0.0,1006.9666666666668,1,Medium,1
Airplane,"(-1, 0]",1,1,2006-06-29,2.0,Illinois,Landing Roll,Small,No Cloud,Unknown bird - small,True,0,False,2006,6,CHICAGO O'HARE INTL ARPT,41.9786,-87.9048,680.0,4.16460023622371,IL,KORD_Chicago,32.8,84.0,12.4,13.7,1.7,1023.45,1,High,2
Airplane,"(-1, 0]",1,1,2006-06-30,3.0,New York,Landing Roll,Medium,No Cloud,Unknown bird - medium,False,0,False,2006,6,BUFFALO-NIAGARA INTL,42.940498,-78.732201,728.0,16.688896633415297,NY,KJFK_New_York,-3.75,79.5,9.65,13.2,0.3,1017.85,1,High,2
Airplane,"(10, 30]",1,1,2006-06-30,2.0,Colorado,Climb,Small,No Cloud,Unknown bird - small,False,20,True,2006,6,DENVER INTL AIRPORT,39.52920150756836,-104.65799713134766,6295.0,27.573111187238812,CO,KDEN_Denver,6.0,63.0,6.55,12.5,0.0,1023.6,1,Low,0
Airplane,"(0, 10]",1,1,2006-07-02,1.0,New York,Climb,Medium,Overcast,American crow,True,10,False,2006,7,WESTCHESTER COUNTY ARPT,41.06700134277344,-73.70760345458984,439.0,243.3503200617849,NY,KJFK_New_York,10.85,57.0,7.85,13.9,0.0,1014.15,1,Medium,1
Airplane,"(50, 100]",1,1,2006-07-03,2.0,Illinois,Approach,Medium,Some Cloud,Unknown bird - medium,True,100,False,2006,7,CHICAGO O'HARE INTL ARPT,41.9786,-87.9048,680.0,4.16460023622371,IL,KORD_Chicago,-1.0,95.5,20.3,12.35,1.5,1014.45,1,High,2
Airplane,"(-1, 0]",1,1,2006-07-04,2.0,Colorado,Take-off run,Small,No Cloud,Unknown bird - small,False,0,True,2006,7,DENVER INTL AIRPORT,39.52920150756836,-104.65799713134766,6295.0,27.573111187238812,CO,KDEN_Denver,10.266666666666666,58.0,14.1,15.533333333333331,0.0,1016.6333333333332,1,Medium,1
Airplane,"(-1, 0]",1,1,2006-07-04,2.0,Illinois,Take-off run,Small,Some Cloud,Killdeer,True,0,False,2006,7,QUAD CITY ARPT,39.6431007385,-89.14450073239999,630.0,33.991848342153304,IL,KORD_Chicago,5.833333333333333,64.66666666666667,14.533333333333331,13.300000000000002,5.6,1008.8666666666668,1,Medium,1
Airplane,"(-1, 0]",1,1,2006-07-04,2.0,Colorado,Landing Roll,Small,Some Cloud,Unknown bird - small,False,0,False,2006,7,DENVER INTL AIRPORT,39.52920150756836,-104.65799713134766,6295.0,27.573111187238812,CO,KDEN_Denver,10.266666666666666,58.0,14.1,15.533333333333331,0.0,1016.6333333333332,1,High,2
Airplane,"(30, 50]",1,1,2006-07-05,2.0,New York,Approach,Small,Overcast,European starling,False,50,False,2006,7,LAGUARDIA NY,40.777199,-73.872597,21.0,268.82670826154464,NY,KJFK_New_York,8.45,54.5,12.6,12.45,0.0,1010.25,1,Low,0
Airplane,"(600, 1000]",1,1,2006-07-05,2.0,Illinois,Approach,Small,No Cloud,Unknown bird - small,True,1000,False,2006,7,CHICAGO O'HARE INTL ARPT,41.9786,-87.9048,680.0,4.16460023622371,IL,KORD_Chicago,3.0,48.0,14.15,11.5,0.0,1013.1,1,Medium,1
Airplane,"(-1, 0]",1,1,2006-07-05,2.0,Colorado,Take-off run,Small,Some Cloud,Unknown bird - small,False,0,False,2006,7,DENVER INTL AIRPORT,39.52920150756836,-104.65799713134766,6295.0,27.573111187238812,CO,KDEN_Denver,10.7,85.0,13.45,12.15,0.0,1013.0,1,High,2
Airplane,"(-1, 0]",1,1,2006-07-06,2.0,Illinois,Landing Roll,Small,Some Cloud,Unknown bird - small,False,0,False,2006,7,ST LOUIS DOWNTOWN,38.570701599100005,-90.1561965942,413.0,106.7209972741952,IL,KORD_Chicago,12.5,80.0,19.75,10.45,0.0,1014.5,1,High,2
Airplane,"(-1, 0]",1,1,2006-07-10,2.0,Illinois,Landing Roll,Small,No Cloud,Unknown bird - small,False,0,False,2006,7,CHICAGO O'HARE INTL ARPT,41.9786,-87.9048,680.0,4.16460023622371,IL,KORD_Chicago,16.8,70.5,5.7,12.6,0.0,1008.15,1,Medium,1
Airplane,"(-1, 0]",1,1,2006-07-10,2.0,Illinois,Landing Roll,Small,No Cloud,Unknown bird - small,True,0,False,2006,7,CHICAGO O'HARE INTL ARPT,41.9786,-87.9048,680.0,4.16460023622371,IL,KORD_Chicago,16.8,70.5,5.7,12.6,0.0,1008.15,1,Medium,1
Airplane,"(-1, 0]",1,1,2006-07-11,2.0,Illinois,Take-off run,Small,Overcast,Unknown bird - small,True,0,False,2006,7,QUAD CITY ARPT,39.6431007385,-89.14450073239999,630.0,33.991848342153304,IL,KORD_Chicago,12.55,56.0,11.4,15.45,0.0,1008.45,1,Low,0
Airplane,"(-1, 0]",1,1,2006-07-11,2.0,Colorado,Landing Roll,Small,No Cloud,Unknown bird - small,False,0,False,2006,7,DENVER INTL AIRPORT,39.52920150756836,-104.65799713134766,6295.0,27.573111187238812,CO,KDEN_Denver,-0.1500000000000003,95.0,6.1000000000000005,14.15,0.7,1013.6,1,High,2
Airplane,"(0, 10]",1,1,2006-07-12,1.0,Illinois,Approach,Small,No Cloud,Killdeer,True,5,False,2006,7,QUAD CITY ARPT,39.6431007385,-89.14450073239999,630.0,33.991848342153304,IL,KORD_Chicago,13.2,53.5,5.95,13.55,0.4,1017.55,1,Low,0
Airplane,"(-1, 0]",1,1,2006-07-13,2.0,New York,Landing Roll,Small,Overcast,Unknown bird - small,False,0,False,2006,7,LONG ISLAND MAC ARTHUR,40.796324,-73.101703,99.0,292.8807816425768,NY,KJFK_New_York,28.05,59.0,19.95,13.2,5.7,1012.25,1,Medium,1
Airplane,"(-1, 0]",1,1,2006-07-14,2.0,New York,Take-off run,Small,No Cloud,Killdeer,True,0,True,2006,7,ALBANY INTL,42.748299,-73.801697,285.0,94.50065050780267,NY,KJFK_New_York,15.25,79.5,16.65,16.1,0.0,1008.6,1,Medium,1
Airplane,"(-1, 0]",1,1,2006-07-15,2.0,New York,Landing Roll,Medium,No Cloud,Unknown bird - medium,False,0,False,2006,7,BUFFALO-NIAGARA INTL,42.940498,-78.732201,728.0,16.688896633415297,NY,KJFK_New_York,9.133333333333333,78.33333333333333,10.866666666666667,9.7,0.0,1014.3333333333334,1,High,2
Airplane,"(1000, 2000]",1,1,2006-07-15,2.0,Colorado,Approach,Small,No Cloud,Unknown bird - small,False,1400,False,2006,7,DENVER INTL AIRPORT,39.52920150756836,-104.65799713134766,6295.0,27.573111187238812,CO,KDEN_Denver,16.866666666666667,71.66666666666667,9.7,16.1,0.0,1017.4,1,Low,0
Airplane,"(10, 30]",1,1,2006-07-17,2.0,Illinois,Approach,Small,No Cloud,Unknown bird - small,False,20,False,2006,7,UNIV OF ILLINOIS -WILLARD ARPT,40.039819,-88.276249,755.0,25.148499963897123,IL,KORD_Chicago,12.85,72.0,2.9,12.3,0.0,1014.4,1,Medium,1
Airplane,"(-1, 0]",1,1,2006-07-18,2.0,Illinois,Take-off run,Small,No Cloud,Unknown bird - small,False,0,False,2006,7,CHICAGO O'HARE INTL ARPT,41.9786,-87.9048,680.0,4.16460023622371,IL,KORD_Chicago,8.5,43.0,4.4,15.7,8.6,1018.85,1,Medium,1
Airplane,"(0, 10]",1,1,2006-07-18,2.0,Colorado,Approach,Small,No Cloud,Unknown bird - small,False,10,False,2006,7,MONTROSE REGIONAL ARPT,38.5098,-107.893997,5759.0,277.2383550365057,CO,KDEN_Denver,12.05,58.0,3.0500000000000003,12.85,0.0,1020.0,1,Low,0
Airplane,"(-1, 0]",1,1,2006-07-21,2.0,New York,Landing Roll,Small,Overcast,American kestrel,False,0,False,2006,7,GREATER ROCHESTER INTL,43.1189,-77.672401,559.0,27.86996070509405,NY,KJFK_New_York,6.25,58.0,6.8,16.05,0.0,999.65,1,Low,0
Airplane,"(-1, 0]",1,1,2006-07-22,2.0,New York,Landing Roll,Small,Overcast,Barn swallow,True,0,False,2006,7,WESTCHESTER COUNTY ARPT,41.06700134277344,-73.70760345458984,439.0,243.3503200617849,NY,KJFK_New_York,21.35,58.5,20.200000000000003,13.0,0.0,1015.45,1,High,2
Airplane,"(-1, 0]",1,1,2006-07-23,2.0,Illinois,Landing Roll,Small,No Cloud,Unknown bird - small,False,0,False,2006,7,UNIV OF ILLINOIS -WILLARD ARPT,40.039819,-88.276249,755.0,25.148499963897123,IL,KORD_Chicago,23.65,65.0,8.5,13.8,0.0,1012.15,1,High,2
Airplane,"(100, 200]",1,1,2006-07-23,2.0,Illinois,Approach,Small,No Cloud,Unknown bird - small,True,200,False,2006,7,CHICAGO O'HARE INTL ARPT,41.9786,-87.9048,680.0,4.16460023622371,IL,KORD_Chicago,23.65,65.0,8.5,13.8,0.0,1012.15,1,Medium,1
Airplane,"(600, 1000]",1,1,2006-07-24,2.0,Colorado,Approach,Small,No Cloud,Unknown bird - small,False,800,False,2006,7,DENVER INTL AIRPORT,39.52920150756836,-104.65799713134766,6295.0,27.573111187238812,CO,KDEN_Denver,7.3,85.5,12.4,7.949999999999999,0.0,1019.95,1,Medium,1
Airplane,"(400, 600]",1,1,2006-07-24,2.0,New York,Climb,Small,Some Cloud,Unknown bird - small,True,500,True,2006,7,LONG ISLAND MAC ARTHUR,40.796324,-73.101703,99.0,292.8807816425768,NY,KJFK_New_York,19.8,74.0,8.149999999999999,16.1,0.3,1016.45,1,Low,0
Airplane,"(50, 100]",1,1,2006-07-25,2.0,New York,Climb,Small,Some Cloud,Mourning dove,True,100,False,2006,7,BUFFALO-NIAGARA INTL,42.940498,-78.732201,728.0,16.688896633415297,NY,KJFK_New_York,23.6,42.5,4.9,15.6,0.0,1017.75,1,Low,0
Airplane,"(50, 100]",1,1,2006-07-26,2.0,New York,Approach,Large,Some Cloud,Unknown bird - large,True,100,False,2006,7,GREATER BINGHAMTON ARPT,39.9734,-90.403702,465.0,928.1562052517568,NY,KJFK_New_York,8.633333333333333,54.0,13.833333333333334,11.233333333333334,0.4,1006.5666666666666,1,High,2
Airplane,"(400, 600]",1,1,2006-07-28,2.0,Illinois,Approach,Small,Some Cloud,Unknown bird - small,False,500,False,2006,7,CHICAGO O'HARE INTL ARPT,41.9786,-87.9048,680.0,4.16460023622371,IL,KORD_Chicago,9.6,60.0,8.3,16.1,0.0,1010.25,1,Low,0
Airplane,"(-1, 0]",1,1,2006-07-28,2.0,New York,Take-off run,Medium,No Cloud,Unknown bird - medium,True,0,False,2006,7,LONG ISLAND MAC ARTHUR,40.796324,-73.101703,99.0,292.8807816425768,NY,KJFK_New_York,18.9,44.0,12.3,15.25,0.0,1020.5,1,Medium,1
Airplane,"(600, 1000]",1,1,2006-07-29,2.0,New York,Approach,Medium,No Cloud,Unknown bird - medium,False,1000,False,2006,7,JOHN F KENNEDY INTL,40.639447,-73.779317,13.0,285.81600722845906,NY,KJFK_New_York,15.7,73.5,5.550000000000001,14.7,0.0,1020.05,1,Low,0
Airplane,"(30, 50]",1,1,2006-08-01,2.0,Illinois,Approach,Medium,No Cloud,Unknown bird - medium,True,50,False,2006,8,CHICAGO O'HARE INTL ARPT,41.9786,-87.9048,680.0,4.16460023622371,IL,KORD_Chicago,11.45,56.5,6.85,9.9,0.0,1024.9,1,Medium,1
Airplane,"(-1, 0]",1,1,2006-08-01,2.0,New York,Landing Roll,Small,No Cloud,Barn swallow,True,0,False,2006,8,LAGUARDIA NY,40.777199,-73.872597,21.0,268.82670826154464,NY,KJFK_New_York,1.2,71.5,7.199999999999999,7.449999999999999,0.0,1018.2,1,Medium,1
Airplane,"(-1, 0]",1,1,2006-08-02,2.0,Colorado,Take-off run,Small,Some Cloud,Unknown bird - small,True,0,False,2006,8,CORTEZ MUNICIPAL ARPT,37.303001,-108.627998,5918.0,338.7024603225559,CO,KDEN_Denver,22.0,64.5,7.0,15.0,0.0,1013.15,1,Low,0
Airplane,"(50, 100]",1,1,2006-08-02,2.0,Illinois,Approach,Medium,Some Cloud,Unknown bird - medium,False,100,False,2006,8,CHICAGO O'HARE INTL ARPT,41.9786,-87.9048,680.0,4.16460023622371,IL,KORD_Chicago,6.249999999999999,68.0,11.95,10.75,0.0,1020.0,1,High,2
Airplane,"(-1, 0]",1,1,2006-08-05,2.0,Colorado,Landing Roll,Small,Some Cloud,Unknown bird - small,True,0,False,2006,8,DENVER INTL AIRPORT,39.52920150756836,-104.65799713134766,6295.0,27.573111187238812,CO,KDEN_Denver,15.7,40.5,12.65,14.15,0.0,1020.35,1,High,2
Airplane,"(10, 30]",1,1,2006-08-05,2.0,New York,Approach,Small,No Cloud,Unknown bird - small,True,30,True,2006,8,ALBANY INTL,42.748299,-73.801697,285.0,94.50065050780267,NY,KJFK_New_York,2.25,86.0,10.95,12.7,0.0,1019.55,1,Low,0
Airplane,"(100, 200]",1,1,2006-08-06,2.0,Illinois,Approach,Small,No Cloud,Unknown bird - small,True,200,False,2006,8,QUAD CITY ARPT,39.6431007385,-89.14450073239999,630.0,33.991848342153304,IL,KORD_Chicago,4.966666666666667,54.333333333333336,8.966666666666667,12.9,1.0,1017.1,1,Medium,1
Airplane,"(-1, 0]",1,1,2006-08-06,2.0,Illinois,Take-off run,Small,Overcast,American kestrel,True,0,True,2006,8,CHICAGO MIDWAY INTL ARPT,41.785999,-87.752403,620.0,8.607490552607114,IL,KORD_Chicago,4.966666666666667,54.333333333333336,8.966666666666667,12.9,1.0,1017.1,1,Medium,1
Airplane,"(0, 10]",1,1,2006-08-07,2.0,Illinois,Approach,Small,Some Cloud,Unknown bird - small,False,10,False,2006,8,GREATER PEORIA REGIONAL ARPT,38.812906,-106.120062,7946.0,1287.5633843304047,IL,KORD_Chicago,20.3,76.5,1.05,10.6,0.0,1010.35,1,Low,0
Airplane,"(-1, 0]",1,1,2006-08-07,2.0,New York,Take-off run,Small,Some Cloud,Unknown bird - small,False,0,False,2006,8,LONG ISLAND MAC ARTHUR,40.796324,-73.101703,99.0,292.8807816425768,NY,KJFK_New_York,28.35,73.0,11.4,13.15,0.0,1016.6,1,Low,0
Airplane,"(-1, 0]",1,1,2006-08-07,2.0,New York,Landing Roll,Small,Overcast,Barn swallow,True,0,False,2006,8,JOHN F KENNEDY INTL,40.639447,-73.779317,13.0,285.81600722845906,NY,KJFK_New_York,28.35,73.0,11.4,13.15,0.0,1016.6,1,Medium,1
Airplane,"(-1, 0]",1,1,2006-08-08,2.0,Illinois,Landing Roll,Small,Some Cloud,European starling,False,0,False,2006,8,UNIV OF ILLINOIS -WILLARD ARPT,40.039819,-88.276249,755.0,25.148499963897123,IL,KORD_Chicago,7.700000000000001,80.5,11.85,16.0,0.9,1018.9,1,High,2
Airplane,"(-1, 0]",1,1,2006-08-09,2.0,Illinois,Landing Roll,Small,No Cloud,Unknown bird - small,False,0,False,2006,8,UNIV OF ILLINOIS -WILLARD ARPT,40.039819,-88.276249,755.0,25.148499963897123,IL,KORD_Chicago,10.55,86.0,12.8,10.4,4.2,1008.35,1,High,2
Airplane,"(600, 1000]",1,1,2006-08-11,2.0,New York,Approach,Medium,No Cloud,Unknown bird - medium,True,800,False,2006,8,WESTCHESTER COUNTY ARPT,41.06700134277344,-73.70760345458984,439.0,243.3503200617849,NY,KJFK_New_York,8.1,66.66666666666667,8.6,14.433333333333335,0.0,1011.6,1,Low,0
Airplane,"(1000, 2000]",1,1,2006-08-12,2.0,New York,Approach,Medium,No Cloud,Unknown bird - medium,False,1800,False,2006,8,LAGUARDIA NY,40.777199,-73.872597,21.0,268.82670826154464,NY,KJFK_New_York,31.4,48.0,19.0,7.35,0.0,1011.45,1,Low,0
Airplane,"(-1, 0]",1,1,2006-08-13,2.0,Illinois,Landing Roll,Small,Overcast,Unknown bird - small,True,0,False,2006,8,QUAD CITY ARPT,39.6431007385,-89.14450073239999,630.0,33.991848342153304,IL,KORD_Chicago,2.05,63.0,9.85,14.05,0.0,1017.6,1,Medium,1
Airplane,"(50, 100]",1,1,2006-08-14,2.0,Illinois,Approach,Small,Some Cloud,European starling,False,100,False,2006,8,UNIV OF ILLINOIS -WILLARD ARPT,40.039819,-88.276249,755.0,25.148499963897123,IL,KORD_Chicago,14.35,81.0,9.75,15.3,0.0,1010.55,1,Medium,1
Airplane,"(30, 50]",1,1,2006-08-16,2.0,Illinois,Approach,Small,No Cloud,Unknown bird - small,True,50,False,2006,8,QUAD CITY ARPT,39.6431007385,-89.14450073239999,630.0,33.991848342153304,IL,KORD_Chicago,8.7,75.5,10.05,13.25,0.0,1008.55,1,Low,0
Airplane,"(-1, 0]",1,1,2006-08-20,2.0,New York,Take-off run,Small,No Cloud,Mourning dove,False,0,False,2006,8,LAGUARDIA NY,40.777199,-73.872597,21.0,268.82670826154464,NY,KJFK_New_York,15.75,64.0,12.7,12.65,0.0,1012.55,1,Medium,1
Airplane,"(400, 600]",1,1,2006-08-20,2.0,Colorado,Approach,Medium,No Cloud,Unknown bird - medium,False,500,True,2006,8,DENVER INTL AIRPORT,39.52920150756836,-104.65799713134766,6295.0,27.573111187238812,CO,KDEN_Denver,7.15,47.0,9.4,12.6,0.0,1015.5,1,Medium,1
Airplane,"(2000, 3000]",1,1,2006-08-21,2.0,Illinois,Approach,Small,No Cloud,Unknown bird - small,False,2400,True,2006,8,CHICAGO MIDWAY INTL ARPT,41.785999,-87.752403,620.0,8.607490552607114,IL,KORD_Chicago,11.75,74.0,6.5,15.45,0.0,1012.25,1,Low,0
Airplane,"(3000, 5000]",1,1,2006-08-21,2.0,New York,Climb,Small,No Cloud,Unknown bird - small,False,5000,True,2006,8,JOHN F KENNEDY INTL,40.639447,-73.779317,13.0,285.81600722845906,NY,KJFK_New_York,24.4,50.0,15.25,12.4,0.8,1012.35,1,Low,0
Airplane,"(2000, 3000]",1,1,2006-08-22,2.0,Illinois,Approach,Medium,No Cloud,Unknown bird - medium,False,2500,True,2006,8,GREATER ROCKFORD,42.1954,-89.097198,742.0,37.23938268045538,IL,KORD_Chicago,22.2,61.66666666666666,4.1000000000000005,14.4,0.0,1012.3666666666668,1,Low,0
Airplane,"(30, 50]",1,1,2006-08-23,2.0,New York,Climb,Small,No Cloud,Unknown bird - small,True,50,False,2006,8,BUFFALO-NIAGARA INTL,42.940498,-78.732201,728.0,16.688896633415297,NY,KJFK_New_York,17.75,41.0,2.85,16.1,0.0,1014.9,1,Low,0
Airplane,"(600, 1000]",1,1,2006-08-23,2.0,Illinois,Approach,Medium,No Cloud,Unknown bird - medium,False,1000,True,2006,8,GREATER ROCKFORD,42.1954,-89.097198,742.0,37.23938268045538,IL,KORD_Chicago,4.75,69.0,9.35,16.1,0.0,1014.45,1,Low,0
Airplane,"(200, 400]",1,1,2006-08-23,2.0,Colorado,Approach,Small,No Cloud,Unknown bird - small,False,300,False,2006,8,DENVER INTL AIRPORT,39.52920150756836,-104.65799713134766,6295.0,27.573111187238812,CO,KDEN_Denver,4.800000000000001,70.5,9.65,15.3,0.0,1009.2,1,Medium,1
Airplane,"(1000, 2000]",1,1,2006-08-23,2.0,New York,Approach,Medium,No Cloud,Unknown bird - medium,False,1900,True,2006,8,BUFFALO-NIAGARA INTL,42.940498,-78.732201,728.0,16.688896633415297,NY,KJFK_New_York,17.75,41.0,2.85,16.1,0.0,1014.9,1,Low,0
Airplane,"(-1, 0]",1,1,2006-08-24,2.0,New York,Landing Roll,Medium,No Cloud,Unknown bird - medium,False,0,False,2006,8,BUFFALO-NIAGARA INTL,42.940498,-78.732201,728.0,16.688896633415297,NY,KJFK_New_York,16.200000000000003,77.0,10.8,14.95,0.0,1015.0,1,High,2
Airplane,"(50, 100]",1,1,2006-08-24,2.0,Illinois,Approach,Small,No Cloud,Unknown bird - small,False,100,False,2006,8,QUAD CITY ARPT,39.6431007385,-89.14450073239999,630.0,33.991848342153304,IL,KORD_Chicago,4.75,54.0,7.75,16.1,0.0,1012.1,1,Low,0
Airplane,"(-1, 0]",1,1,2006-08-24,2.0,New York,Taxi,Small,Overcast,Barn swallow,False,0,False,2006,8,BUFFALO-NIAGARA INTL,42.940498,-78.732201,728.0,16.688896633415297,NY,KJFK_New_York,16.200000000000003,77.0,10.8,14.95,0.0,1015.0,1,Low,0
Airplane,"(-1, 0]",1,1,2006-08-25,2.0,New York,Take-off run,Small,Overcast,Unknown bird - small,False,0,False,2006,8,BUFFALO-NIAGARA INTL,42.940498,-78.732201,728.0,16.688896633415297,NY,KJFK_New_York,16.9,38.0,2.45,9.5,2.4,1015.8,1,Medium,1
Airplane,"(1000, 2000]",1,1,2006-08-25,2.0,Colorado,Climb,Small,No Cloud,Unknown bird - small,True,2000,False,2006,8,DENVER INTL AIRPORT,39.52920150756836,-104.65799713134766,6295.0,27.573111187238812,CO,KDEN_Denver,21.200000000000003,45.0,8.700000000000001,12.35,0.0,1002.1,1,Low,0
Airplane,"(0, 10]",1,1,2006-08-26,2.0,New York,Approach,Small,No Cloud,Unknown bird - small,False,10,True,2006,8,ALBANY INTL,42.748299,-73.801697,285.0,94.50065050780267,NY,KJFK_New_York,9.4,42.0,15.0,13.45,0.0,1013.1,1,Medium,1
Airplane,"(50, 100]",1,1,2006-08-27,2.0,New York,Climb,Large,Some Cloud,Osprey,False,100,False,2006,8,JOHN F KENNEDY INTL,40.639447,-73.779317,13.0,285.81600722845906,NY,KJFK_New_York,19.05,66.5,13.95,13.1,0.0,1010.85,1,Medium,1
Airplane,"(-1, 0]",1,1,2006-08-28,2.0,New York,Take-off run,Small,Overcast,Unknown bird - small,True,0,True,2006,8,LONG ISLAND MAC ARTHUR,40.796324,-73.101703,99.0,292.8807816425768,NY,KJFK_New_York,14.3,73.33333333333333,10.433333333333334,12.233333333333334,0.0,1020.9,1,Low,0
Airplane,"(1000, 2000]",1,1,2006-08-29,2.0,Illinois,Approach,Small,No Cloud,Unknown bird - small,False,2000,False,2006,8,GREATER ROCKFORD,42.1954,-89.097198,742.0,37.23938268045538,IL,KORD_Chicago,8.55,86.0,3.85,15.0,0.0,1015.8,1,Low,0
Airplane,"(-1, 0]",1,1,2006-08-29,2.0,New York,Landing Roll,Medium,Some Cloud,Unknown bird - medium,True,0,True,2006,8,BUFFALO-NIAGARA INTL,42.940498,-78.732201,728.0,16.688896633415297,NY,KJFK_New_York,3.95,61.0,11.45,13.3,0.0,1008.95,1,High,2
Airplane,"(2000, 3000]",1,1,2006-08-29,2.0,Illinois,Approach,Medium,Some Cloud,Unknown bird - medium,False,2500,False,2006,8,GREATER PEORIA REGIONAL ARPT,38.812906,-106.120062,7946.0,1287.5633843304047,IL,KORD_Chicago,8.55,86.0,3.85,15.0,0.0,1015.8,1,Low,0
Airplane,"(100, 200]",1,1,2006-08-29,2.0,New York,Approach,Small,Overcast,Common tern,False,150,True,2006,8,JOHN F KENNEDY INTL,40.639447,-73.779317,13.0,285.81600722845906,NY,KJFK_New_York,3.95,61.0,11.45,13.3,0.0,1008.95,1,Low,0
Airplane,"(30, 50]",1,1,2006-08-30,2.0,Illinois,Approach,Small,No Cloud,Unknown bird - small,False,50,False,2006,8,CHICAGO O'HARE INTL ARPT,41.9786,-87.9048,680.0,4.16460023622371,IL,KORD_Chicago,14.85,82.0,19.35,10.2,0.7,1009.6,1,High,2
Airplane,"(-1, 0]",1,1,2006-08-31,2.0,Illinois,Landing Roll,Small,No Cloud,Unknown bird - small,True,0,False,2006,8,QUAD CITY ARPT,39.6431007385,-89.14450073239999,630.0,33.991848342153304,IL,KORD_Chicago,4.2,78.0,3.6,11.65,0.0,1014.45,1,Medium,1
Airplane,"(-1, 0]",1,1,2006-08-31,2.0,Illinois,Take-off run,Small,Some Cloud,Mourning dove,True,0,True,2006,8,CHICAGO MIDWAY INTL ARPT,41.785999,-87.752403,620.0,8.607490552607114,IL,KORD_Chicago,4.2,78.0,3.6,11.65,0.0,1014.45,1,Medium,1
Airplane,"(600, 1000]",1,1,2006-09-01,2.0,Illinois,Climb,Small,No Cloud,Unknown bird - small,False,800,False,2006,9,GREATER ROCKFORD,42.1954,-89.097198,742.0,37.23938268045538,IL,KORD_Chicago,3.2,66.0,8.7,15.35,1.8,1013.3,1,Low,0
Airplane,"(30, 50]",1,1,2006-09-01,2.0,Colorado,Approach,Small,No Cloud,Unknown bird - small,True,50,False,2006,9,DENVER INTL AIRPORT,39.52920150756836,-104.65799713134766,6295.0,27.573111187238812,CO,KDEN_Denver,10.7,47.5,5.45,9.85,0.0,1015.1,1,Medium,1
Airplane,"(100, 200]",1,1,2006-09-01,2.0,Illinois,Climb,Small,No Cloud,American robin,True,200,False,2006,9,QUAD CITY ARPT,39.6431007385,-89.14450073239999,630.0,33.991848342153304,IL,KORD_Chicago,3.2,66.0,8.7,15.35,1.8,1013.3,1,Low,0
Airplane,"(-1, 0]",1,1,2006-09-01,2.0,New York,Landing Roll,Small,Overcast,Rock pigeon,True,0,False,2006,9,JOHN F KENNEDY INTL,40.639447,-73.779317,13.0,285.81600722845906,NY,KJFK_New_York,9.65,57.0,7.449999999999999,16.1,0.0,1013.2,1,Low,0
Airplane,"(-1, 0]",1,1,2006-09-03,2.0,New York,Take-off run,Medium,Overcast,Ring-billed gull,True,0,False,2006,9,ALBANY INTL,42.748299,-73.801697,285.0,94.50065050780267,NY,KJFK_New_York,13.75,66.5,4.949999999999999,11.2,0.6,1008.55,1,Medium,1
Airplane,"(30, 50]",1,1,2006-09-04,2.0,Illinois,Approach,Small,Some Cloud,Unknown bird - small,False,50,False,2006,9,BLOOMINGTON/NORMAL,40.4771,-88.915901,871.0,9.96741417120628,IL,KORD_Chicago,2.6500000000000004,76.5,9.2,6.550000000000001,1.2,1006.65,1,High,2
Airplane,"(-1, 0]",1,1,2006-09-04,4.0,New York,Landing Roll,Medium,No Cloud,Peregrine falcon,True,0,False,2006,9,JOHN F KENNEDY INTL,40.639447,-73.779317,13.0,285.81600722845906,NY,KJFK_New_York,7.1,39.5,3.05,11.4,3.4,1012.75,1,Medium,1
Airplane,"(3000, 5000]",1,1,2006-09-05,2.0,Illinois,Approach,Small,Some Cloud,Unknown bird - small,False,3500,True,2006,9,CHICAGO MIDWAY INTL ARPT,41.785999,-87.752403,620.0,8.607490552607114,IL,KORD_Chicago,14.95,55.0,8.75,14.45,0.0,1012.8,1,Low,0
Airplane,"(600, 1000]",1,1,2006-09-07,2.0,New York,Approach,Medium,Some Cloud,Unknown bird - medium,False,1000,False,2006,9,JOHN F KENNEDY INTL,40.639447,-73.779317,13.0,285.81600722845906,NY,KJFK_New_York,10.5,60.0,14.1,9.75,0.0,1017.1,1,Low,0
Airplane,"(-1, 0]",1,1,2006-09-09,2.0,New York,Take-off run,Large,Some Cloud,Unknown bird - large,True,0,False,2006,9,GREATER ROCHESTER INTL,43.1189,-77.672401,559.0,27.86996070509405,NY,KJFK_New_York,12.05,69.5,9.6,15.3,0.0,1012.8,1,Medium,1
Airplane,"(1000, 2000]",1,1,2006-09-13,2.0,Illinois,Approach,Medium,No Cloud,Unknown bird - medium,False,1800,False,2006,9,GREATER ROCKFORD,42.1954,-89.097198,742.0,37.23938268045538,IL,KORD_Chicago,9.166666666666666,78.0,10.7,11.766666666666666,0.0,1008.2333333333332,1,Medium,1
Airplane,"(3000, 5000]",1,1,2006-09-13,2.0,Illinois,Descent,Medium,No Cloud,Unknown bird - medium,False,4000,True,2006,9,GREATER ROCKFORD,42.1954,-89.097198,742.0,37.23938268045538,IL,KORD_Chicago,9.166666666666666,78.0,10.7,11.766666666666666,0.0,1008.2333333333332,1,Low,0
Airplane,"(10, 30]",1,1,2006-09-13,2.0,New York,Approach,Medium,Overcast,Ring-billed gull,True,15,False,2006,9,BUFFALO-NIAGARA INTL,42.940498,-78.732201,728.0,16.688896633415297,NY,KJFK_New_York,12.5,78.0,9.033333333333331,9.233333333333333,0.0,1008.3333333333334,1,High,2
Airplane,"(400, 600]",1,1,2006-09-14,2.0,Colorado,Approach,Small,No Cloud,Unknown bird - small,False,500,False,2006,9,DENVER INTL AIRPORT,39.52920150756836,-104.65799713134766,6295.0,27.573111187238812,CO,KDEN_Denver,23.15,38.5,14.95,12.55,0.0,1021.6,1,Medium,1
Airplane,"(2000, 3000]",1,1,2006-09-14,2.0,Illinois,Climb,Small,No Cloud,Unknown bird - small,True,2500,False,2006,9,QUAD CITY ARPT,39.6431007385,-89.14450073239999,630.0,33.991848342153304,IL,KORD_Chicago,3.65,60.0,10.55,10.7,0.0,1012.25,1,Low,0
Airplane,"(2000, 3000]",1,1,2006-09-14,2.0,Illinois,Approach,Small,No Cloud,Unknown bird - small,False,2700,False,2006,9,CHICAGO MIDWAY INTL ARPT,41.785999,-87.752403,620.0,8.607490552607114,IL,KORD_Chicago,3.65,60.0,10.55,10.7,0.0,1012.25,1,Low,0
Airplane,"(3000, 5000]",1,1,2006-09-16,2.0,Colorado,Approach,Large,Some Cloud,Unknown bird - large,False,4500,False,2006,9,DENVER INTL AIRPORT,39.52920150756836,-104.65799713134766,6295.0,27.573111187238812,CO,KDEN_Denver,11.65,46.5,12.35,12.2,2.7,1014.8,1,High,2
Airplane,"(3000, 5000]",1,1,2006-09-18,2.0,Illinois,Approach,Medium,Some Cloud,Unknown bird - medium,False,3400,True,2006,9,CHICAGO MIDWAY INTL ARPT,41.785999,-87.752403,620.0,8.607490552607114,IL,KORD_Chicago,29.25,61.5,15.95,10.1,0.0,1010.05,1,Medium,1
Airplane,"(2000, 3000]",1,1,2006-09-18,2.0,Illinois,Climb,Small,Overcast,Unknown bird - small,False,3000,True,2006,9,CHICAGO MIDWAY INTL ARPT,41.785999,-87.752403,620.0,8.607490552607114,IL,KORD_Chicago,29.25,61.5,15.95,10.1,0.0,1010.05,1,Medium,1
Airplane,"(3000, 5000]",1,1,2006-09-19,2.0,New York,Climb,Medium,Some Cloud,Unknown bird - medium,False,3300,True,2006,9,BUFFALO-NIAGARA INTL,42.940498,-78.732201,728.0,16.688896633415297,NY,KJFK_New_York,14.633333333333333,54.66666666666666,14.2,14.8,1.5,1010.1333333333332,1,Medium,1
Airplane,"(-1, 0]",1,1,2006-09-19,2.0,Colorado,Landing Roll,Small,No Cloud,Unknown bird - small,True,0,False,2006,9,DENVER INTL AIRPORT,39.52920150756836,-104.65799713134766,6295.0,27.573111187238812,CO,KDEN_Denver,1.9333333333333331,88.0,22.366666666666664,16.033333333333335,0.3,1009.4666666666668,1,High,2
Airplane,"(1000, 2000]",1,1,2006-09-20,2.0,New York,Approach,Small,Some Cloud,Unknown bird - small,True,1500,False,2006,9,WESTCHESTER COUNTY ARPT,41.06700134277344,-73.70760345458984,439.0,243.3503200617849,NY,KJFK_New_York,8.299999999999999,56.0,7.899999999999999,10.45,0.0,1017.45,1,Low,0
Airplane,"(50, 100]",1,1,2006-09-21,2.0,Illinois,Climb,Small,No Cloud,Unknown bird - small,False,100,True,2006,9,CHICAGO MIDWAY INTL ARPT,41.785999,-87.752403,620.0,8.607490552607114,IL,KORD_Chicago,10.15,94.0,7.25,14.4,0.0,1016.1,1,Low,0
Airplane,"(10, 30]",1,1,2006-09-21,2.0,Colorado,Approach,Small,Overcast,Unknown bird - small,True,15,False,2006,9,ASPEN-PITKIN CO/SARD,39.223202,-106.869003,7820.0,159.8702462092854,CO,KDEN_Denver,17.55,89.0,7.1,11.5,1.0,1014.7,1,Medium,1
Airplane,"(-1, 0]",1,1,2006-09-22,2.0,Illinois,Take-off run,Small,Some Cloud,Unknown bird - small,True,0,False,2006,9,QUAD CITY ARPT,39.6431007385,-89.14450073239999,630.0,33.991848342153304,IL,KORD_Chicago,13.65,63.5,10.05,12.55,0.0,1013.25,1,Medium,1
Airplane,"(1000, 2000]",1,1,2006-09-24,2.0,Illinois,Approach,Medium,No Cloud,Unknown bird - medium,False,1800,False,2006,9,CHICAGO O'HARE INTL ARPT,41.9786,-87.9048,680.0,4.16460023622371,IL,KORD_Chicago,11.9,81.0,9.1,13.2,8.7,1006.0333333333332,1,Medium,1
Airplane,"(-1, 0]",1,1,2006-09-24,2.0,Illinois,Take-off run,Small,Some Cloud,Eastern meadowlark,True,0,False,2006,9,ABRAHAM LINCOLN CAPITAL ARPT,39.844101,-89.677902,598.0,24.88369746449472,IL,KORD_Chicago,11.9,81.0,9.1,13.2,8.7,1006.0333333333332,1,Medium,1
Airplane,"(1000, 2000]",1,1,2006-09-25,2.0,New York,Approach,Small,No Cloud,Unknown bird - small,True,2000,True,2006,9,ALBANY INTL,42.748299,-73.801697,285.0,94.50065050780267,NY,KJFK_New_York,17.3,72.5,5.699999999999999,9.65,0.0,1007.1,1,Low,0
Airplane,"(200, 400]",1,1,2006-09-26,2.0,Illinois,Approach,Small,No Cloud,Unknown bird - small,False,300,True,2006,9,GREATER ROCKFORD,42.1954,-89.097198,742.0,37.23938268045538,IL,KORD_Chicago,20.05,56.5,8.65,16.1,4.4,1013.35,1,Low,0
Airplane,"(2000, 3000]",1,1,2006-09-26,2.0,New York,Approach,Small,No Cloud,Unknown bird - small,False,2500,True,2006,9,BUFFALO-NIAGARA INTL,42.940498,-78.732201,728.0,16.688896633415297,NY,KJFK_New_York,17.5,77.0,9.2,13.5,0.0,1016.45,1,Low,0
Airplane,"(200, 400]",1,1,2006-09-26,2.0,New York,Approach,Medium,Some Cloud,Unknown bird - medium,True,350,False,2006,9,WESTCHESTER COUNTY ARPT,41.06700134277344,-73.70760345458984,439.0,243.3503200617849,NY,KJFK_New_York,17.5,77.0,9.2,13.5,0.0,1016.45,1,Low,0
Airplane,"(5000, 18000]",1,1,2006-09-26,2.0,Colorado,Descent,Small,Some Cloud,Unknown bird - small,False,8000,False,2006,9,DENVER INTL AIRPORT,39.52920150756836,-104.65799713134766,6295.0,27.573111187238812,CO,KDEN_Denver,6.15,66.0,5.9,11.3,0.0,1014.1,1,Low,0
Airplane,"(2000, 3000]",1,1,2006-09-26,2.0,New York,Approach,Small,No Cloud,Unknown bird - small,False,2100,False,2006,9,JOHN F KENNEDY INTL,40.639447,-73.779317,13.0,285.81600722845906,NY,KJFK_New_York,17.5,77.0,9.2,13.5,0.0,1016.45,1,Low,0
Airplane,"(600, 1000]",1,1,2006-09-27,2.0,Illinois,Approach,Medium,No Cloud,Unknown bird - medium,False,1000,True,2006,9,GREATER ROCKFORD,42.1954,-89.097198,742.0,37.23938268045538,IL,KORD_Chicago,5.249999999999999,77.0,5.2,7.85,0.0,1023.8,1,Low,0
Airplane,"(5000, 18000]",1,1,2006-09-27,2.0,Colorado,Climb,Medium,No Cloud,Unknown bird - medium,False,5400,False,2006,9,DENVER INTL AIRPORT,39.52920150756836,-104.65799713134766,6295.0,27.573111187238812,CO,KDEN_Denver,14.45,54.5,12.75,15.15,0.0,1020.2,1,Medium,1
Airplane,"(600, 1000]",1,1,2006-09-27,2.0,New York,Approach,Small,Some Cloud,Unknown bird - small,True,1000,False,2006,9,LONG ISLAND MAC ARTHUR,40.796324,-73.101703,99.0,292.8807816425768,NY,KJFK_New_York,0.1499999999999999,64.5,8.5,10.65,0.0,1016.7,1,Low,0
Airplane,"(1000, 2000]",1,1,2006-09-27,2.0,Illinois,Approach,Small,No Cloud,Unknown bird - small,True,1500,False,2006,9,CHICAGO O'HARE INTL ARPT,41.9786,-87.9048,680.0,4.16460023622371,IL,KORD_Chicago,5.249999999999999,77.0,5.2,7.85,0.0,1023.8,1,Low,0
Airplane,"(-1, 0]",1,1,2006-09-27,2.0,Illinois,Landing Roll,Large,No Cloud,Coyote,False,0,False,2006,9,WILLIAMSON COUNTY REGIONAL,39.64260101,-106.9179993,6548.0,1343.0822483629204,IL,KORD_Chicago,5.249999999999999,77.0,5.2,7.85,0.0,1023.8,1,High,2
Airplane,"(3000, 5000]",1,1,2006-09-29,2.0,Colorado,Descent,Small,Some Cloud,Unknown bird - small,False,4000,False,2006,9,COLORADO SPRINGS MUNICIPAL,38.805801,-104.700996,6187.0,38.3672452711314,CO,KDEN_Denver,22.8,70.5,8.45,11.55,0.0,1020.6,1,Low,0
Airplane,"(1000, 2000]",1,1,2006-09-29,2.0,Illinois,Approach,Small,No Cloud,Unknown bird - small,False,1200,True,2006,9,GREATER ROCKFORD,42.1954,-89.097198,742.0,37.23938268045538,IL,KORD_Chicago,10.6,42.0,5.35,12.55,0.0,1018.65,1,Low,0
Airplane,"(1000, 2000]",1,1,2006-09-29,2.0,New York,Approach,Small,No Cloud,Unknown bird - small,True,1200,False,2006,9,WESTCHESTER COUNTY ARPT,41.06700134277344,-73.70760345458984,439.0,243.3503200617849,NY,KJFK_New_York,17.85,48.0,24.9,12.25,0.0,1012.6,1,Low,0
Airplane,"(-1, 0]",1,1,2006-10-01,2.0,Colorado,Take-off run,Small,No Cloud,Unknown bird - small,False,0,True,2006,10,DENVER INTL AIRPORT,39.52920150756836,-104.65799713134766,6295.0,27.573111187238812,CO,KDEN_Denver,21.75,36.0,9.1,11.0,0.0,1007.8,1,High,2
Airplane,"(100, 200]",1,1,2006-10-03,2.0,Illinois,Approach,Medium,No Cloud,Unknown bird - medium,True,200,False,2006,10,QUAD CITY ARPT,39.6431007385,-89.14450073239999,630.0,33.991848342153304,IL,KORD_Chicago,9.6,65.5,14.05,15.55,0.0,1007.2,1,Medium,1
Airplane,"(-1, 0]",1,1,2006-10-05,2.0,New York,Take-off run,Small,No Cloud,Merlin,True,0,False,2006,10,JOHN F KENNEDY INTL,40.639447,-73.779317,13.0,285.81600722845906,NY,KJFK_New_York,-4.733333333333333,50.66666666666666,11.433333333333332,10.366666666666667,0.0,1012.6,1,Medium,1
Airplane,"(1000, 2000]",1,1,2006-10-05,2.0,New York,Climb,Large,Some Cloud,Canada goose,True,1500,False,2006,10,ALBANY INTL,42.748299,-73.801697,285.0,94.50065050780267,NY,KJFK_New_York,-4.733333333333333,50.66666666666666,11.433333333333332,10.366666666666667,0.0,1012.6,1,Medium,1
Airplane,"(1000, 2000]",1,1,2006-10-07,2.0,Colorado,Approach,Small,No Cloud,Unknown bird - small,False,2000,True,2006,10,DENVER INTL AIRPORT,39.52920150756836,-104.65799713134766,6295.0,27.573111187238812,CO,KDEN_Denver,18.55,77.5,12.8,16.1,0.0,1007.75,1,Low,0
Airplane,"(600, 1000]",1,1,2006-10-09,2.0,Illinois,Approach,Small,No Cloud,Unknown bird - small,False,1000,True,2006,10,CHICAGO MIDWAY INTL ARPT,41.785999,-87.752403,620.0,8.607490552607114,IL,KORD_Chicago,10.6,42.5,11.35,10.7,0.0,1021.35,1,Low,0
Airplane,"(1000, 2000]",1,1,2006-10-12,2.0,Illinois,Approach,Small,No Cloud,Unknown bird - small,False,1540,True,2006,10,GREATER ROCKFORD,42.1954,-89.097198,742.0,37.23938268045538,IL,KORD_Chicago,16.0,82.0,11.25,13.65,0.4,1016.4,1,Low,0
Airplane,"(600, 1000]",1,1,2006-10-16,2.0,New York,Approach,Medium,No Cloud,Unknown bird - medium,False,700,False,2006,10,GREATER ROCHESTER INTL,43.1189,-77.672401,559.0,27.86996070509405,NY,KJFK_New_York,10.666666666666666,53.66666666666666,2.6,14.433333333333335,0.5,1012.2666666666668,1,Low,0
Airplane,"(200, 400]",1,1,2006-10-16,2.0,New York,Approach,Small,No Cloud,Unknown bird - small,False,300,False,2006,10,LAGUARDIA NY,40.777199,-73.872597,21.0,268.82670826154464,NY,KJFK_New_York,10.666666666666666,53.66666666666666,2.6,14.433333333333335,0.5,1012.2666666666668,1,Low,0
Airplane,"(-1, 0]",1,1,2006-10-17,2.0,New York,Landing Roll,Small,Overcast,Unknown bird - small,True,0,False,2006,10,LAGUARDIA NY,40.777199,-73.872597,21.0,268.82670826154464,NY,KJFK_New_York,11.65,85.5,15.2,15.95,1.1,1009.8,1,Medium,1
Airplane,"(600, 1000]",1,1,2006-10-18,2.0,Colorado,Approach,Small,No Cloud,Unknown bird - small,True,800,False,2006,10,DENVER INTL AIRPORT,39.52920150756836,-104.65799713134766,6295.0,27.573111187238812,CO,KDEN_Denver,10.15,39.0,8.9,9.45,1.7,1012.2,1,Medium,1
Airplane,"(5000, 18000]",1,1,2006-10-22,2.0,Colorado,Climb,Medium,No Cloud,Unknown bird - medium,False,13000,True,2006,10,DENVER INTL AIRPORT,39.52920150756836,-104.65799713134766,6295.0,27.573111187238812,CO,KDEN_Denver,20.03333333333333,74.0,11.533333333333331,14.6,1.7,1013.1333333333332,1,Medium,1
Airplane,"(0, 10]",1,1,2006-10-22,2.0,Illinois,Approach,Medium,Overcast,Unknown bird - medium,True,8,False,2006,10,CHICAGO O'HARE INTL ARPT,41.9786,-87.9048,680.0,4.16460023622371,IL,KORD_Chicago,15.866666666666667,64.33333333333333,11.266666666666666,12.433333333333335,1.4,1013.9,1,High,2
Airplane,"(200, 400]",1,1,2006-10-23,2.0,Illinois,Approach,Small,Some Cloud,Unknown bird - small,False,400,False,2006,10,CHICAGO O'HARE INTL ARPT,41.9786,-87.9048,680.0,4.16460023622371,IL,KORD_Chicago,10.55,63.5,17.55,13.0,0.0,1008.9,1,Medium,1
Airplane,"(400, 600]",1,1,2006-10-23,2.0,New York,Approach,Small,Overcast,Unknown bird - small,True,500,False,2006,10,WESTCHESTER COUNTY ARPT,41.06700134277344,-73.70760345458984,439.0,243.3503200617849,NY,KJFK_New_York,8.05,76.0,4.95,13.9,0.8,1016.2,1,Low,0
Airplane,"(5000, 18000]",1,1,2006-10-23,2.0,Illinois,Approach,Medium,No Cloud,Unknown bird - medium,False,7000,True,2006,10,GREATER PEORIA REGIONAL ARPT,38.812906,-106.120062,7946.0,1287.5633843304047,IL,KORD_Chicago,10.55,63.5,17.55,13.0,0.0,1008.9,1,Low,0
Airplane,"(400, 600]",1,1,2006-10-25,2.0,Illinois,Approach,Medium,No Cloud,Unknown bird - medium,True,500,False,2006,10,CHICAGO O'HARE INTL ARPT,41.9786,-87.9048,680.0,4.16460023622371,IL,KORD_Chicago,6.4,68.5,21.75,16.1,0.0,1016.9,1,Medium,1
Airplane,"(1000, 2000]",1,1,2006-10-26,2.0,New York,Approach,Medium,No Cloud,Unknown bird - medium,False,1500,False,2006,10,JOHN F KENNEDY INTL,40.639447,-73.779317,13.0,285.81600722845906,NY,KJFK_New_York,13.7,63.0,9.4,13.25,0.0,1017.3,1,Low,0
Airplane,"(3000, 5000]",1,1,2006-10-27,2.0,New York,Climb,Large,No Cloud,Unknown bird - large,True,4000,False,2006,10,JOHN F KENNEDY INTL,40.639447,-73.779317,13.0,285.81600722845906,NY,KJFK_New_York,13.7,60.333333333333336,20.7,13.8,8.4,1010.4,1,Medium,1
Airplane,"(3000, 5000]",1,1,2006-10-31,2.0,Illinois,Approach,Small,No Cloud,Unknown bird - small,False,4000,True,2006,10,CHICAGO MIDWAY INTL ARPT,41.785999,-87.752403,620.0,8.607490552607114,IL,KORD_Chicago,14.6,70.0,8.7,12.7,1.5,1006.65,1,Low,0
Airplane,"(3000, 5000]",1,1,2006-10-31,2.0,Illinois,Climb,Medium,No Cloud,Unknown bird - medium,True,4500,False,2006,10,CHICAGO O'HARE INTL ARPT,41.9786,-87.9048,680.0,4.16460023622371,IL,KORD_Chicago,14.6,70.0,8.7,12.7,1.5,1006.65,1,Medium,1
Airplane,"(600, 1000]",1,1,2006-11-01,2.0,New York,Approach,Small,No Cloud,Unknown bird - small,False,800,False,2006,11,JOHN F KENNEDY INTL,40.639447,-73.779317,13.0,285.81600722845906,NY,KJFK_New_York,14.1,74.0,6.45,14.5,0.0,1012.35,1,Low,0
Airplane,"(600, 1000]",1,1,2006-11-02,2.0,New York,Approach,Small,Overcast,Unknown bird - small,False,900,False,2006,11,JOHN F KENNEDY INTL,40.639447,-73.779317,13.0,285.81600722845906,NY,KJFK_New_York,6.9,46.66666666666666,11.5,12.7,2.4000000000000004,1013.2333333333332,1,Low,0
Airplane,"(30, 50]",1,1,2006-11-03,2.0,Illinois,Climb,Small,No Cloud,Unknown bird - small,False,50,False,2006,11,CHICAGO MIDWAY INTL ARPT,41.785999,-87.752403,620.0,8.607490552607114,IL,KORD_Chicago,27.3,89.5,10.35,12.45,0.0,1010.45,1,Medium,1
Airplane,"(-1, 0]",1,1,2006-11-03,2.0,New York,Take-off run,Small,Some Cloud,Unknown bird - small,False,0,False,2006,11,JOHN F KENNEDY INTL,40.639447,-73.779317,13.0,285.81600722845906,NY,KJFK_New_York,21.05,52.0,11.85,16.0,0.0,1007.5,1,Low,0
Airplane,"(3000, 5000]",1,1,2006-11-07,2.0,Illinois,Approach,Medium,Overcast,Unknown bird - medium,False,5000,True,2006,11,CHICAGO MIDWAY INTL ARPT,41.785999,-87.752403,620.0,8.607490552607114,IL,KORD_Chicago,14.333333333333334,56.0,7.866666666666667,12.633333333333336,0.0,1021.6666666666666,1,Medium,1
Airplane,"(-1, 0]",1,1,2006-11-08,2.0,New York,Landing Roll,Medium,Overcast,Herring gull,True,0,False,2006,11,LAGUARDIA NY,40.777199,-73.872597,21.0,268.82670826154464,NY,KJFK_New_York,13.7,64.5,23.6,14.7,1.5,1013.8,1,High,2
Airplane,"(400, 600]",1,1,2006-11-10,2.0,Illinois,Approach,Medium,No Cloud,Unknown bird - medium,False,600,True,2006,11,GREATER ROCKFORD,42.1954,-89.097198,742.0,37.23938268045538,IL,KORD_Chicago,15.35,49.0,13.55,10.65,0.0,1013.15,1,Medium,1
Airplane,"(-1, 0]",1,1,2006-11-11,2.0,Colorado,Take-off run,Small,Overcast,Horned lark,False,0,False,2006,11,YAMPA VALLEY,40.481201,-107.218002,6606.0,180.83264488239317,CO,KDEN_Denver,13.25,59.0,5.4,14.6,0.0,1009.8,1,Low,0
Airplane,"(1000, 2000]",1,1,2006-11-15,2.0,New York,Climb,Medium,Some Cloud,Unknown bird - medium,False,2000,False,2006,11,LAGUARDIA NY,40.777199,-73.872597,21.0,268.82670826154464,NY,KJFK_New_York,9.5,58.0,10.8,10.15,0.0,1006.25,1,Low,0
Airplane,"(400, 600]",1,1,2006-11-19,2.0,New York,Approach,Small,Some Cloud,Golden-crowned kinglet,False,500,False,2006,11,LAGUARDIA NY,40.777199,-73.872597,21.0,268.82670826154464,NY,KJFK_New_York,14.8,72.5,13.3,8.649999999999999,0.4,1014.8,1,Low,0
Airplane,"(100, 200]",1,1,2006-11-22,2.0,Colorado,Approach,Small,No Cloud,Unknown bird - small,False,200,False,2006,11,DENVER INTL AIRPORT,39.52920150756836,-104.65799713134766,6295.0,27.573111187238812,CO,KDEN_Denver,7.15,82.0,11.3,15.0,0.0,1023.9,1,Medium,1
Airplane,"(400, 600]",1,1,2006-11-25,2.0,New York,Approach,Small,No Cloud,Unknown bird - small,False,500,False,2006,11,WESTCHESTER COUNTY ARPT,41.06700134277344,-73.70760345458984,439.0,243.3503200617849,NY,KJFK_New_York,23.5,68.0,13.85,15.2,0.0,1014.65,1,Low,0
Airplane,"(0, 10]",1,1,2006-11-27,2.0,New York,Approach,Large,No Cloud,Unknown bird - large,False,10,False,2006,11,JOHN F KENNEDY INTL,40.639447,-73.779317,13.0,285.81600722845906,NY,KJFK_New_York,2.7,87.0,10.15,11.5,0.0,1014.15,1,Medium,1
Airplane,"(200, 400]",1,1,2006-11-27,2.0,Illinois,Approach,Large,Some Cloud,Canada goose,False,250,False,2006,11,QUAD CITY ARPT,39.6431007385,-89.14450073239999,630.0,33.991848342153304,IL,KORD_Chicago,5.45,63.5,8.700000000000001,16.1,0.0,1008.85,1,Medium,1
Airplane,"(30, 50]",1,1,2006-11-28,2.0,Colorado,Climb,Medium,Overcast,Unknown bird - medium,False,50,False,2006,11,DENVER INTL AIRPORT,39.52920150756836,-104.65799713134766,6295.0,27.573111187238812,CO,KDEN_Denver,26.15,52.5,6.800000000000001,14.9,0.0,1011.45,1,Medium,1
Airplane,"(400, 600]",1,1,2006-11-29,2.0,New York,Approach,Medium,Overcast,Ring-billed gull,False,500,False,2006,11,LAGUARDIA NY,40.777199,-73.872597,21.0,268.82670826154464,NY,KJFK_New_York,2.3333333333333326,68.33333333333333,5.400000000000001,15.933333333333335,0.0,1014.4,1,Low,0
Airplane,"(50, 100]",1,1,2006-11-30,1.0,Colorado,Climb,Small,No Cloud,Finches,False,70,False,2006,11,GREELEY-WELD COUNTY ARPT,40.4374008179,-104.633003235,4697.0,63.268475829905256,CO,KDEN_Denver,4.699999999999999,83.0,9.9,12.3,0.0,1014.25,1,Medium,1
Airplane,"(200, 400]",1,1,2006-12-04,2.0,Colorado,Approach,Small,No Cloud,Unknown bird - small,True,300,False,2006,12,DENVER INTL AIRPORT,39.52920150756836,-104.65799713134766,6295.0,27.573111187238812,CO,KDEN_Denver,24.200000000000003,68.5,13.85,11.35,0.0,1015.3,1,High,2
Airplane,"(1000, 2000]",1,1,2006-12-08,2.0,New York,Approach,Small,No Cloud,Fox sparrow,False,2000,False,2006,12,LAGUARDIA NY,40.777199,-73.872597,21.0,268.82670826154464,NY,KJFK_New_York,11.15,64.0,10.65,14.1,1.9,1016.7,1,Low,0
Airplane,"(600, 1000]",1,1,2006-12-08,2.0,New York,Climb,Large,No Cloud,Great blue heron,True,1000,True,2006,12,JOHN F KENNEDY INTL,40.639447,-73.779317,13.0,285.81600722845906,NY,KJFK_New_York,11.15,64.0,10.65,14.1,1.9,1016.7,1,Low,0
Airplane,"(-1, 0]",1,1,2006-12-13,2.0,Illinois,Landing Roll,Small,No Cloud,Savannah sparrow,True,0,False,2006,12,ABRAHAM LINCOLN CAPITAL ARPT,39.844101,-89.677902,598.0,24.88369746449472,IL,KORD_Chicago,6.699999999999999,61.0,4.2,13.0,2.8,1016.7,1,High,2
Airplane,"(-1, 0]",1,1,2006-12-31,2.0,Colorado,Landing Roll,Small,No Cloud,Unknown bird - small,False,0,False,2006,12,PUEBLO MEMORIAL ARPT,38.289101,-104.497002,4726.0,17.704292706523976,CO,KDEN_Denver,23.9,46.0,6.55,13.55,0.4,1018.05,1,High,2
Airplane,"(-1, 0]",1,1,2007-01-02,2.0,New York,Take-off run,Large,No Cloud,Red fox,False,0,True,2007,1,BUFFALO-NIAGARA INTL,42.940498,-78.732201,728.0,16.688896633415297,NY,KJFK_New_York,22.15,67.0,4.45,13.25,0.0,1012.95,1,High,2
Airplane,"(-1, 0]",1,1,2007-01-08,2.0,Illinois,Landing Roll,Small,Overcast,Unknown bird - small,True,0,False,2007,1,QUAD CITY ARPT,39.6431007385,-89.14450073239999,630.0,33.991848342153304,IL,KORD_Chicago,18.2,41.0,11.4,11.85,0.5,1011.0,1,High,2
Airplane,"(-1, 0]",1,1,2007-01-11,2.0,Colorado,Landing Roll,Small,No Cloud,Horned lark,False,0,False,2007,1,COLORADO SPRINGS MUNICIPAL,38.805801,-104.700996,6187.0,38.3672452711314,CO,KDEN_Denver,4.65,59.5,5.1,14.3,0.6,1013.45,1,Medium,1
Airplane,"(30, 50]",1,1,2007-01-21,2.0,Colorado,Approach,Medium,Overcast,Unknown bird - medium,False,50,False,2007,1,COLORADO SPRINGS MUNICIPAL,38.805801,-104.700996,6187.0,38.3672452711314,CO,KDEN_Denver,-0.9000000000000001,67.5,24.55,9.35,0.0,1009.8,1,High,2
Airplane,"(-1, 0]",1,1,2007-02-02,2.0,Colorado,Landing Roll,Small,No Cloud,Horned lark,False,0,False,2007,2,COLORADO SPRINGS MUNICIPAL,38.805801,-104.700996,6187.0,38.3672452711314,CO,KDEN_Denver,14.65,84.0,6.45,11.85,0.0,1009.45,1,Medium,1
Airplane,"(10, 30]",1,1,2007-02-14,2.0,Colorado,Climb,Small,Overcast,Unknown bird - small,True,15,False,2007,2,COLORADO SPRINGS MUNICIPAL,38.805801,-104.700996,6187.0,38.3672452711314,CO,KDEN_Denver,10.5,67.33333333333333,11.866666666666667,12.766666666666667,0.0,1011.6666666666666,1,Medium,1
Airplane,"(50, 100]",1,1,2007-02-20,2.0,Illinois,Approach,Small,No Cloud,Unknown bird - small,True,100,False,2007,2,CHICAGO O'HARE INTL ARPT,41.9786,-87.9048,680.0,4.16460023622371,IL,KORD_Chicago,11.3,61.333333333333336,10.1,13.333333333333334,0.0,1015.5333333333332,1,Medium,1
Airplane,"(-1, 0]",1,1,2007-02-22,4.0,Illinois,Landing Roll,Large,Overcast,Coyote,True,0,False,2007,2,GREATER ROCKFORD,42.1954,-89.097198,742.0,37.23938268045538,IL,KORD_Chicago,10.55,73.0,22.35,12.55,0.0,1012.45,1,High,2
Airplane,"(5000, 18000]",1,1,2007-03-02,2.0,New York,Climb,Large,Some Cloud,Unknown bird - large,False,9500,True,2007,3,BUFFALO-NIAGARA INTL,42.940498,-78.732201,728.0,16.688896633415297,NY,KJFK_New_York,7.25,77.5,6.300000000000001,14.25,1.9,1019.05,1,Medium,1
Airplane,"(-1, 0]",1,1,2007-03-09,1.0,Colorado,Landing Roll,Large,No Cloud,Mule deer,False,0,False,2007,3,ANIMAS AIR PARK,37.203201,-107.869003,6684.0,275.2964463223033,CO,KDEN_Denver,17.05,63.5,7.45,13.75,1.6,1014.25,1,High,2
Airplane,"(50, 100]",1,1,2007-03-10,2.0,New York,Approach,Medium,No Cloud,Unknown bird - medium,False,100,False,2007,3,JOHN F KENNEDY INTL,40.639447,-73.779317,13.0,285.81600722845906,NY,KJFK_New_York,12.45,54.5,19.75,16.1,1.9,1014.8,1,Medium,1
Airplane,"(30, 50]",1,1,2007-03-10,2.0,Illinois,Approach,Medium,No Cloud,Unknown bird - medium,True,50,False,2007,3,GREATER ROCKFORD,42.1954,-89.097198,742.0,37.23938268045538,IL,KORD_Chicago,10.45,54.0,15.0,14.75,0.0,1020.5,1,Medium,1
Airplane,"(-1, 0]",1,1,2007-03-12,2.0,New York,Landing Roll,Medium,No Cloud,Unknown bird - medium,False,0,False,2007,3,JOHN F KENNEDY INTL,40.639447,-73.779317,13.0,285.81600722845906,NY,KJFK_New_York,16.15,78.5,12.55,10.9,0.0,1011.15,1,High,2
Airplane,"(-1, 0]",1,1,2007-03-15,2.0,New York,Landing Roll,Medium,Some Cloud,Ring-billed gull,True,0,False,2007,3,BUFFALO-NIAGARA INTL,42.940498,-78.732201,728.0,16.688896633415297,NY,KJFK_New_York,14.2,68.5,4.5,13.6,0.0,1011.25,1,High,2
Airplane,"(400, 600]",1,1,2007-03-25,1.0,Illinois,Climb,Small,Some Cloud,Unknown bird - small,False,440,False,2007,3,GREATER PEORIA REGIONAL ARPT,38.812906,-106.120062,7946.0,1287.5633843304047,IL,KORD_Chicago,22.5,82.0,9.4,13.866666666666667,0.0,1012.1333333333332,1,Low,0
Airplane,"(50, 100]",1,1,2007-03-27,2.0,New York,Climb,Medium,No Cloud,Ring-billed gull,False,100,False,2007,3,WESTCHESTER COUNTY ARPT,41.06700134277344,-73.70760345458984,439.0,243.3503200617849,NY,KJFK_New_York,13.55,63.0,13.95,16.1,0.0,1012.8,1,Medium,1
Airplane,"(0, 10]",1,1,2007-03-29,2.0,Illinois,Climb,Small,Some Cloud,Eastern meadowlark,True,10,False,2007,3,CHICAGO O'HARE INTL ARPT,41.9786,-87.9048,680.0,4.16460023622371,IL,KORD_Chicago,10.0,63.0,7.85,11.35,0.0,1017.7,1,Medium,1
Airplane,"(-1, 0]",1,1,2007-04-03,2.0,New York,Landing Roll,Medium,Some Cloud,Red-tailed hawk,True,0,False,2007,4,ALBANY INTL,42.748299,-73.801697,285.0,94.50065050780267,NY,KJFK_New_York,2.45,94.0,18.55,14.95,0.0,1006.85,1,High,2
Airplane,"(50, 100]",1,1,2007-04-04,2.0,New York,Approach,Small,No Cloud,Unknown bird - small,False,100,False,2007,4,BUFFALO-NIAGARA INTL,42.940498,-78.732201,728.0,16.688896633415297,NY,KJFK_New_York,24.8,53.5,5.65,12.7,0.0,1020.1,1,Low,0
Airplane,"(1000, 2000]",1,1,2007-04-04,2.0,New York,Approach,Small,Overcast,Unknown bird - small,True,2000,False,2007,4,GREATER BINGHAMTON ARPT,39.9734,-90.403702,465.0,928.1562052517568,NY,KJFK_New_York,24.8,53.5,5.65,12.7,0.0,1020.1,1,Low,0
Airplane,"(10, 30]",1,1,2007-04-14,4.0,New York,Approach,Medium,Some Cloud,Red-tailed hawk,True,30,False,2007,4,JOHN F KENNEDY INTL,40.639447,-73.779317,13.0,285.81600722845906,NY,KJFK_New_York,18.6,42.5,17.65,9.75,1.1,1007.15,1,Medium,1
Airplane,"(600, 1000]",1,1,2007-04-14,2.0,New York,Climb,Medium,Some Cloud,Herring gull,True,700,True,2007,4,JOHN F KENNEDY INTL,40.639447,-73.779317,13.0,285.81600722845906,NY,KJFK_New_York,18.6,42.5,17.65,9.75,1.1,1007.15,1,Medium,1
Airplane,"(100, 200]",1,1,2007-04-17,2.0,New York,Approach,Medium,Overcast,Red-tailed hawk,False,200,False,2007,4,WESTCHESTER COUNTY ARPT,41.06700134277344,-73.70760345458984,439.0,243.3503200617849,NY,KJFK_New_York,20.3,50.0,10.85,15.15,2.2,1019.7,1,Medium,1
Airplane,"(-1, 0]",1,1,2007-04-18,2.0,New York,Landing Roll,Medium,Overcast,Red-tailed hawk,True,0,False,2007,4,ALBANY INTL,42.748299,-73.801697,285.0,94.50065050780267,NY,KJFK_New_York,-4.4,71.5,13.0,9.6,2.1,1014.4,1,High,2
Airplane,"(50, 100]",1,1,2007-04-18,2.0,New York,Approach,Medium,Overcast,Brant,True,75,False,2007,4,JOHN F KENNEDY INTL,40.639447,-73.779317,13.0,285.81600722845906,NY,KJFK_New_York,-4.4,71.5,13.0,9.6,2.1,1014.4,1,Medium,1
Airplane,"(5000, 18000]",1,1,2007-04-21,2.0,Illinois,Descent,Small,No Cloud,Unknown bird - small,False,6000,True,2007,4,CHICAGO MIDWAY INTL ARPT,41.785999,-87.752403,620.0,8.607490552607114,IL,KORD_Chicago,16.333333333333332,49.333333333333336,10.9,15.433333333333335,3.9,1011.3,1,Low,0
Airplane,"(-1, 0]",1,1,2007-04-26,2.0,Illinois,Landing Roll,Small,Some Cloud,Unknown bird - small,False,0,False,2007,4,GREATER PEORIA REGIONAL ARPT,38.812906,-106.120062,7946.0,1287.5633843304047,IL,KORD_Chicago,3.7,62.0,8.5,11.0,0.0,1017.55,1,Medium,1
Airplane,"(400, 600]",1,1,2007-04-28,2.0,Illinois,Approach,Small,No Cloud,Unknown bird - small,False,500,False,2007,4,BLOOMINGTON/NORMAL,40.4771,-88.915901,871.0,9.96741417120628,IL,KORD_Chicago,7.75,56.5,8.2,14.35,0.0,1021.3,1,Low,0
Airplane,"(-1, 0]",1,1,2007-04-29,2.0,Colorado,Take-off run,Small,Some Cloud,Unknown bird - small,False,0,False,2007,4,DENVER INTL AIRPORT,39.52920150756836,-104.65799713134766,6295.0,27.573111187238812,CO,KDEN_Denver,14.75,68.5,8.2,13.25,0.5,1012.85,1,Medium,1
Airplane,"(3000, 5000]",1,1,2007-04-30,2.0,Illinois,Approach,Small,No Cloud,Unknown bird - small,True,4000,True,2007,4,CHICAGO MIDWAY INTL ARPT,41.785999,-87.752403,620.0,8.607490552607114,IL,KORD_Chicago,17.6,64.5,8.95,16.05,0.0,1016.0,1,Low,0
Airplane,"(3000, 5000]",1,1,2007-05-03,2.0,Illinois,Descent,Small,Some Cloud,Unknown bird - small,False,4000,True,2007,5,GREATER ROCKFORD,42.1954,-89.097198,742.0,37.23938268045538,IL,KORD_Chicago,8.2,84.0,14.35,14.6,0.0,1015.55,1,Low,0
Airplane,"(3000, 5000]",1,1,2007-05-04,2.0,Illinois,Approach,Medium,No Cloud,Unknown bird - medium,False,3800,True,2007,5,GREATER ROCKFORD,42.1954,-89.097198,742.0,37.23938268045538,IL,KORD_Chicago,9.6,85.5,6.55,13.7,0.0,1016.2,1,Low,0
Airplane,"(-1, 0]",1,1,2007-05-05,2.0,New York,Take-off run,Small,No Cloud,Unknown bird - small,False,0,True,2007,5,BUFFALO-NIAGARA INTL,42.940498,-78.732201,728.0,16.688896633415297,NY,KJFK_New_York,10.85,58.5,7.45,12.05,0.0,1013.45,1,High,2
Airplane,"(-1, 0]",1,1,2007-05-05,2.0,New York,Take-off run,Small,No Cloud,Unknown bird - small,True,0,True,2007,5,BUFFALO-NIAGARA INTL,42.940498,-78.732201,728.0,16.688896633415297,NY,KJFK_New_York,10.85,58.5,7.45,12.05,0.0,1013.45,1,High,2
Airplane,"(2000, 3000]",1,1,2007-05-05,2.0,New York,Approach,Small,No Cloud,Unknown bird - small,False,3000,False,2007,5,JOHN F KENNEDY INTL,40.639447,-73.779317,13.0,285.81600722845906,NY,KJFK_New_York,10.85,58.5,7.45,12.05,0.0,1013.45,1,Low,0
Airplane,"(-1, 0]",1,1,2007-05-05,2.0,New York,Take-off run,Medium,Some Cloud,Herring gull,True,0,False,2007,5,JOHN F KENNEDY INTL,40.639447,-73.779317,13.0,285.81600722845906,NY,KJFK_New_York,10.85,58.5,7.45,12.05,0.0,1013.45,1,Medium,1
Airplane,"(400, 600]",1,1,2007-05-06,2.0,New York,Approach,Medium,No Cloud,Unknown bird - medium,False,500,False,2007,5,WESTCHESTER COUNTY ARPT,41.06700134277344,-73.70760345458984,439.0,243.3503200617849,NY,KJFK_New_York,10.15,61.5,7.15,11.4,0.0,1014.25,1,Low,0
Airplane,"(1000, 2000]",1,1,2007-05-08,2.0,New York,Approach,Medium,Some Cloud,Ring-billed gull,True,1300,False,2007,5,JOHN F KENNEDY INTL,40.639447,-73.779317,13.0,285.81600722845906,NY,KJFK_New_York,1.866666666666667,79.33333333333333,7.933333333333333,9.0,1.8,1006.4666666666668,1,Low,0
Airplane,"(400, 600]",1,1,2007-05-09,2.0,Illinois,Approach,Small,No Cloud,Unknown bird - small,False,500,True,2007,5,CHICAGO MIDWAY INTL ARPT,41.785999,-87.752403,620.0,8.607490552607114,IL,KORD_Chicago,8.15,73.0,17.6,14.05,0.0,1011.55,1,Medium,1
Airplane,"(2000, 3000]",1,1,2007-05-10,2.0,Illinois,Approach,Medium,No Cloud,Unknown bird - medium,False,3000,True,2007,5,CHICAGO MIDWAY INTL ARPT,41.785999,-87.752403,620.0,8.607490552607114,IL,KORD_Chicago,8.35,85.0,8.45,13.3,0.0,1011.05,1,Medium,1
Airplane,"(50, 100]",1,1,2007-05-14,2.0,New York,Approach,Medium,No Cloud,Unknown bird - medium,False,100,False,2007,5,JOHN F KENNEDY INTL,40.639447,-73.779317,13.0,285.81600722845906,NY,KJFK_New_York,9.85,87.5,13.15,12.3,0.0,1009.55,1,Medium,1
Airplane,"(50, 100]",1,1,2007-05-14,2.0,New York,Approach,Small,No Cloud,Unknown bird - small,False,100,False,2007,5,JOHN F KENNEDY INTL,40.639447,-73.779317,13.0,285.81600722845906,NY,KJFK_New_York,9.85,87.5,13.15,12.3,0.0,1009.55,1,Medium,1
Airplane,"(1000, 2000]",1,1,2007-05-14,2.0,New York,Approach,Medium,Some Cloud,Unknown bird - medium,True,2000,True,2007,5,LONG ISLAND MAC ARTHUR,40.796324,-73.101703,99.0,292.8807816425768,NY,KJFK_New_York,9.85,87.5,13.15,12.3,0.0,1009.55,1,Low,0
Airplane,"(-1, 0]",1,1,2007-05-17,2.0,Colorado,Landing Roll,Small,Some Cloud,Unknown bird - small,False,0,False,2007,5,DENVER INTL AIRPORT,39.52920150756836,-104.65799713134766,6295.0,27.573111187238812,CO,KDEN_Denver,8.1,44.0,12.6,14.65,1.1,1015.05,1,High,2
Airplane,"(600, 1000]",1,1,2007-05-17,2.0,Illinois,Climb,Medium,Some Cloud,Unknown bird - medium,True,800,False,2007,5,CHICAGO O'HARE INTL ARPT,41.9786,-87.9048,680.0,4.16460023622371,IL,KORD_Chicago,23.3,83.5,13.85,14.4,0.0,1010.5,1,Medium,1
Airplane,"(-1, 0]",1,1,2007-05-17,2.0,Colorado,Take-off run,Small,No Cloud,Unknown bird - small,False,0,False,2007,5,DENVER INTL AIRPORT,39.52920150756836,-104.65799713134766,6295.0,27.573111187238812,CO,KDEN_Denver,8.1,44.0,12.6,14.65,1.1,1015.05,1,High,2
Airplane,"(600, 1000]",1,1,2007-05-21,2.0,Illinois,Approach,Medium,Some Cloud,Unknown bird - medium,False,800,True,2007,5,CHICAGO MIDWAY INTL ARPT,41.785999,-87.752403,620.0,8.607490552607114,IL,KORD_Chicago,0.5,68.0,11.35,15.85,1.8,1020.35,1,Medium,1
Airplane,"(30, 50]",1,1,2007-05-21,2.0,Illinois,Approach,Small,No Cloud,Common nighthawk,True,50,True,2007,5,CHICAGO O'HARE INTL ARPT,41.9786,-87.9048,680.0,4.16460023622371,IL,KORD_Chicago,0.5,68.0,11.35,15.85,1.8,1020.35,1,Medium,1
Airplane,"(30, 50]",1,1,2007-05-21,2.0,Illinois,Approach,Large,No Cloud,Unknown bird - large,True,50,False,2007,5,DUPAGE AIRPORT,41.90779877,-88.24859619,759.0,32.15621751349237,IL,KORD_Chicago,0.5,68.0,11.35,15.85,1.8,1020.35,1,Medium,1
Airplane,"(-1, 0]",1,1,2007-05-21,2.0,Colorado,Take-off run,Small,No Cloud,Unknown bird - small,False,0,False,2007,5,DENVER INTL AIRPORT,39.52920150756836,-104.65799713134766,6295.0,27.573111187238812,CO,KDEN_Denver,7.3,77.0,10.55,11.1,0.6,1009.15,1,High,2
Airplane,"(-1, 0]",1,1,2007-05-22,2.0,New York,Take-off run,Small,No Cloud,Unknown bird - small,False,0,True,2007,5,LAGUARDIA NY,40.777199,-73.872597,21.0,268.82670826154464,NY,KJFK_New_York,-3.5,56.0,14.95,11.3,0.0,1005.2,1,Medium,1
Airplane,"(50, 100]",1,1,2007-05-24,2.0,New York,Approach,Large,No Cloud,Black vulture,False,100,False,2007,5,JOHN F KENNEDY INTL,40.639447,-73.779317,13.0,285.81600722845906,NY,KJFK_New_York,4.666666666666667,81.33333333333333,11.233333333333334,14.766666666666667,1.4,1005.3666666666668,1,Medium,1
Airplane,"(100, 200]",1,1,2007-05-27,2.0,New York,Approach,Small,No Cloud,Unknown bird - small,False,200,False,2007,5,JOHN F KENNEDY INTL,40.639447,-73.779317,13.0,285.81600722845906,NY,KJFK_New_York,17.65,87.5,11.6,16.1,1.2,1001.1,1,Low,0
Airplane,"(1000, 2000]",1,1,2007-05-27,2.0,New York,Approach,Small,Overcast,Yellow-rumped warbler,False,2000,False,2007,5,JOHN F KENNEDY INTL,40.639447,-73.779317,13.0,285.81600722845906,NY,KJFK_New_York,17.65,87.5,11.6,16.1,1.2,1001.1,1,Low,0
Airplane,"(400, 600]",1,1,2007-05-28,2.0,Illinois,Approach,Small,No Cloud,Unknown bird - small,False,450,False,2007,5,CHICAGO O'HARE INTL ARPT,41.9786,-87.9048,680.0,4.16460023622371,IL,KORD_Chicago,19.2,82.0,6.699999999999999,12.7,0.0,1012.15,1,Low,0
Airplane,"(-1, 0]",1,1,2007-05-29,2.0,Illinois,Take-off run,Medium,No Cloud,Red-tailed hawk,True,0,True,2007,5,CHICAGO O'HARE INTL ARPT,41.9786,-87.9048,680.0,4.16460023622371,IL,KORD_Chicago,13.45,77.5,15.5,12.45,0.0,1017.15,1,High,2
Airplane,"(-1, 0]",1,1,2007-06-05,2.0,Illinois,Take-off run,Small,No Cloud,American kestrel,True,0,False,2007,6,BLOOMINGTON/NORMAL,40.4771,-88.915901,871.0,9.96741417120628,IL,KORD_Chicago,14.15,94.5,12.75,14.0,0.0,1010.05,1,High,2
Airplane,"(0, 10]",1,1,2007-06-07,2.0,New York,Approach,Small,No Cloud,Unknown bird - small,True,10,False,2007,6,LAGUARDIA NY,40.777199,-73.872597,21.0,268.82670826154464,NY,KJFK_New_York,15.6,85.5,3.45,15.65,0.0,1013.8,1,Low,0
Airplane,"(-1, 0]",1,1,2007-06-10,2.0,Colorado,Landing Roll,Small,No Cloud,Unknown bird - small,False,0,False,2007,6,DENVER INTL AIRPORT,39.52920150756836,-104.65799713134766,6295.0,27.573111187238812,CO,KDEN_Denver,19.3,67.0,7.833333333333333,15.066666666666668,2.8,1018.1,1,High,2
Airplane,"(50, 100]",1,1,2007-06-14,2.0,New York,Approach,Large,Overcast,Osprey,True,100,False,2007,6,JOHN F KENNEDY INTL,40.639447,-73.779317,13.0,285.81600722845906,NY,KJFK_New_York,10.3,64.0,4.8,13.25,0.0,1017.85,1,Medium,1
Airplane,"(10, 30]",1,1,2007-06-19,2.0,Colorado,Climb,Small,No Cloud,Unknown bird - small,False,30,False,2007,6,DENVER INTL AIRPORT,39.52920150756836,-104.65799713134766,6295.0,27.573111187238812,CO,KDEN_Denver,18.950000000000003,37.5,12.85,13.15,0.0,1014.5,1,Medium,1
Airplane,"(-1, 0]",1,1,2007-06-21,2.0,Colorado,Landing Roll,Small,No Cloud,Unknown bird - small,False,0,False,2007,6,DENVER INTL AIRPORT,39.52920150756836,-104.65799713134766,6295.0,27.573111187238812,CO,KDEN_Denver,12.133333333333333,60.0,12.166666666666666,10.666666666666666,0.0,1019.1333333333332,1,High,2
Airplane,"(30, 50]",1,1,2007-06-21,2.0,Illinois,Approach,Medium,Some Cloud,Ring-billed gull,True,50,True,2007,6,CHICAGO MIDWAY INTL ARPT,41.785999,-87.752403,620.0,8.607490552607114,IL,KORD_Chicago,12.7,71.33333333333333,8.9,10.9,4.8,1008.3666666666668,1,High,2
Airplane,"(200, 400]",1,1,2007-06-21,2.0,New York,Approach,Small,Some Cloud,Laughing gull,True,400,True,2007,6,JOHN F KENNEDY INTL,40.639447,-73.779317,13.0,285.81600722845906,NY,KJFK_New_York,14.066666666666668,50.0,10.233333333333333,13.766666666666666,0.0,1010.3,1,Low,0
Airplane,"(-1, 0]",1,1,2007-06-22,2.0,Colorado,Landing Roll,Medium,No Cloud,Unknown bird - medium,False,0,True,2007,6,DENVER INTL AIRPORT,39.52920150756836,-104.65799713134766,6295.0,27.573111187238812,CO,KDEN_Denver,9.25,76.5,16.2,9.5,0.0,1012.1,1,High,2
Airplane,"(50, 100]",1,1,2007-06-23,2.0,Illinois,Approach,Small,Overcast,Unknown bird - small,True,100,False,2007,6,QUAD CITY ARPT,39.6431007385,-89.14450073239999,630.0,33.991848342153304,IL,KORD_Chicago,27.200000000000003,87.0,15.5,12.25,0.0,1013.55,1,Medium,1
Airplane,"(-1, 0]",1,1,2007-06-24,2.0,New York,Landing Roll,Small,No Cloud,Unknown bird - small,True,0,False,2007,6,LONG ISLAND MAC ARTHUR,40.796324,-73.101703,99.0,292.8807816425768,NY,KJFK_New_York,18.2,90.0,7.85,15.8,0.2,1012.3,1,Medium,1
Airplane,"(5000, 18000]",1,1,2007-06-24,2.0,Illinois,Descent,Medium,No Cloud,Unknown bird - medium,False,14400,True,2007,6,CHICAGO MIDWAY INTL ARPT,41.785999,-87.752403,620.0,8.607490552607114,IL,KORD_Chicago,20.3,84.0,1.4,12.65,0.0,1021.1,1,Low,0
Airplane,"(-1, 0]",1,1,2007-06-25,2.0,New York,Landing Roll,Small,No Cloud,Unknown bird - small,True,0,False,2007,6,BUFFALO-NIAGARA INTL,42.940498,-78.732201,728.0,16.688896633415297,NY,KJFK_New_York,22.700000000000003,84.0,7.649999999999999,14.35,0.0,1014.65,1,High,2
Airplane,"(50, 100]",1,1,2007-06-26,2.0,Illinois,Approach,Small,Some Cloud,Unknown bird - small,False,100,False,2007,6,GREATER PEORIA REGIONAL ARPT,38.812906,-106.120062,7946.0,1287.5633843304047,IL,KORD_Chicago,16.966666666666665,79.66666666666667,8.566666666666666,15.6,0.9,1014.6,1,Low,0
Airplane,"(-1, 0]",1,1,2007-06-26,2.0,Illinois,Take-off run,Small,No Cloud,Unknown bird - small,True,0,False,2007,6,CHICAGO O'HARE INTL ARPT,41.9786,-87.9048,680.0,4.16460023622371,IL,KORD_Chicago,16.966666666666665,79.66666666666667,8.566666666666666,15.6,0.9,1014.6,1,Medium,1
Airplane,"(-1, 0]",1,1,2007-06-27,1.0,Illinois,Take-off run,Small,Some Cloud,Unknown bird - small,False,0,False,2007,6,UNIV OF ILLINOIS -WILLARD ARPT,40.039819,-88.276249,755.0,25.148499963897123,IL,KORD_Chicago,7.449999999999999,81.5,4.1,12.2,0.0,1013.95,1,Medium,1
Airplane,"(-1, 0]",1,1,2007-06-28,2.0,Colorado,Landing Roll,Small,No Cloud,Unknown bird - small,False,0,False,2007,6,DENVER INTL AIRPORT,39.52920150756836,-104.65799713134766,6295.0,27.573111187238812,CO,KDEN_Denver,9.95,74.0,13.3,15.35,0.0,1014.45,1,High,2
Airplane,"(-1, 0]",1,1,2007-06-28,2.0,Colorado,Take-off run,Small,No Cloud,Unknown bird - small,False,0,False,2007,6,DENVER INTL AIRPORT,39.52920150756836,-104.65799713134766,6295.0,27.573111187238812,CO,KDEN_Denver,9.95,74.0,13.3,15.35,0.0,1014.45,1,Medium,1
Airplane,"(200, 400]",1,1,2007-06-30,2.0,Illinois,Approach,Small,Some Cloud,Unknown bird - small,True,300,True,2007,6,CHICAGO MIDWAY INTL ARPT,41.785999,-87.752403,620.0,8.607490552607114,IL,KORD_Chicago,17.8,79.5,16.95,14.7,2.3,1018.8,1,Medium,1
Airplane,"(-1, 0]",1,1,2007-07-01,2.0,New York,Take-off run,Small,No Cloud,Unknown bird - small,False,0,True,2007,7,LAGUARDIA NY,40.777199,-73.872597,21.0,268.82670826154464,NY,KJFK_New_York,11.05,58.5,3.5,12.5,0.0,1012.85,1,Low,0
Airplane,"(-1, 0]",1,1,2007-07-02,2.0,New York,Landing Roll,Medium,Some Cloud,Ring-billed gull,False,0,False,2007,7,ELMIRA/CORNING MUNICIPAL,41.534901,-87.529503,620.0,649.5098008259092,NY,KJFK_New_York,20.366666666666667,57.0,17.166666666666668,15.833333333333334,0.0,1015.4666666666668,1,Medium,1
Airplane,"(30, 50]",1,1,2007-07-02,2.0,New York,Approach,Small,Some Cloud,Unknown bird - small,False,50,True,2007,7,BUFFALO-NIAGARA INTL,42.940498,-78.732201,728.0,16.688896633415297,NY,KJFK_New_York,20.366666666666667,57.0,17.166666666666668,15.833333333333334,0.0,1015.4666666666668,1,Medium,1
Airplane,"(400, 600]",1,1,2007-07-04,2.0,Colorado,Approach,Medium,No Cloud,Unknown bird - medium,False,500,True,2007,7,DENVER INTL AIRPORT,39.52920150756836,-104.65799713134766,6295.0,27.573111187238812,CO,KDEN_Denver,2.8000000000000003,46.0,22.5,11.35,0.1,1012.8,1,High,2
Airplane,"(-1, 0]",1,1,2007-07-06,2.0,Illinois,Landing Roll,Small,No Cloud,Unknown bird - small,True,0,True,2007,7,CHICAGO MIDWAY INTL ARPT,41.785999,-87.752403,620.0,8.607490552607114,IL,KORD_Chicago,10.75,85.0,23.4,12.6,0.0,1022.2,1,High,2
Airplane,"(50, 100]",1,1,2007-07-06,2.0,New York,Climb,Small,Overcast,Unknown bird - small,True,100,False,2007,7,WESTCHESTER COUNTY ARPT,41.06700134277344,-73.70760345458984,439.0,243.3503200617849,NY,KJFK_New_York,5.15,93.0,6.25,15.2,0.0,1009.7,1,Low,0
Airplane,"(50, 100]",1,1,2007-07-07,2.0,New York,Approach,Medium,No Cloud,Unknown bird - medium,True,100,True,2007,7,LAGUARDIA NY,40.777199,-73.872597,21.0,268.82670826154464,NY,KJFK_New_York,12.266666666666666,69.33333333333333,7.899999999999999,15.266666666666667,0.0,1017.7333333333332,1,Low,0
Airplane,"(200, 400]",1,1,2007-07-07,2.0,Illinois,Approach,Medium,No Cloud,Unknown bird - medium,True,300,True,2007,7,CHICAGO O'HARE INTL ARPT,41.9786,-87.9048,680.0,4.16460023622371,IL,KORD_Chicago,21.46666666666667,89.66666666666667,22.133333333333336,12.7,0.0,1022.5666666666666,1,High,2
Airplane,"(10, 30]",1,1,2007-07-09,2.0,Illinois,Approach,Small,No Cloud,Killdeer,True,15,False,2007,7,QUAD CITY ARPT,39.6431007385,-89.14450073239999,630.0,33.991848342153304,IL,KORD_Chicago,11.45,56.5,14.1,16.0,2.0,1013.45,1,Medium,1
Airplane,"(-1, 0]",1,1,2007-07-13,2.0,Illinois,Take-off run,Small,No Cloud,Unknown bird - small,False,0,True,2007,7,CHICAGO MIDWAY INTL ARPT,41.785999,-87.752403,620.0,8.607490552607114,IL,KORD_Chicago,7.433333333333334,54.333333333333336,3.8333333333333335,14.633333333333336,0.0,1014.0333333333332,1,Low,0
Airplane,"(-1, 0]",1,1,2007-07-13,2.0,Colorado,Take-off run,Small,Some Cloud,Unknown bird - small,False,0,True,2007,7,DENVER INTL AIRPORT,39.52920150756836,-104.65799713134766,6295.0,27.573111187238812,CO,KDEN_Denver,21.2,72.66666666666667,16.5,15.5,0.0,1017.9,1,Medium,1
Airplane,"(10, 30]",1,1,2007-07-13,2.0,Colorado,Climb,Small,No Cloud,Unknown bird - small,True,20,True,2007,7,DENVER INTL AIRPORT,39.52920150756836,-104.65799713134766,6295.0,27.573111187238812,CO,KDEN_Denver,21.2,72.66666666666667,16.5,15.5,0.0,1017.9,1,Medium,1
Airplane,"(200, 400]",1,1,2007-07-13,2.0,Illinois,Climb,Small,Some Cloud,Unknown bird - small,True,400,True,2007,7,CHICAGO MIDWAY INTL ARPT,41.785999,-87.752403,620.0,8.607490552607114,IL,KORD_Chicago,7.433333333333334,54.333333333333336,3.8333333333333335,14.633333333333336,0.0,1014.0333333333332,1,Low,0
Airplane,"(-1, 0]",1,1,2007-07-14,2.0,Illinois,Landing Roll,Small,No Cloud,Killdeer,True,0,False,2007,7,QUAD CITY ARPT,39.6431007385,-89.14450073239999,630.0,33.991848342153304,IL,KORD_Chicago,10.6,38.5,5.25,14.25,0.0,1021.5,1,Medium,1
Airplane,"(-1, 0]",1,1,2007-07-14,2.0,New York,Take-off run,Small,No Cloud,Unknown bird - small,True,0,True,2007,7,LONG ISLAND MAC ARTHUR,40.796324,-73.101703,99.0,292.8807816425768,NY,KJFK_New_York,8.2,68.0,6.95,10.5,0.0,1022.7,1,Low,0
Airplane,"(1000, 2000]",1,1,2007-07-14,2.0,Illinois,Approach,Small,No Cloud,Unknown bird - small,False,1500,True,2007,7,CHICAGO MIDWAY INTL ARPT,41.785999,-87.752403,620.0,8.607490552607114,IL,KORD_Chicago,10.6,38.5,5.25,14.25,0.0,1021.5,1,Low,0
Airplane,"(-1, 0]",1,1,2007-07-16,2.0,Colorado,Take-off run,Small,No Cloud,Unknown bird - small,False,0,False,2007,7,DENVER INTL AIRPORT,39.52920150756836,-104.65799713134766,6295.0,27.573111187238812,CO,KDEN_Denver,6.3,31.5,10.55,15.55,0.9,1017.55,1,Medium,1
Airplane,"(-1, 0]",1,1,2007-07-16,2.0,Colorado,Take-off run,Small,Some Cloud,Unknown bird - small,False,0,False,2007,7,COLORADO SPRINGS MUNICIPAL,38.805801,-104.700996,6187.0,38.3672452711314,CO,KDEN_Denver,6.3,31.5,10.55,15.55,0.9,1017.55,1,Medium,1
Airplane,"(-1, 0]",1,1,2007-07-18,2.0,New York,Take-off run,Small,Some Cloud,Unknown bird - small,False,0,False,2007,7,EAST HAMPTON ARPT,40.959954,-72.25105,55.0,319.84235343585243,NY,KJFK_New_York,17.8,67.66666666666667,5.433333333333334,12.0,5.7,1009.1333333333332,1,Low,0
Airplane,"(-1, 0]",1,1,2007-07-19,2.0,Illinois,Take-off run,Medium,Overcast,Unknown bird - medium,True,0,False,2007,7,CHICAGO O'HARE INTL ARPT,41.9786,-87.9048,680.0,4.16460023622371,IL,KORD_Chicago,8.35,61.0,6.6,15.05,0.0,1012.65,1,Medium,1
Airplane,"(-1, 0]",1,1,2007-07-21,2.0,Illinois,Take-off run,Small,Some Cloud,Unknown bird - small,True,0,False,2007,7,CHICAGO O'HARE INTL ARPT,41.9786,-87.9048,680.0,4.16460023622371,IL,KORD_Chicago,20.45,63.0,11.4,15.1,5.9,1008.6,1,Medium,1
Airplane,"(-1, 0]",1,1,2007-07-21,2.0,Colorado,Take-off run,Small,No Cloud,Unknown bird - small,True,0,False,2007,7,DENVER INTL AIRPORT,39.52920150756836,-104.65799713134766,6295.0,27.573111187238812,CO,KDEN_Denver,17.25,79.5,26.3,11.45,6.699999999999999,1016.3,1,High,2
Airplane,"(50, 100]",1,1,2007-07-21,1.0,New York,Approach,Small,Some Cloud,European starling,True,100,False,2007,7,REPUBLIC AIRPORT,40.728576,-73.414267,82.0,287.70671637970247,NY,KJFK_New_York,16.05,75.5,20.15,16.1,0.6,1016.4,1,Low,0
Airplane,"(-1, 0]",1,1,2007-07-23,2.0,Colorado,Take-off run,Medium,No Cloud,Unknown bird - medium,False,0,False,2007,7,DURANGO-LA PLATA CO,37.151501,-107.753998,6685.0,266.94691621542705,CO,KDEN_Denver,16.45,68.0,5.9,14.65,0.0,1013.9,1,Low,0
Airplane,"(0, 10]",1,1,2007-07-24,2.0,Illinois,Approach,Small,No Cloud,Unknown bird - small,False,8,True,2007,7,GREATER ROCKFORD,42.1954,-89.097198,742.0,37.23938268045538,IL,KORD_Chicago,11.2,77.66666666666667,7.5,13.033333333333331,0.0,1011.7,1,Low,0
Airplane,"(10, 30]",1,1,2007-07-24,2.0,New York,Climb,Medium,Some Cloud,Herring gull,True,25,True,2007,7,JOHN F KENNEDY INTL,40.639447,-73.779317,13.0,285.81600722845906,NY,KJFK_New_York,14.9,72.33333333333333,9.733333333333333,12.300000000000002,3.4,1010.7333333333332,1,Medium,1
Airplane,"(-1, 0]",1,1,2007-07-24,1.0,Colorado,Landing Roll,Large,No Cloud,Unknown bird - large,False,0,False,2007,7,PUEBLO MEMORIAL ARPT,38.289101,-104.497002,4726.0,17.704292706523976,CO,KDEN_Denver,11.166666666666666,82.66666666666667,11.666666666666666,12.766666666666667,1.6,1013.6666666666666,1,High,2
Airplane,"(-1, 0]",1,1,2007-07-25,2.0,New York,Landing Roll,Small,No Cloud,Unknown bird - small,False,0,True,2007,7,LAGUARDIA NY,40.777199,-73.872597,21.0,268.82670826154464,NY,KJFK_New_York,-5.4,97.5,6.4,13.5,0.0,1010.4,1,Low,0
Airplane,"(-1, 0]",1,1,2007-07-26,2.0,New York,Take-off run,Large,Some Cloud,Black-tailed jackrabbit,True,0,False,2007,7,JOHN F KENNEDY INTL,40.639447,-73.779317,13.0,285.81600722845906,NY,KJFK_New_York,0.8999999999999999,58.5,15.4,11.45,0.0,1009.05,1,High,2
Airplane,"(-1, 0]",1,1,2007-07-26,2.0,New York,Landing Roll,Small,Some Cloud,Unknown bird - small,True,0,False,2007,7,JOHN F KENNEDY INTL,40.639447,-73.779317,13.0,285.81600722845906,NY,KJFK_New_York,0.8999999999999999,58.5,15.4,11.45,0.0,1009.05,1,Medium,1
Airplane,"(-1, 0]",1,1,2007-07-28,2.0,Colorado,Take-off run,Small,Some Cloud,Unknown bird - small,False,0,False,2007,7,DENVER INTL AIRPORT,39.52920150756836,-104.65799713134766,6295.0,27.573111187238812,CO,KDEN_Denver,15.35,69.0,11.3,14.05,0.0,1011.7,1,Medium,1
Airplane,"(-1, 0]",1,1,2007-07-28,2.0,New York,Take-off run,Small,Some Cloud,Unknown bird - small,True,0,False,2007,7,BUFFALO-NIAGARA INTL,42.940498,-78.732201,728.0,16.688896633415297,NY,KJFK_New_York,0.4000000000000001,59.0,4.25,9.2,0.4,1012.45,1,Medium,1
Airplane,"(-1, 0]",1,1,2007-07-30,2.0,Colorado,Take-off run,Medium,No Cloud,Unknown bird - medium,False,0,False,2007,7,DENVER INTL AIRPORT,39.52920150756836,-104.65799713134766,6295.0,27.573111187238812,CO,KDEN_Denver,14.7,52.5,4.35,16.1,0.0,1011.25,1,Medium,1
Airplane,"(-1, 0]",1,1,2007-08-01,1.0,Illinois,Take-off run,Small,No Cloud,Unknown bird - small,False,0,False,2007,8,AURORA MUNICIPAL ARPT,41.771900177,-88.47570037839999,712.0,24.244170734243923,IL,KORD_Chicago,9.3,46.0,19.15,11.6,0.0,1017.75,1,High,2
Airplane,"(400, 600]",1,1,2007-08-01,2.0,Illinois,Approach,Small,No Cloud,Unknown bird - small,False,600,True,2007,8,CHICAGO MIDWAY INTL ARPT,41.785999,-87.752403,620.0,8.607490552607114,IL,KORD_Chicago,9.3,46.0,19.15,11.6,0.0,1017.75,1,Medium,1
Airplane,"(50, 100]",1,1,2007-08-01,2.0,Illinois,Approach,Small,Some Cloud,Unknown bird - small,False,100,True,2007,8,CHICAGO MIDWAY INTL ARPT,41.785999,-87.752403,620.0,8.607490552607114,IL,KORD_Chicago,9.3,46.0,19.15,11.6,0.0,1017.75,1,High,2
Airplane,"(0, 10]",1,1,2007-08-02,2.0,New York,Approach,Small,No Cloud,Unknown bird - small,True,5,False,2007,8,ALBANY INTL,42.748299,-73.801697,285.0,94.50065050780267,NY,KJFK_New_York,10.45,62.0,8.2,14.05,0.0,1014.25,1,Low,0
Airplane,"(200, 400]",1,1,2007-08-03,2.0,New York,Approach,Medium,No Cloud,Unknown bird - medium,True,400,False,2007,8,LAGUARDIA NY,40.777199,-73.872597,21.0,268.82670826154464,NY,KJFK_New_York,19.65,53.0,6.699999999999999,11.1,0.0,1016.4,1,Low,0
Airplane,"(-1, 0]",1,1,2007-08-04,2.0,Illinois,Landing Roll,Small,Overcast,Barn swallow,False,0,False,2007,8,CHICAGO O'HARE INTL ARPT,41.9786,-87.9048,680.0,4.16460023622371,IL,KORD_Chicago,17.400000000000002,55.0,7.400000000000001,15.533333333333331,0.0,1018.4333333333334,1,Medium,1
Airplane,"(-1, 0]",1,1,2007-08-08,2.0,New York,Landing Roll,Medium,No Cloud,Unknown bird - medium,False,0,True,2007,8,BUFFALO-NIAGARA INTL,42.940498,-78.732201,728.0,16.688896633415297,NY,KJFK_New_York,30.35,73.5,3.5,9.65,0.0,1017.5,1,High,2
Airplane,"(100, 200]",1,1,2007-08-08,2.0,Illinois,Climb,Small,Some Cloud,Unknown bird - small,False,170,True,2007,8,DECATUR ARPT,39.834598541259766,-88.8656997680664,682.0,6.314354564142257,IL,KORD_Chicago,15.1,74.5,17.1,10.7,0.0,1008.35,1,High,2
Airplane,"(-1, 0]",1,1,2007-08-08,2.0,New York,Landing Roll,Small,Some Cloud,Chipping sparrow,True,0,True,2007,8,BUFFALO-NIAGARA INTL,42.940498,-78.732201,728.0,16.688896633415297,NY,KJFK_New_York,30.35,73.5,3.5,9.65,0.0,1017.5,1,High,2
Airplane,"(3000, 5000]",1,1,2007-08-09,2.0,Illinois,Approach,Small,Some Cloud,Unknown bird - small,False,3400,True,2007,8,CHICAGO MIDWAY INTL ARPT,41.785999,-87.752403,620.0,8.607490552607114,IL,KORD_Chicago,13.0,55.0,9.666666666666666,13.166666666666666,0.0,1017.2,1,Low,0
Airplane,"(50, 100]",1,1,2007-08-13,2.0,New York,Approach,Small,Some Cloud,Unknown bird - small,False,100,False,2007,8,BUFFALO-NIAGARA INTL,42.940498,-78.732201,728.0,16.688896633415297,NY,KJFK_New_York,13.85,64.5,7.45,16.05,0.0,1009.8,1,Medium,1
Airplane,"(1000, 2000]",1,1,2007-08-14,2.0,New York,Approach,Medium,No Cloud,Unknown bird - medium,False,1500,True,2007,8,BUFFALO-NIAGARA INTL,42.940498,-78.732201,728.0,16.688896633415297,NY,KJFK_New_York,7.35,67.0,11.8,10.95,1.0,1008.4,1,High,2
Airplane,"(-1, 0]",1,1,2007-08-14,2.0,New York,Landing Roll,Small,No Cloud,Rock pigeon,True,0,False,2007,8,JOHN F KENNEDY INTL,40.639447,-73.779317,13.0,285.81600722845906,NY,KJFK_New_York,7.35,67.0,11.8,10.95,1.0,1008.4,1,High,2
Airplane,"(30, 50]",1,1,2007-08-15,1.0,New York,Climb,Small,Some Cloud,Unknown bird - small,False,40,False,2007,8,GENESEE COUNTY ARPT,43.0317,-78.167603,914.0,27.900182014746875,NY,KJFK_New_York,19.8,79.0,9.166666666666666,10.4,0.0,1019.5333333333332,1,Medium,1
Airplane,"(2000, 3000]",1,1,2007-08-15,2.0,Illinois,Approach,Small,Some Cloud,Unknown bird - small,False,3000,True,2007,8,CHICAGO MIDWAY INTL ARPT,41.785999,-87.752403,620.0,8.607490552607114,IL,KORD_Chicago,17.466666666666665,59.333333333333336,8.666666666666666,12.066666666666668,0.0,1011.5,1,Low,0
Airplane,"(10, 30]",1,1,2007-08-15,2.0,New York,Approach,Small,Some Cloud,Killdeer,False,20,False,2007,8,LAGUARDIA NY,40.777199,-73.872597,21.0,268.82670826154464,NY,KJFK_New_York,19.8,79.0,9.166666666666666,10.4,0.0,1019.5333333333332,1,Low,0
Airplane,"(-1, 0]",1,1,2007-08-15,2.0,Illinois,Landing Roll,Small,Overcast,Killdeer,True,0,False,2007,8,BLOOMINGTON/NORMAL,40.4771,-88.915901,871.0,9.96741417120628,IL,KORD_Chicago,17.466666666666665,59.333333333333336,8.666666666666666,12.066666666666668,0.0,1011.5,1,High,2
Airplane,"(100, 200]",1,1,2007-08-16,2.0,Illinois,Climb,Small,Some Cloud,Unknown bird - small,False,200,True,2007,8,CHICAGO MIDWAY INTL ARPT,41.785999,-87.752403,620.0,8.607490552607114,IL,KORD_Chicago,1.55,71.0,7.55,13.65,0.5,1004.7,1,Medium,1
Airplane,"(-1, 0]",1,1,2007-08-16,2.0,New York,Landing Roll,Small,Some Cloud,Unknown bird - small,False,0,False,2007,8,FLOYD BENNETT MEMORIAL,43.3412017822,-73.6102981567,328.0,104.30487108890428,NY,KJFK_New_York,1.75,81.5,7.1,12.1,0.1,1011.5,1,Medium,1
Airplane,"(400, 600]",1,1,2007-08-17,2.0,New York,Approach,Small,No Cloud,Unknown bird - small,False,500,True,2007,8,ALBANY INTL,42.748299,-73.801697,285.0,94.50065050780267,NY,KJFK_New_York,0.8,75.0,9.8,15.7,0.6,1015.45,1,Low,0
Airplane,"(-1, 0]",1,1,2007-08-18,2.0,Illinois,Landing Roll,Small,Overcast,Barn swallow,True,0,True,2007,8,CHICAGO O'HARE INTL ARPT,41.9786,-87.9048,680.0,4.16460023622371,IL,KORD_Chicago,15.3,68.0,11.05,9.8,0.0,1010.7,1,High,2
Airplane,"(-1, 0]",1,1,2007-08-21,2.0,Illinois,Take-off run,Small,Some Cloud,Unknown bird - small,False,0,True,2007,8,GREATER ROCKFORD,42.1954,-89.097198,742.0,37.23938268045538,IL,KORD_Chicago,11.35,67.5,15.7,10.5,0.0,1011.3,1,Medium,1
Airplane,"(600, 1000]",1,1,2007-08-21,2.0,New York,Approach,Medium,Overcast,Unknown bird - medium,False,1000,False,2007,8,LAGUARDIA NY,40.777199,-73.872597,21.0,268.82670826154464,NY,KJFK_New_York,2.7,79.5,10.1,11.8,0.5,1012.35,1,Low,0
Airplane,"(-1, 0]",1,1,2007-08-21,2.0,New York,Take-off run,Small,Overcast,Barn swallow,True,0,False,2007,8,JOHN F KENNEDY INTL,40.639447,-73.779317,13.0,285.81600722845906,NY,KJFK_New_York,2.7,79.5,10.1,11.8,0.5,1012.35,1,Medium,1
Airplane,"(100, 200]",1,1,2007-08-21,2.0,Colorado,Approach,Small,Some Cloud,Unknown bird - small,False,200,False,2007,8,DENVER INTL AIRPORT,39.52920150756836,-104.65799713134766,6295.0,27.573111187238812,CO,KDEN_Denver,14.5,83.5,11.9,13.15,0.6,1011.2,1,High,2
Airplane,"(-1, 0]",1,1,2007-08-22,2.0,New York,Take-off run,Medium,Overcast,Unknown bird - medium,True,0,True,2007,8,JOHN F KENNEDY INTL,40.639447,-73.779317,13.0,285.81600722845906,NY,KJFK_New_York,13.1,64.0,7.25,16.1,0.0,1019.4,1,Low,0
Airplane,"(2000, 3000]",1,1,2007-08-22,2.0,Illinois,Climb,Small,Some Cloud,Unknown bird - small,False,2400,True,2007,8,CHICAGO MIDWAY INTL ARPT,41.785999,-87.752403,620.0,8.607490552607114,IL,KORD_Chicago,16.1,69.0,10.6,12.3,0.0,1015.85,1,Low,0
Airplane,"(-1, 0]",1,1,2007-08-23,2.0,Illinois,Take-off run,Small,Some Cloud,Unknown bird - small,False,0,True,2007,8,DECATUR ARPT,39.834598541259766,-88.8656997680664,682.0,6.314354564142257,IL,KORD_Chicago,12.7,42.5,4.35,15.1,0.0,1009.45,1,Low,0
Airplane,"(5000, 18000]",1,1,2007-08-23,2.0,Colorado,Climb,Medium,Some Cloud,Unknown bird - medium,True,12000,False,2007,8,DENVER INTL AIRPORT,39.52920150756836,-104.65799713134766,6295.0,27.573111187238812,CO,KDEN_Denver,19.15,56.0,14.95,13.5,0.0,1014.3,1,Medium,1
Airplane,"(-1, 0]",1,1,2007-08-24,2.0,Illinois,Take-off run,Small,Overcast,Brown-headed cowbird,False,0,False,2007,8,CHICAGO O'HARE INTL ARPT,41.9786,-87.9048,680.0,4.16460023622371,IL,KORD_Chicago,16.7,81.5,25.6,16.1,1.4,1016.6,1,High,2
Airplane,"(-1, 0]",1,1,2007-08-24,2.0,Illinois,Landing Roll,Small,Overcast,Barn swallow,False,0,False,2007,8,CHICAGO O'HARE INTL ARPT,41.9786,-87.9048,680.0,4.16460023622371,IL,KORD_Chicago,16.7,81.5,25.6,16.1,1.4,1016.6,1,High,2
Airplane,"(400, 600]",1,1,2007-08-25,2.0,Colorado,Approach,Large,No Cloud,Unknown bird - large,False,500,True,2007,8,DENVER INTL AIRPORT,39.52920150756836,-104.65799713134766,6295.0,27.573111187238812,CO,KDEN_Denver,16.0,56.5,6.35,10.5,0.0,1017.55,1,Medium,1
Airplane,"(-1, 0]",1,1,2007-08-25,2.0,Colorado,Landing Roll,Small,No Cloud,Unknown bird - small,False,0,False,2007,8,DENVER INTL AIRPORT,39.52920150756836,-104.65799713134766,6295.0,27.573111187238812,CO,KDEN_Denver,16.0,56.5,6.35,10.5,0.0,1017.55,1,High,2
Airplane,"(200, 400]",1,1,2007-08-26,2.0,Illinois,Approach,Small,No Cloud,Unknown bird - small,False,300,False,2007,8,CHICAGO O'HARE INTL ARPT,41.9786,-87.9048,680.0,4.16460023622371,IL,KORD_Chicago,12.800000000000002,49.333333333333336,7.3,9.966666666666669,1.1,1019.9333333333334,1,Medium,1
Airplane,"(1000, 2000]",1,1,2007-08-26,2.0,New York,Approach,Small,Some Cloud,Unknown bird - small,False,2000,False,2007,8,SYRACUSE HANCOCK INTL,43.11119842529297,-76.1063003540039,421.0,30.07276586498391,NY,KJFK_New_York,9.266666666666667,56.0,11.533333333333331,15.1,0.0,1015.4333333333334,1,Low,0
Airplane,"(-1, 0]",1,1,2007-08-26,2.0,New York,Take-off run,Small,Some Cloud,Mourning dove,True,0,False,2007,8,JOHN F KENNEDY INTL,40.639447,-73.779317,13.0,285.81600722845906,NY,KJFK_New_York,9.266666666666667,56.0,11.533333333333331,15.1,0.0,1015.4333333333334,1,Low,0
Airplane,"(-1, 0]",1,1,2007-08-28,2.0,Colorado,Landing Roll,Small,Overcast,Unknown bird - small,False,0,False,2007,8,COLORADO SPRINGS MUNICIPAL,38.805801,-104.700996,6187.0,38.3672452711314,CO,KDEN_Denver,4.65,69.0,13.9,13.05,0.0,1017.5,1,High,2
Airplane,"(-1, 0]",1,1,2007-08-30,2.0,Illinois,Take-off run,Medium,Some Cloud,Unknown bird - medium,True,0,False,2007,8,CHICAGO O'HARE INTL ARPT,41.9786,-87.9048,680.0,4.16460023622371,IL,KORD_Chicago,9.1,33.0,6.5,12.8,0.6,1016.4,1,High,2
Airplane,"(-1, 0]",1,1,2007-08-30,2.0,Colorado,Take-off run,Small,Some Cloud,Unknown bird - small,False,0,False,2007,8,COLORADO SPRINGS MUNICIPAL,38.805801,-104.700996,6187.0,38.3672452711314,CO,KDEN_Denver,15.2,62.5,10.55,16.1,0.0,1010.25,1,Low,0
Airplane,"(-1, 0]",1,1,2007-08-30,2.0,Illinois,Take-off run,Small,Some Cloud,European starling,True,0,False,2007,8,CHICAGO O'HARE INTL ARPT,41.9786,-87.9048,680.0,4.16460023622371,IL,KORD_Chicago,9.1,33.0,6.5,12.8,0.6,1016.4,1,Medium,1
Airplane,"(3000, 5000]",1,1,2007-09-01,2.0,Colorado,Descent,Small,No Cloud,Unknown bird - small,False,4000,True,2007,9,DENVER INTL AIRPORT,39.52920150756836,-104.65799713134766,6295.0,27.573111187238812,CO,KDEN_Denver,10.15,78.5,7.649999999999999,12.1,0.0,1010.15,1,Low,0
Airplane,"(10, 30]",1,1,2007-09-02,2.0,New York,Approach,Small,No Cloud,Unknown bird - small,False,30,False,2007,9,LAGUARDIA NY,40.777199,-73.872597,21.0,268.82670826154464,NY,KJFK_New_York,10.05,78.0,9.05,13.55,0.1,1011.0,1,Low,0
Airplane,"(30, 50]",1,1,2007-09-03,2.0,Illinois,Approach,Small,Some Cloud,Unknown bird - small,False,50,False,2007,9,CHICAGO O'HARE INTL ARPT,41.9786,-87.9048,680.0,4.16460023622371,IL,KORD_Chicago,4.199999999999999,59.5,4.75,11.4,0.0,1004.7,1,Medium,1
Airplane,"(-1, 0]",1,1,2007-09-04,2.0,New York,Take-off run,Large,Some Cloud,Domestic cat,True,0,False,2007,9,BUFFALO-NIAGARA INTL,42.940498,-78.732201,728.0,16.688896633415297,NY,KJFK_New_York,11.9,63.0,10.15,15.25,0.0,1020.9,1,High,2
Airplane,"(600, 1000]",1,1,2007-09-04,2.0,Illinois,Approach,Small,No Cloud,Unknown bird - small,False,800,False,2007,9,CHICAGO O'HARE INTL ARPT,41.9786,-87.9048,680.0,4.16460023622371,IL,KORD_Chicago,14.75,54.0,4.5,16.1,0.5,1015.15,1,Low,0
Airplane,"(-1, 0]",1,1,2007-09-05,2.0,Colorado,Take-off run,Small,Overcast,European starling,False,0,False,2007,9,COLORADO SPRINGS MUNICIPAL,38.805801,-104.700996,6187.0,38.3672452711314,CO,KDEN_Denver,16.9,69.0,3.6,9.8,0.0,1004.55,1,Medium,1
Airplane,"(-1, 0]",1,1,2007-09-08,2.0,New York,Take-off run,Small,Overcast,Unknown bird - small,True,0,True,2007,9,BUFFALO-NIAGARA INTL,42.940498,-78.732201,728.0,16.688896633415297,NY,KJFK_New_York,13.95,72.5,11.4,13.2,0.0,1016.95,1,Medium,1
Airplane,"(2000, 3000]",1,1,2007-09-08,2.0,Illinois,Climb,Small,No Cloud,Unknown bird - small,False,3000,True,2007,9,CHICAGO MIDWAY INTL ARPT,41.785999,-87.752403,620.0,8.607490552607114,IL,KORD_Chicago,4.3,65.5,4.55,7.949999999999999,0.0,1015.2,1,Low,0
Airplane,"(-1, 0]",1,1,2007-09-10,2.0,Illinois,Landing Roll,Small,Some Cloud,Unknown bird - small,False,0,False,2007,9,GREATER ROCKFORD,42.1954,-89.097198,742.0,37.23938268045538,IL,KORD_Chicago,-9.1,78.5,12.05,10.25,1.7,1015.85,1,High,2
Airplane,"(200, 400]",1,1,2007-09-11,2.0,New York,Climb,Small,No Cloud,Unknown bird - small,False,300,False,2007,9,JOHN F KENNEDY INTL,40.639447,-73.779317,13.0,285.81600722845906,NY,KJFK_New_York,16.5,71.0,3.1666666666666665,8.799999999999999,0.0,1010.7333333333332,1,Low,0
Airplane,"(30, 50]",1,1,2007-09-12,2.0,New York,Approach,Small,No Cloud,Mourning dove,True,50,False,2007,9,BUFFALO-NIAGARA INTL,42.940498,-78.732201,728.0,16.688896633415297,NY,KJFK_New_York,2.25,53.5,6.550000000000001,12.2,0.0,1010.85,1,Medium,1
Airplane,"(-1, 0]",1,1,2007-09-13,1.0,Illinois,Take-off run,Small,No Cloud,American robin,True,0,False,2007,9,CHICAGO EXECUTIVE ARPT,42.114222,-87.901494,647.0,17.90602076675677,IL,KORD_Chicago,18.95,48.0,9.85,10.9,1.7,1012.0,1,High,2
Airplane,"(3000, 5000]",1,1,2007-09-14,2.0,Illinois,Descent,Medium,Some Cloud,Unknown bird - medium,False,3500,True,2007,9,CHICAGO MIDWAY INTL ARPT,41.785999,-87.752403,620.0,8.607490552607114,IL,KORD_Chicago,9.9,43.5,2.9,13.25,1.6,1001.3,1,Low,0
Airplane,"(-1, 0]",1,1,2007-09-15,1.0,Illinois,Take-off run,Small,No Cloud,Mourning dove,True,0,False,2007,9,ABRAHAM LINCOLN CAPITAL ARPT,39.844101,-89.677902,598.0,24.88369746449472,IL,KORD_Chicago,22.8,69.5,6.6,10.15,0.0,1019.0,1,Medium,1
Airplane,"(0, 10]",1,1,2007-09-15,2.0,New York,Approach,Small,No Cloud,American kestrel,True,10,False,2007,9,WESTCHESTER COUNTY ARPT,41.06700134277344,-73.70760345458984,439.0,243.3503200617849,NY,KJFK_New_York,9.35,54.0,21.9,10.8,0.0,1014.35,1,Medium,1
Airplane,"(30, 50]",1,1,2007-09-15,2.0,New York,Approach,Medium,Some Cloud,Ring-billed gull,False,50,False,2007,9,ELMIRA/CORNING MUNICIPAL,41.534901,-87.529503,620.0,649.5098008259092,NY,KJFK_New_York,9.35,54.0,21.9,10.8,0.0,1014.35,1,Medium,1
Airplane,"(-1, 0]",1,1,2007-09-15,2.0,New York,Landing Roll,Large,No Cloud,White-tailed deer,False,0,True,2007,9,GREATER ROCHESTER INTL,43.1189,-77.672401,559.0,27.86996070509405,NY,KJFK_New_York,9.35,54.0,21.9,10.8,0.0,1014.35,1,High,2
Airplane,"(3000, 5000]",1,1,2007-09-17,2.0,New York,Approach,Small,No Cloud,Swainson's thrush,False,4000,False,2007,9,LAGUARDIA NY,40.777199,-73.872597,21.0,268.82670826154464,NY,KJFK_New_York,13.433333333333332,76.33333333333333,5.900000000000001,15.2,0.0,1007.5333333333332,1,Low,0
Airplane,"(30, 50]",1,1,2007-09-19,2.0,Colorado,Climb,Medium,No Cloud,Unknown bird - medium,False,50,True,2007,9,DENVER INTL AIRPORT,39.52920150756836,-104.65799713134766,6295.0,27.573111187238812,CO,KDEN_Denver,21.65,63.0,10.45,13.95,0.0,1013.6,1,Medium,1
Airplane,"(30, 50]",1,1,2007-09-19,2.0,Colorado,Approach,Small,No Cloud,Unknown bird - small,False,50,False,2007,9,COLORADO SPRINGS MUNICIPAL,38.805801,-104.700996,6187.0,38.3672452711314,CO,KDEN_Denver,21.65,63.0,10.45,13.95,0.0,1013.6,1,Low,0
Airplane,"(-1, 0]",1,1,2007-09-19,2.0,Colorado,Take-off run,Small,No Cloud,Unknown bird - small,True,0,False,2007,9,DENVER INTL AIRPORT,39.52920150756836,-104.65799713134766,6295.0,27.573111187238812,CO,KDEN_Denver,21.65,63.0,10.45,13.95,0.0,1013.6,1,Medium,1
Airplane,"(600, 1000]",1,1,2007-09-20,2.0,Illinois,Approach,Small,No Cloud,Unknown bird - small,False,800,True,2007,9,CHICAGO MIDWAY INTL ARPT,41.785999,-87.752403,620.0,8.607490552607114,IL,KORD_Chicago,9.8,71.0,3.5,16.1,0.0,1019.5,1,Low,0
Airplane,"(-1, 0]",1,1,2007-09-20,2.0,New York,Landing Roll,Small,No Cloud,Black-bellied plover,True,0,True,2007,9,JOHN F KENNEDY INTL,40.639447,-73.779317,13.0,285.81600722845906,NY,KJFK_New_York,3.75,53.5,3.4,10.2,0.0,1016.65,1,Medium,1
Airplane,"(10, 30]",1,1,2007-09-21,2.0,Colorado,Approach,Small,No Cloud,Unknown bird - small,True,15,False,2007,9,DENVER INTL AIRPORT,39.52920150756836,-104.65799713134766,6295.0,27.573111187238812,CO,KDEN_Denver,13.9,51.5,2.7,15.25,6.3,1005.5,1,Low,0
Airplane,"(-1, 0]",1,1,2007-09-21,2.0,New York,Landing Roll,Medium,No Cloud,Herring gull,False,0,False,2007,9,LAGUARDIA NY,40.777199,-73.872597,21.0,268.82670826154464,NY,KJFK_New_York,11.25,39.5,11.0,14.9,1.8,1012.0,1,Medium,1
Airplane,"(-1, 0]",1,1,2007-09-21,2.0,Colorado,Landing Roll,Small,No Cloud,Unknown bird - small,False,0,False,2007,9,DENVER INTL AIRPORT,39.52920150756836,-104.65799713134766,6295.0,27.573111187238812,CO,KDEN_Denver,13.9,51.5,2.7,15.25,6.3,1005.5,1,Medium,1
Airplane,"(2000, 3000]",1,1,2007-09-22,2.0,Illinois,Climb,Small,No Cloud,Unknown bird - small,False,3000,True,2007,9,CHICAGO MIDWAY INTL ARPT,41.785999,-87.752403,620.0,8.607490552607114,IL,KORD_Chicago,18.566666666666663,68.33333333333333,7.833333333333333,13.2,0.6,1018.6666666666666,1,Low,0
Airplane,"(2000, 3000]",1,1,2007-09-23,2.0,Colorado,Approach,Small,Some Cloud,Unknown bird - small,False,2500,False,2007,9,DENVER INTL AIRPORT,39.52920150756836,-104.65799713134766,6295.0,27.573111187238812,CO,KDEN_Denver,2.1499999999999995,66.0,3.55,13.0,0.0,1011.45,1,Low,0
Airplane,"(600, 1000]",1,1,2007-09-24,2.0,New York,Climb,Small,No Cloud,Unknown bird - small,False,800,False,2007,9,JOHN F KENNEDY INTL,40.639447,-73.779317,13.0,285.81600722845906,NY,KJFK_New_York,17.05,79.0,6.2,15.1,0.0,1011.45,1,Low,0
Airplane,"(2000, 3000]",1,1,2007-09-26,2.0,Illinois,Approach,Medium,Some Cloud,Unknown bird - medium,True,2300,False,2007,9,QUAD CITY ARPT,39.6431007385,-89.14450073239999,630.0,33.991848342153304,IL,KORD_Chicago,1.7999999999999998,72.5,6.949999999999999,13.7,0.0,1014.9,1,Low,0
Airplane,"(3000, 5000]",1,1,2007-09-27,2.0,Illinois,Descent,Small,Some Cloud,Unknown bird - small,True,4000,True,2007,9,CHICAGO MIDWAY INTL ARPT,41.785999,-87.752403,620.0,8.607490552607114,IL,KORD_Chicago,20.4,91.0,9.35,13.25,1.5,1013.15,1,Low,0
Airplane,"(-1, 0]",1,1,2007-09-27,2.0,Colorado,Landing Roll,Small,No Cloud,Unknown bird - small,False,0,False,2007,9,DENVER INTL AIRPORT,39.52920150756836,-104.65799713134766,6295.0,27.573111187238812,CO,KDEN_Denver,10.95,56.0,27.700000000000003,12.75,2.2,1010.95,1,High,2
Airplane,"(600, 1000]",1,1,2007-09-28,2.0,Colorado,Approach,Small,No Cloud,Unknown bird - small,True,1000,False,2007,9,DENVER INTL AIRPORT,39.52920150756836,-104.65799713134766,6295.0,27.573111187238812,CO,KDEN_Denver,16.6,75.33333333333333,5.933333333333334,14.1,0.0,1009.7333333333332,1,Low,0
Airplane,"(-1, 0]",1,1,2007-09-28,2.0,New York,Landing Roll,Medium,Overcast,Ring-billed gull,True,0,False,2007,9,BUFFALO-NIAGARA INTL,42.940498,-78.732201,728.0,16.688896633415297,NY,KJFK_New_York,9.999999999999998,71.33333333333333,9.533333333333331,11.133333333333333,0.0,1016.6333333333332,1,High,2
Airplane,"(2000, 3000]",1,1,2007-09-29,2.0,New York,Approach,Medium,Some Cloud,Unknown bird - medium,False,2900,False,2007,9,LAGUARDIA NY,40.777199,-73.872597,21.0,268.82670826154464,NY,KJFK_New_York,10.75,53.5,10.0,12.55,3.2,1017.8,1,Low,0
Airplane,"(-1, 0]",1,1,2007-10-01,2.0,Colorado,Take-off run,Medium,No Cloud,Unknown bird - medium,False,0,False,2007,10,DURANGO-LA PLATA CO,37.151501,-107.753998,6685.0,266.94691621542705,CO,KDEN_Denver,20.75,93.5,4.1000000000000005,14.75,2.2,1016.55,1,Low,0
Airplane,"(2000, 3000]",1,1,2007-10-01,2.0,Colorado,Approach,Small,No Cloud,Unknown bird - small,False,2500,True,2007,10,DENVER INTL AIRPORT,39.52920150756836,-104.65799713134766,6295.0,27.573111187238812,CO,KDEN_Denver,20.75,93.5,4.1000000000000005,14.75,2.2,1016.55,1,Low,0
Airplane,"(3000, 5000]",1,1,2007-10-03,2.0,Illinois,Approach,Small,No Cloud,Unknown bird - small,False,3900,True,2007,10,CHICAGO MIDWAY INTL ARPT,41.785999,-87.752403,620.0,8.607490552607114,IL,KORD_Chicago,8.700000000000001,70.33333333333333,7.666666666666667,14.133333333333336,0.0,1014.7333333333332,1,Low,0
Airplane,"(0, 10]",1,1,2007-10-03,2.0,Illinois,Approach,Small,No Cloud,Unknown bird - small,True,10,False,2007,10,DUPAGE AIRPORT,41.90779877,-88.24859619,759.0,32.15621751349237,IL,KORD_Chicago,8.700000000000001,70.33333333333333,7.666666666666667,14.133333333333336,0.0,1014.7333333333332,1,Low,0
Airplane,"(-1, 0]",1,1,2007-10-07,2.0,Illinois,Take-off run,Large,Some Cloud,Great horned owl,False,0,False,2007,10,CHICAGO O'HARE INTL ARPT,41.9786,-87.9048,680.0,4.16460023622371,IL,KORD_Chicago,15.3,62.5,22.9,13.45,0.0,1010.25,1,High,2
Airplane,"(3000, 5000]",1,1,2007-10-09,2.0,Illinois,Climb,Small,No Cloud,Unknown bird - small,False,4000,True,2007,10,CHICAGO MIDWAY INTL ARPT,41.785999,-87.752403,620.0,8.607490552607114,IL,KORD_Chicago,2.566666666666667,54.66666666666666,15.0,15.6,0.3,1011.1333333333332,1,Low,0
Airplane,"(200, 400]",1,1,2007-10-13,2.0,New York,Approach,Small,No Cloud,Unknown bird - small,False,300,False,2007,10,LAGUARDIA NY,40.777199,-73.872597,21.0,268.82670826154464,NY,KJFK_New_York,17.95,89.5,4.95,16.1,0.0,1008.95,1,Low,0
Airplane,"(50, 100]",1,1,2007-10-13,2.0,New York,Climb,Small,No Cloud,Unknown bird - small,False,100,True,2007,10,LAGUARDIA NY,40.777199,-73.872597,21.0,268.82670826154464,NY,KJFK_New_York,17.95,89.5,4.95,16.1,0.0,1008.95,1,Low,0
Airplane,"(30, 50]",1,1,2007-10-16,2.0,Colorado,Approach,Small,No Cloud,Unknown bird - small,False,50,True,2007,10,DENVER INTL AIRPORT,39.52920150756836,-104.65799713134766,6295.0,27.573111187238812,CO,KDEN_Denver,13.4,56.5,20.6,13.5,0.0,1013.5,1,Medium,1
Airplane,"(0, 10]",1,1,2007-10-17,2.0,Illinois,Approach,Small,Some Cloud,Unknown bird - small,True,10,False,2007,10,QUAD CITY ARPT,39.6431007385,-89.14450073239999,630.0,33.991848342153304,IL,KORD_Chicago,4.35,86.0,4.25,15.4,0.0,1011.6,1,Low,0
Airplane,"(100, 200]",1,1,2007-10-18,2.0,Illinois,Approach,Small,No Cloud,Rock pigeon,True,200,True,2007,10,CHICAGO MIDWAY INTL ARPT,41.785999,-87.752403,620.0,8.607490552607114,IL,KORD_Chicago,23.0,94.0,5.5,14.0,1.5,1024.45,1,Medium,1
Airplane,"(400, 600]",1,1,2007-10-19,2.0,Colorado,Approach,Small,No Cloud,Unknown bird - small,True,500,True,2007,10,DENVER INTL AIRPORT,39.52920150756836,-104.65799713134766,6295.0,27.573111187238812,CO,KDEN_Denver,14.0,56.0,1.95,12.2,0.0,1006.95,1,Low,0
Airplane,"(-1, 0]",1,1,2007-10-20,2.0,New York,Landing Roll,Small,No Cloud,Barn owl,True,0,False,2007,10,JOHN F KENNEDY INTL,40.639447,-73.779317,13.0,285.81600722845906,NY,KJFK_New_York,7.133333333333333,58.66666666666666,22.2,12.733333333333334,0.0,1019.9666666666668,1,Medium,1
Airplane,"(5000, 18000]",1,1,2007-10-23,2.0,Illinois,Climb,Small,No Cloud,Unknown bird - small,False,7500,False,2007,10,CHICAGO O'HARE INTL ARPT,41.9786,-87.9048,680.0,4.16460023622371,IL,KORD_Chicago,17.75,35.0,12.6,13.85,0.0,1011.6,1,Medium,1
Airplane,"(2000, 3000]",1,1,2007-10-24,2.0,New York,Approach,Large,No Cloud,Unknown bird - large,False,3000,True,2007,10,ALBANY INTL,42.748299,-73.801697,285.0,94.50065050780267,NY,KJFK_New_York,3.2,62.5,9.95,15.75,0.0,1013.4,1,Low,0
Airplane,"(3000, 5000]",1,1,2007-10-25,2.0,New York,Approach,Large,No Cloud,Unknown bird - large,False,4000,False,2007,10,LAGUARDIA NY,40.777199,-73.872597,21.0,268.82670826154464,NY,KJFK_New_York,13.966666666666669,67.66666666666667,4.833333333333333,14.2,0.0,1018.5666666666666,1,Low,0
Airplane,"(-1, 0]",1,1,2007-10-27,2.0,New York,Landing Roll,Medium,Overcast,Unknown bird - medium,True,0,False,2007,10,LONG ISLAND MAC ARTHUR,40.796324,-73.101703,99.0,292.8807816425768,NY,KJFK_New_York,-1.3500000000000003,65.5,6.15,14.3,3.3,1003.85,1,Medium,1
Airplane,"(2000, 3000]",1,1,2007-10-27,2.0,Illinois,Approach,Small,No Cloud,Unknown bird - small,False,2500,True,2007,10,CHICAGO MIDWAY INTL ARPT,41.785999,-87.752403,620.0,8.607490552607114,IL,KORD_Chicago,10.6,57.5,2.0,11.2,0.0,1017.35,1,Low,0
Airplane,"(-1, 0]",1,1,2007-10-29,2.0,Colorado,Take-off run,Small,Some Cloud,Unknown bird - small,False,0,False,2007,10,COLORADO SPRINGS MUNICIPAL,38.805801,-104.700996,6187.0,38.3672452711314,CO,KDEN_Denver,16.0,85.0,7.4,14.0,0.0,1010.7,1,Low,0
Airplane,"(-1, 0]",1,1,2007-10-30,2.0,Colorado,Take-off run,Small,Some Cloud,Unknown bird - small,True,0,True,2007,10,DENVER INTL AIRPORT,39.52920150756836,-104.65799713134766,6295.0,27.573111187238812,CO,KDEN_Denver,17.25,77.0,6.8,16.1,0.0,1003.5,1,Low,0
Airplane,"(-1, 0]",1,1,2007-10-31,2.0,Colorado,Take-off run,Small,No Cloud,Unknown bird - small,False,0,False,2007,10,DENVER INTL AIRPORT,39.52920150756836,-104.65799713134766,6295.0,27.573111187238812,CO,KDEN_Denver,11.2,82.33333333333333,12.066666666666668,12.8,0.0,1014.5333333333332,1,High,2
Airplane,"(30, 50]",1,1,2007-11-02,2.0,Colorado,Climb,Small,No Cloud,Unknown bird - small,False,50,False,2007,11,DENVER INTL AIRPORT,39.52920150756836,-104.65799713134766,6295.0,27.573111187238812,CO,KDEN_Denver,2.9,74.0,16.6,7.3,0.9,1016.3,1,High,2
Airplane,"(-1, 0]",1,1,2007-11-04,2.0,Illinois,Take-off run,Large,No Cloud,Coyote,True,0,False,2007,11,DUPAGE AIRPORT,41.90779877,-88.24859619,759.0,32.15621751349237,IL,KORD_Chicago,6.0,39.0,8.0,15.0,0.0,1005.55,1,Medium,1
Airplane,"(0, 10]",1,1,2007-11-04,2.0,Illinois,Approach,Small,Some Cloud,Short-eared owl,True,10,False,2007,11,CHICAGO O'HARE INTL ARPT,41.9786,-87.9048,680.0,4.16460023622371,IL,KORD_Chicago,6.0,39.0,8.0,15.0,0.0,1005.55,1,Medium,1
Airplane,"(-1, 0]",1,1,2007-11-05,2.0,Colorado,Landing Roll,Small,No Cloud,Unknown bird - small,False,0,False,2007,11,COLORADO SPRINGS MUNICIPAL,38.805801,-104.700996,6187.0,38.3672452711314,CO,KDEN_Denver,9.733333333333334,57.333333333333336,11.766666666666666,15.933333333333335,0.0,1002.3,1,Medium,1
Airplane,"(-1, 0]",1,1,2007-11-05,2.0,Colorado,Take-off run,Medium,No Cloud,Unknown bird - medium,True,0,False,2007,11,DENVER INTL AIRPORT,39.52920150756836,-104.65799713134766,6295.0,27.573111187238812,CO,KDEN_Denver,9.733333333333334,57.333333333333336,11.766666666666666,15.933333333333335,0.0,1002.3,1,High,2
Airplane,"(2000, 3000]",1,1,2007-11-05,2.0,Illinois,Approach,Medium,Overcast,American coot,False,2400,True,2007,11,CHICAGO O'HARE INTL ARPT,41.9786,-87.9048,680.0,4.16460023622371,IL,KORD_Chicago,8.533333333333333,58.66666666666666,15.8,15.066666666666668,7.4,1011.3,1,Medium,1
Airplane,"(-1, 0]",1,1,2007-11-06,2.0,Illinois,Take-off run,Small,Some Cloud,American kestrel,False,0,True,2007,11,CHICAGO MIDWAY INTL ARPT,41.785999,-87.752403,620.0,8.607490552607114,IL,KORD_Chicago,9.7,64.5,11.3,14.5,0.0,1011.75,1,Medium,1
Airplane,"(1000, 2000]",1,1,2007-11-07,2.0,New York,Approach,Large,Some Cloud,Common loon,False,2000,False,2007,11,STEWART INTL AIRPORT,41.85419845581055,-89.08760070800781,770.0,772.6270946133457,NY,KJFK_New_York,12.2,51.0,9.0,8.950000000000001,0.0,1018.95,1,Low,0
Airplane,"(200, 400]",1,1,2007-11-12,2.0,Illinois,Approach,Small,No Cloud,Unknown bird - small,False,400,True,2007,11,GREATER ROCKFORD,42.1954,-89.097198,742.0,37.23938268045538,IL,KORD_Chicago,17.799999999999997,78.5,8.4,15.75,0.0,1015.45,1,Low,0
Airplane,"(-1, 0]",1,1,2007-11-16,2.0,New York,Take-off run,Medium,Some Cloud,Unknown bird - medium,False,0,False,2007,11,JOHN F KENNEDY INTL,40.639447,-73.779317,13.0,285.81600722845906,NY,KJFK_New_York,14.7,59.66666666666666,12.066666666666668,12.8,0.3,1020.2,1,Medium,1
Airplane,"(200, 400]",1,1,2007-11-18,2.0,Illinois,Climb,Small,No Cloud,Rock pigeon,True,400,False,2007,11,QUAD CITY ARPT,39.6431007385,-89.14450073239999,630.0,33.991848342153304,IL,KORD_Chicago,17.1,84.0,7.800000000000001,14.75,3.6,1015.3,1,Low,0
Airplane,"(-1, 0]",1,1,2007-11-21,2.0,Illinois,Landing Roll,Small,Overcast,Mourning dove,True,0,True,2007,11,CHICAGO MIDWAY INTL ARPT,41.785999,-87.752403,620.0,8.607490552607114,IL,KORD_Chicago,14.9,61.5,8.399999999999999,14.35,0.0,1008.75,1,High,2
Airplane,"(-1, 0]",1,1,2007-11-23,2.0,New York,Take-off run,Medium,Some Cloud,Ring-billed gull,False,0,False,2007,11,ELMIRA/CORNING MUNICIPAL,41.534901,-87.529503,620.0,649.5098008259092,NY,KJFK_New_York,21.9,60.5,9.45,12.2,0.0,1007.1,1,Medium,1
Airplane,"(-1, 0]",1,1,2007-11-30,2.0,Illinois,Take-off run,Medium,No Cloud,Unknown bird - medium,True,0,False,2007,11,CHICAGO O'HARE INTL ARPT,41.9786,-87.9048,680.0,4.16460023622371,IL,KORD_Chicago,21.05,46.5,11.35,9.3,0.0,1017.65,1,High,2
Airplane,"(0, 10]",1,1,2007-12-05,2.0,Colorado,Approach,Small,No Cloud,Unknown bird - small,True,5,False,2007,12,DENVER INTL AIRPORT,39.52920150756836,-104.65799713134766,6295.0,27.573111187238812,CO,KDEN_Denver,11.0,51.5,5.6,11.25,0.0,1027.15,1,Medium,1
Airplane,"(400, 600]",1,1,2007-12-08,2.0,Colorado,Approach,Medium,Some Cloud,Unknown bird - medium,False,500,False,2007,12,DENVER INTL AIRPORT,39.52920150756836,-104.65799713134766,6295.0,27.573111187238812,CO,KDEN_Denver,10.3,78.0,15.366666666666667,13.633333333333336,0.0,1010.7333333333332,1,Medium,1
Airplane,"(-1, 0]",1,1,2007-12-09,2.0,Colorado,Take-off run,Small,Overcast,Unknown bird - small,False,0,False,2007,12,PUEBLO MEMORIAL ARPT,38.289101,-104.497002,4726.0,17.704292706523976,CO,KDEN_Denver,16.0,55.0,7.85,12.9,0.0,1012.3,1,Medium,1
Airplane,"(-1, 0]",1,1,2007-12-10,2.0,Colorado,Take-off run,Small,Some Cloud,Horned lark,True,0,False,2007,12,COLORADO SPRINGS MUNICIPAL,38.805801,-104.700996,6187.0,38.3672452711314,CO,KDEN_Denver,12.2,65.5,11.7,14.6,0.2,1017.25,1,Medium,1
Airplane,"(30, 50]",1,1,2007-12-10,2.0,Colorado,Climb,Small,No Cloud,Horned lark,False,50,False,2007,12,PUEBLO MEMORIAL ARPT,38.289101,-104.497002,4726.0,17.704292706523976,CO,KDEN_Denver,12.2,65.5,11.7,14.6,0.2,1017.25,1,Medium,1
Airplane,"(100, 200]",1,1,2007-12-10,2.0,Colorado,Approach,Small,No Cloud,Unknown bird - small,False,150,False,2007,12,DENVER INTL AIRPORT,39.52920150756836,-104.65799713134766,6295.0,27.573111187238812,CO,KDEN_Denver,12.2,65.5,11.7,14.6,0.2,1017.25,1,Medium,1
Airplane,"(-1, 0]",1,1,2007-12-12,2.0,Illinois,Take-off run,Medium,No Cloud,Rough-legged hawk,False,0,True,2007,12,CHICAGO O'HARE INTL ARPT,41.9786,-87.9048,680.0,4.16460023622371,IL,KORD_Chicago,13.35,50.5,11.55,11.55,2.4,1012.05,1,High,2
Airplane,"(-1, 0]",1,1,2007-12-24,2.0,New York,Landing Roll,Medium,Some Cloud,Unknown bird - medium,True,0,False,2007,12,WESTCHESTER COUNTY ARPT,41.06700134277344,-73.70760345458984,439.0,243.3503200617849,NY,KJFK_New_York,-5.4,40.0,6.25,14.65,2.3,1017.4,1,Medium,1
Airplane,"(50, 100]",1,1,2007-12-26,2.0,Colorado,Approach,Small,No Cloud,Unknown bird - small,False,100,False,2007,12,DENVER INTL AIRPORT,39.52920150756836,-104.65799713134766,6295.0,27.573111187238812,CO,KDEN_Denver,7.300000000000001,78.5,11.35,16.0,0.0,1019.35,1,Medium,1
Airplane,"(-1, 0]",1,1,2007-12-27,2.0,Colorado,Take-off run,Medium,Overcast,Unknown bird - medium,False,0,False,2007,12,DENVER INTL AIRPORT,39.52920150756836,-104.65799713134766,6295.0,27.573111187238812,CO,KDEN_Denver,4.2,80.5,9.55,11.7,0.0,1003.8,1,High,2
Airplane,"(-1, 0]",1,1,2007-12-30,2.0,Colorado,Landing Roll,Small,Some Cloud,Unknown bird - small,False,0,False,2007,12,DENVER INTL AIRPORT,39.52920150756836,-104.65799713134766,6295.0,27.573111187238812,CO,KDEN_Denver,10.466666666666669,64.66666666666667,11.166666666666666,14.366666666666667,0.0,1010.6666666666666,1,Medium,1
Airplane,"(-1, 0]",1,1,2007-12-30,2.0,Colorado,Take-off run,Small,No Cloud,Horned lark,True,0,False,2007,12,DENVER INTL AIRPORT,39.52920150756836,-104.65799713134766,6295.0,27.573111187238812,CO,KDEN_Denver,10.466666666666669,64.66666666666667,11.166666666666666,14.366666666666667,0.0,1010.6666666666666,1,Medium,1
Airplane,"(-1, 0]",1,1,2008-01-01,2.0,Colorado,Take-off run,Small,Some Cloud,Unknown bird - small,False,0,True,2008,1,DENVER INTL AIRPORT,39.52920150756836,-104.65799713134766,6295.0,27.573111187238812,CO,KDEN_Denver,14.35,68.5,17.15,14.2,0.5,1006.3,1,High,2
Airplane,"(-1, 0]",1,1,2008-01-02,2.0,New York,Landing Roll,Small,No Cloud,Unknown bird - small,False,0,False,2008,1,JOHN F KENNEDY INTL,40.639447,-73.779317,13.0,285.81600722845906,NY,KJFK_New_York,16.9,78.0,9.5,14.2,6.8,1015.35,1,Medium,1
Airplane,"(-1, 0]",1,1,2008-01-03,4.0,New York,Landing Roll,Small,Some Cloud,Short-eared owl,True,0,False,2008,1,JOHN F KENNEDY INTL,40.639447,-73.779317,13.0,285.81600722845906,NY,KJFK_New_York,15.1,54.0,16.7,11.65,0.0,1014.7,1,Medium,1
Airplane,"(-1, 0]",1,1,2008-01-06,2.0,Colorado,Take-off run,Small,Some Cloud,Unknown bird - small,True,0,False,2008,1,COLORADO SPRINGS MUNICIPAL,38.805801,-104.700996,6187.0,38.3672452711314,CO,KDEN_Denver,16.05,68.0,13.25,12.55,0.0,1016.35,1,Medium,1
Airplane,"(-1, 0]",1,1,2008-01-06,2.0,Colorado,Landing Roll,Small,Overcast,Unknown bird - small,False,0,False,2008,1,COLORADO SPRINGS MUNICIPAL,38.805801,-104.700996,6187.0,38.3672452711314,CO,KDEN_Denver,16.05,68.0,13.25,12.55,0.0,1016.35,1,High,2
Airplane,"(-1, 0]",1,1,2008-01-08,2.0,Colorado,Take-off run,Small,No Cloud,Horned lark,False,0,False,2008,1,COLORADO SPRINGS MUNICIPAL,38.805801,-104.700996,6187.0,38.3672452711314,CO,KDEN_Denver,1.65,61.5,7.5,16.1,3.6,1010.6,1,Medium,1
Airplane,"(-1, 0]",1,1,2008-01-08,1.0,Colorado,Take-off run,Small,No Cloud,Unknown bird - small,True,0,False,2008,1,PUEBLO MEMORIAL ARPT,38.289101,-104.497002,4726.0,17.704292706523976,CO,KDEN_Denver,1.65,61.5,7.5,16.1,3.6,1010.6,1,Medium,1
Airplane,"(100, 200]",1,1,2008-01-10,2.0,Colorado,Approach,Small,No Cloud,Unknown bird - small,False,200,True,2008,1,DENVER INTL AIRPORT,39.52920150756836,-104.65799713134766,6295.0,27.573111187238812,CO,KDEN_Denver,23.3,66.0,9.233333333333333,12.9,0.0,1012.2,1,Medium,1
Airplane,"(50, 100]",1,1,2008-01-23,1.0,Colorado,Climb,Small,No Cloud,Unknown bird - small,False,100,False,2008,1,PUEBLO MEMORIAL ARPT,38.289101,-104.497002,4726.0,17.704292706523976,CO,KDEN_Denver,9.35,83.5,4.5,11.25,0.0,1013.1,1,Medium,1
Airplane,"(30, 50]",1,1,2008-02-06,2.0,Colorado,Climb,Small,No Cloud,Horned lark,False,50,False,2008,2,FOWLER ARPT,38.0724983215332,-104.0459976196289,4428.0,43.49352315786575,CO,KDEN_Denver,-2.85,66.0,17.0,15.3,3.6,1015.85,1,Medium,1
Airplane,"(-1, 0]",1,1,2008-02-07,2.0,New York,Landing Roll,Small,Some Cloud,Horned lark,True,0,False,2008,2,JOHN F KENNEDY INTL,40.639447,-73.779317,13.0,285.81600722845906,NY,KJFK_New_York,9.066666666666666,57.0,15.733333333333334,11.4,0.0,1014.1,1,Medium,1
Airplane,"(-1, 0]",1,1,2008-02-08,2.0,Colorado,Landing Roll,Small,No Cloud,Unknown bird - small,True,0,False,2008,2,DENVER INTL AIRPORT,39.52920150756836,-104.65799713134766,6295.0,27.573111187238812,CO,KDEN_Denver,11.4,85.5,7.8,9.2,0.0,1012.25,1,High,2
Airplane,"(-1, 0]",1,1,2008-02-13,2.0,New York,Take-off run,Small,Overcast,Barn owl,True,0,False,2008,2,JOHN F KENNEDY INTL,40.639447,-73.779317,13.0,285.81600722845906,NY,KJFK_New_York,10.65,37.0,6.4,8.05,6.1,1017.45,1,Low,0
Airplane,"(0, 10]",1,1,2008-02-28,2.0,Illinois,Approach,Medium,Some Cloud,Red-tailed hawk,False,3,False,2008,2,CHICAGO O'HARE INTL ARPT,41.9786,-87.9048,680.0,4.16460023622371,IL,KORD_Chicago,20.6,62.0,6.35,13.15,0.0,1005.15,1,Medium,1
Airplane,"(200, 400]",1,1,2008-03-03,2.0,New York,Climb,Medium,Overcast,Common goldeneye,False,300,True,2008,3,SYRACUSE HANCOCK INTL,43.11119842529297,-76.1063003540039,421.0,30.07276586498391,NY,KJFK_New_York,12.6,86.0,25.4,15.45,0.0,1014.7,1,Medium,1
Airplane,"(-1, 0]",1,1,2008-03-07,2.0,Illinois,Take-off run,Medium,Some Cloud,Red-tailed hawk,True,0,True,2008,3,CHICAGO MIDWAY INTL ARPT,41.785999,-87.752403,620.0,8.607490552607114,IL,KORD_Chicago,1.0,95.0,8.9,14.4,0.0,1014.9,1,Medium,1
Airplane,"(600, 1000]",1,1,2008-03-14,2.0,Illinois,Climb,Small,Some Cloud,Mourning dove,False,1000,True,2008,3,CHICAGO MIDWAY INTL ARPT,41.785999,-87.752403,620.0,8.607490552607114,IL,KORD_Chicago,7.949999999999999,50.5,10.1,15.5,0.0,1011.3,1,Low,0
Airplane,"(400, 600]",1,1,2008-03-19,2.0,Colorado,Approach,Small,No Cloud,Unknown bird - small,False,500,False,2008,3,DURANGO-LA PLATA CO,37.151501,-107.753998,6685.0,266.94691621542705,CO,KDEN_Denver,14.6,57.5,5.75,12.75,3.1,1012.05,1,Low,0
Airplane,"(1000, 2000]",1,1,2008-03-23,2.0,Colorado,Approach,Small,No Cloud,Unknown bird - small,False,1500,False,2008,3,DENVER INTL AIRPORT,39.52920150756836,-104.65799713134766,6295.0,27.573111187238812,CO,KDEN_Denver,23.3,52.0,3.65,12.55,0.0,1013.8,1,Low,0
Airplane,"(-1, 0]",1,1,2008-03-25,2.0,New York,Take-off run,Small,No Cloud,Unknown bird - small,False,0,False,2008,3,LAGUARDIA NY,40.777199,-73.872597,21.0,268.82670826154464,NY,KJFK_New_York,17.5,35.0,7.35,9.95,0.0,1008.15,1,Low,0
Airplane,"(-1, 0]",1,1,2008-03-26,2.0,Colorado,Take-off run,Medium,No Cloud,Red-tailed hawk,True,0,False,2008,3,DENVER INTL AIRPORT,39.52920150756836,-104.65799713134766,6295.0,27.573111187238812,CO,KDEN_Denver,19.1,82.5,15.75,14.8,0.0,1018.8,1,High,2
Airplane,"(-1, 0]",1,1,2008-03-27,2.0,Colorado,Take-off run,Small,Some Cloud,Unknown bird - small,False,0,True,2008,3,DENVER INTL AIRPORT,39.52920150756836,-104.65799713134766,6295.0,27.573111187238812,CO,KDEN_Denver,7.866666666666667,59.66666666666666,8.133333333333333,9.966666666666669,1.3,1014.3,1,High,2
Airplane,"(3000, 5000]",1,1,2008-04-02,4.0,Illinois,Approach,Large,No Cloud,Unknown bird - large,False,4500,False,2008,4,GREATER ROCKFORD,42.1954,-89.097198,742.0,37.23938268045538,IL,KORD_Chicago,3.8,73.66666666666667,8.5,11.466666666666669,0.2,1010.7333333333332,1,Medium,1
Airplane,"(-1, 0]",1,1,2008-04-06,2.0,Colorado,Take-off run,Small,No Cloud,American robin,True,0,True,2008,4,DENVER INTL AIRPORT,39.52920150756836,-104.65799713134766,6295.0,27.573111187238812,CO,KDEN_Denver,7.800000000000001,48.0,8.450000000000001,13.25,0.0,1015.65,1,Medium,1
Airplane,"(30, 50]",1,1,2008-04-07,2.0,New York,Approach,Medium,Overcast,Herring gull,True,50,True,2008,4,JOHN F KENNEDY INTL,40.639447,-73.779317,13.0,285.81600722845906,NY,KJFK_New_York,9.1,57.0,7.399999999999999,11.766666666666667,0.0,1007.8333333333334,1,Low,0
Airplane,"(50, 100]",1,1,2008-04-09,2.0,New York,Approach,Medium,Some Cloud,Herring gull,False,60,True,2008,4,LAGUARDIA NY,40.777199,-73.872597,21.0,268.82670826154464,NY,KJFK_New_York,16.25,90.5,10.35,12.65,0.0,1016.2,1,Low,0
Airplane,"(100, 200]",1,1,2008-04-14,2.0,Illinois,Climb,Small,No Cloud,Unknown bird - small,True,200,False,2008,4,CHICAGO MIDWAY INTL ARPT,41.785999,-87.752403,620.0,8.607490552607114,IL,KORD_Chicago,19.5,56.0,9.45,16.1,0.0,1014.45,1,Medium,1
Airplane,"(1000, 2000]",1,1,2008-04-15,2.0,New York,Approach,Small,No Cloud,Northern flicker,False,1250,False,2008,4,LAGUARDIA NY,40.777199,-73.872597,21.0,268.82670826154464,NY,KJFK_New_York,-0.55,75.0,25.55,15.75,0.6,1009.1,1,Low,0
Airplane,"(200, 400]",1,1,2008-04-16,2.0,Illinois,Approach,Medium,Overcast,Unknown bird - medium,False,400,False,2008,4,GREATER ROCKFORD,42.1954,-89.097198,742.0,37.23938268045538,IL,KORD_Chicago,21.85,93.0,13.4,13.1,0.0,1012.65,1,Medium,1
Airplane,"(100, 200]",1,1,2008-04-18,2.0,Illinois,Approach,Small,Overcast,Unknown bird - small,False,200,True,2008,4,CHICAGO MIDWAY INTL ARPT,41.785999,-87.752403,620.0,8.607490552607114,IL,KORD_Chicago,4.666666666666667,71.0,5.833333333333333,14.0,0.0,1008.9,1,Low,0
Airplane,"(0, 10]",1,1,2008-04-20,2.0,Colorado,Climb,Small,No Cloud,Rock pigeon,False,10,False,2008,4,DENVER INTL AIRPORT,39.52920150756836,-104.65799713134766,6295.0,27.573111187238812,CO,KDEN_Denver,4.6,43.0,3.5,13.3,0.0,1010.4,1,Low,0
Airplane,"(5000, 18000]",1,1,2008-04-21,2.0,Illinois,Descent,Small,No Cloud,Unknown bird - small,False,8000,True,2008,4,CHICAGO MIDWAY INTL ARPT,41.785999,-87.752403,620.0,8.607490552607114,IL,KORD_Chicago,21.8,34.0,6.0,13.75,0.0,1010.1,1,Low,0
Airplane,"(10, 30]",1,1,2008-04-21,2.0,Colorado,Approach,Small,No Cloud,Unknown bird - small,False,20,False,2008,4,DENVER INTL AIRPORT,39.52920150756836,-104.65799713134766,6295.0,27.573111187238812,CO,KDEN_Denver,2.6,61.0,9.55,15.2,0.0,1022.2,1,Medium,1
Airplane,"(-1, 0]",1,1,2008-04-22,2.0,New York,Landing Roll,Small,Some Cloud,Killdeer,True,0,True,2008,4,BUFFALO-NIAGARA INTL,42.940498,-78.732201,728.0,16.688896633415297,NY,KJFK_New_York,1.0499999999999998,75.0,12.5,16.1,0.0,1016.55,1,High,2
Airplane,"(200, 400]",1,1,2008-04-24,4.0,New York,Approach,Large,No Cloud,Double-crested cormorant,True,300,False,2008,4,JOHN F KENNEDY INTL,40.639447,-73.779317,13.0,285.81600722845906,NY,KJFK_New_York,4.233333333333333,80.33333333333333,11.2,13.833333333333334,0.0,1007.0333333333332,1,Medium,1
Airplane,"(1000, 2000]",1,1,2008-04-24,2.0,Illinois,Approach,Medium,Some Cloud,Unknown bird - medium,False,2000,True,2008,4,CHICAGO MIDWAY INTL ARPT,41.785999,-87.752403,620.0,8.607490552607114,IL,KORD_Chicago,17.3,62.0,7.866666666666667,13.133333333333333,0.0,1011.4,1,Medium,1
Airplane,"(30, 50]",1,1,2008-04-26,2.0,New York,Approach,Medium,No Cloud,Unknown bird - medium,False,50,False,2008,4,JOHN F KENNEDY INTL,40.639447,-73.779317,13.0,285.81600722845906,NY,KJFK_New_York,6.35,79.5,4.4,14.5,0.7,1014.75,1,Low,0
Airplane,"(2000, 3000]",1,1,2008-04-27,2.0,Illinois,Approach,Medium,Overcast,Unknown bird - medium,False,2400,True,2008,4,CHICAGO MIDWAY INTL ARPT,41.785999,-87.752403,620.0,8.607490552607114,IL,KORD_Chicago,17.5,63.0,25.05,9.75,0.0,1016.75,1,Medium,1
Airplane,"(600, 1000]",1,1,2008-04-29,2.0,Colorado,Climb,Medium,No Cloud,Unknown bird - medium,False,900,False,2008,4,CENTENNIAL ARPT,39.57009888,-104.848999,5885.0,22.177781438130427,CO,KDEN_Denver,4.966666666666666,68.0,7.733333333333333,14.966666666666669,0.0,1012.5,1,Low,0
Airplane,"(50, 100]",1,1,2008-05-02,2.0,New York,Approach,Small,Overcast,Unknown bird - small,True,100,True,2008,5,LONG ISLAND MAC ARTHUR,40.796324,-73.101703,99.0,292.8807816425768,NY,KJFK_New_York,4.4,98.5,5.699999999999999,14.8,0.0,1014.65,1,Low,0
Airplane,"(100, 200]",1,1,2008-05-05,2.0,New York,Approach,Medium,No Cloud,Unknown bird - medium,False,200,False,2008,5,LAGUARDIA NY,40.777199,-73.872597,21.0,268.82670826154464,NY,KJFK_New_York,17.233333333333334,62.0,15.766666666666666,14.9,3.1,1011.7,1,Medium,1
Airplane,"(100, 200]",1,1,2008-05-08,2.0,Illinois,Approach,Small,No Cloud,Unknown bird - small,False,200,True,2008,5,CHICAGO MIDWAY INTL ARPT,41.785999,-87.752403,620.0,8.607490552607114,IL,KORD_Chicago,11.0,53.5,4.05,15.2,0.9,1021.3,1,Low,0
Airplane,"(200, 400]",1,1,2008-05-08,2.0,New York,Climb,Medium,Overcast,Ring-billed gull,True,300,False,2008,5,WESTCHESTER COUNTY ARPT,41.06700134277344,-73.70760345458984,439.0,243.3503200617849,NY,KJFK_New_York,14.75,67.0,9.2,15.4,0.0,1007.2,1,Medium,1
Airplane,"(50, 100]",1,1,2008-05-08,2.0,Colorado,Climb,Small,Some Cloud,Unknown bird - small,True,100,False,2008,5,DENVER INTL AIRPORT,39.52920150756836,-104.65799713134766,6295.0,27.573111187238812,CO,KDEN_Denver,5.199999999999999,73.5,7.65,16.05,0.0,1021.25,1,Medium,1
Airplane,"(200, 400]",1,1,2008-05-09,2.0,Colorado,Climb,Small,No Cloud,Unknown bird - small,False,250,False,2008,5,DENVER INTL AIRPORT,39.52920150756836,-104.65799713134766,6295.0,27.573111187238812,CO,KDEN_Denver,9.95,36.0,5.55,12.75,0.0,1015.0,1,Low,0
Airplane,"(400, 600]",1,1,2008-05-11,2.0,New York,Climb,Small,No Cloud,Unknown bird - small,False,600,False,2008,5,GREATER ROCHESTER INTL,43.1189,-77.672401,559.0,27.86996070509405,NY,KJFK_New_York,2.750000000000001,40.0,7.2,15.55,0.5,1013.4,1,Low,0
Airplane,"(10, 30]",1,1,2008-05-12,2.0,Illinois,Climb,Small,No Cloud,Unknown bird - small,False,30,True,2008,5,CHICAGO MIDWAY INTL ARPT,41.785999,-87.752403,620.0,8.607490552607114,IL,KORD_Chicago,11.6,35.0,7.4,11.1,2.3,1013.4,1,Medium,1
Airplane,"(30, 50]",1,1,2008-05-14,2.0,New York,Approach,Small,No Cloud,Unknown bird - small,False,50,False,2008,5,LAGUARDIA NY,40.777199,-73.872597,21.0,268.82670826154464,NY,KJFK_New_York,17.45,78.0,12.3,12.6,0.0,1009.45,1,Low,0
Airplane,"(-1, 0]",1,1,2008-05-14,2.0,Colorado,Take-off run,Small,No Cloud,Unknown bird - small,False,0,True,2008,5,DENVER INTL AIRPORT,39.52920150756836,-104.65799713134766,6295.0,27.573111187238812,CO,KDEN_Denver,7.5,84.0,6.6,10.4,0.0,1011.05,1,Medium,1
Airplane,"(600, 1000]",1,1,2008-05-15,2.0,New York,Climb,Small,No Cloud,Unknown bird - small,False,800,False,2008,5,LAGUARDIA NY,40.777199,-73.872597,21.0,268.82670826154464,NY,KJFK_New_York,9.85,80.0,3.7,14.3,2.2,1019.2,1,Low,0
Airplane,"(200, 400]",1,1,2008-05-15,2.0,New York,Approach,Small,Some Cloud,Unknown bird - small,True,400,True,2008,5,LONG ISLAND MAC ARTHUR,40.796324,-73.101703,99.0,292.8807816425768,NY,KJFK_New_York,9.85,80.0,3.7,14.3,2.2,1019.2,1,Low,0
Airplane,"(2000, 3000]",1,1,2008-05-16,2.0,Illinois,Approach,Medium,Some Cloud,Unknown bird - medium,False,3000,True,2008,5,CHICAGO MIDWAY INTL ARPT,41.785999,-87.752403,620.0,8.607490552607114,IL,KORD_Chicago,8.766666666666667,62.333333333333336,8.266666666666667,12.533333333333331,0.0,1015.6666666666666,1,Medium,1
Airplane,"(50, 100]",1,1,2008-05-19,2.0,Illinois,Approach,Small,Some Cloud,Unknown bird - small,False,100,True,2008,5,CHICAGO MIDWAY INTL ARPT,41.785999,-87.752403,620.0,8.607490552607114,IL,KORD_Chicago,4.2,39.5,15.65,10.9,0.0,1008.9,1,High,2
Airplane,"(-1, 0]",1,1,2008-05-20,2.0,Colorado,Landing Roll,Small,Some Cloud,Unknown bird - small,True,0,False,2008,5,DENVER INTL AIRPORT,39.52920150756836,-104.65799713134766,6295.0,27.573111187238812,CO,KDEN_Denver,-0.7000000000000002,69.5,4.35,13.65,0.0,1010.95,1,Medium,1
Airplane,"(200, 400]",1,1,2008-05-20,2.0,New York,Approach,Small,No Cloud,Lincoln's sparrow,False,300,False,2008,5,ALBANY INTL,42.748299,-73.801697,285.0,94.50065050780267,NY,KJFK_New_York,16.95,78.5,14.3,16.1,0.0,1015.35,1,Low,0
Airplane,"(-1, 0]",1,1,2008-05-23,1.0,Illinois,Take-off run,Large,Overcast,Canada goose,False,0,False,2008,5,BOLINGBROOKS CLOW INTL,41.6959991455,-88.12920379639999,670.0,36.20704496721907,IL,KORD_Chicago,15.45,58.0,14.6,11.7,0.0,1016.9,1,High,2
Airplane,"(-1, 0]",1,1,2008-05-26,2.0,Colorado,Take-off run,Small,Some Cloud,Unknown bird - small,False,0,False,2008,5,DENVER INTL AIRPORT,39.52920150756836,-104.65799713134766,6295.0,27.573111187238812,CO,KDEN_Denver,8.45,63.0,28.3,14.75,0.0,1011.7,1,Medium,1
Airplane,"(100, 200]",1,1,2008-05-28,2.0,New York,Approach,Small,No Cloud,Unknown bird - small,False,200,True,2008,5,ALBANY INTL,42.748299,-73.801697,285.0,94.50065050780267,NY,KJFK_New_York,13.85,41.0,6.9,13.4,0.0,1014.6,1,Low,0
Airplane,"(-1, 0]",1,1,2008-05-29,2.0,New York,Take-off run,Medium,No Cloud,Ring-billed gull,True,0,False,2008,5,BUFFALO-NIAGARA INTL,42.940498,-78.732201,728.0,16.688896633415297,NY,KJFK_New_York,0.1500000000000003,65.5,13.25,14.1,0.0,1019.3,1,High,2
Airplane,"(5000, 18000]",1,1,2008-05-30,2.0,Colorado,Descent,Small,No Cloud,Unknown bird - small,False,10000,False,2008,5,DENVER INTL AIRPORT,39.52920150756836,-104.65799713134766,6295.0,27.573111187238812,CO,KDEN_Denver,15.85,65.0,4.5,12.3,0.0,1010.4,1,Low,0
Airplane,"(-1, 0]",1,1,2008-05-30,2.0,Colorado,Take-off run,Small,No Cloud,Unknown bird - small,False,0,True,2008,5,DENVER INTL AIRPORT,39.52920150756836,-104.65799713134766,6295.0,27.573111187238812,CO,KDEN_Denver,15.85,65.0,4.5,12.3,0.0,1010.4,1,Medium,1
Airplane,"(2000, 3000]",1,1,2008-06-01,2.0,Colorado,Approach,Medium,No Cloud,Unknown bird - medium,False,3000,False,2008,6,DENVER INTL AIRPORT,39.52920150756836,-104.65799713134766,6295.0,27.573111187238812,CO,KDEN_Denver,20.2,67.33333333333333,5.233333333333333,14.466666666666669,0.9,1013.7333333333332,1,Low,0
Airplane,"(-1, 0]",1,1,2008-06-03,2.0,Colorado,Landing Roll,Small,No Cloud,Meadowlarks,False,0,False,2008,6,COLORADO SPRINGS MUNICIPAL,38.805801,-104.700996,6187.0,38.3672452711314,CO,KDEN_Denver,8.65,51.0,8.0,11.65,0.0,1017.05,1,High,2
Airplane,"(600, 1000]",1,1,2008-06-05,2.0,Illinois,Approach,Small,Some Cloud,Unknown bird - small,False,1000,False,2008,6,CHICAGO O'HARE INTL ARPT,41.9786,-87.9048,680.0,4.16460023622371,IL,KORD_Chicago,14.85,41.0,2.4,14.6,0.0,1008.5,1,Low,0
Airplane,"(-1, 0]",1,1,2008-06-05,2.0,Colorado,Landing Roll,Small,No Cloud,Unknown bird - small,False,0,False,2008,6,DURANGO-LA PLATA CO,37.151501,-107.753998,6685.0,266.94691621542705,CO,KDEN_Denver,16.6,70.0,17.0,13.8,2.3,1013.25,1,Medium,1
Airplane,"(-1, 0]",1,1,2008-06-07,2.0,New York,Landing Roll,Small,Some Cloud,European starling,True,0,False,2008,6,BUFFALO-NIAGARA INTL,42.940498,-78.732201,728.0,16.688896633415297,NY,KJFK_New_York,18.633333333333333,44.333333333333336,9.366666666666667,14.066666666666668,0.0,1014.1,1,High,2
Airplane,"(400, 600]",1,1,2008-06-10,2.0,Colorado,Approach,Small,No Cloud,Unknown bird - small,True,500,False,2008,6,DENVER INTL AIRPORT,39.52920150756836,-104.65799713134766,6295.0,27.573111187238812,CO,KDEN_Denver,-0.55,57.5,7.15,12.5,1.2,1014.05,1,Low,0
Airplane,"(600, 1000]",1,1,2008-06-14,2.0,Colorado,Approach,Small,No Cloud,Unknown bird - small,False,800,True,2008,6,DENVER INTL AIRPORT,39.52920150756836,-104.65799713134766,6295.0,27.573111187238812,CO,KDEN_Denver,6.75,32.5,7.449999999999999,12.85,0.0,1023.85,1,Low,0
Airplane,"(0, 10]",1,1,2008-06-14,2.0,Colorado,Approach,Small,No Cloud,Unknown bird - small,False,10,True,2008,6,DENVER INTL AIRPORT,39.52920150756836,-104.65799713134766,6295.0,27.573111187238812,CO,KDEN_Denver,6.75,32.5,7.449999999999999,12.85,0.0,1023.85,1,Low,0
Airplane,"(30, 50]",1,1,2008-06-15,2.0,Colorado,Approach,Small,No Cloud,Unknown bird - small,False,40,False,2008,6,DENVER INTL AIRPORT,39.52920150756836,-104.65799713134766,6295.0,27.573111187238812,CO,KDEN_Denver,10.35,57.0,5.9,13.2,0.0,1012.6,1,Low,0
Airplane,"(400, 600]",1,1,2008-06-16,2.0,Illinois,Approach,Small,No Cloud,Unknown bird - small,True,500,True,2008,6,CHICAGO MIDWAY INTL ARPT,41.785999,-87.752403,620.0,8.607490552607114,IL,KORD_Chicago,17.2,62.5,6.550000000000001,14.15,3.5,1009.05,1,Low,0
Airplane,"(-1, 0]",1,1,2008-06-18,2.0,Colorado,Take-off run,Small,Some Cloud,Killdeer,False,0,False,2008,6,DENVER INTL AIRPORT,39.52920150756836,-104.65799713134766,6295.0,27.573111187238812,CO,KDEN_Denver,21.7,87.66666666666667,5.433333333333334,12.2,0.0,1014.1666666666666,1,Medium,1
Airplane,"(-1, 0]",1,1,2008-06-20,4.0,Illinois,Take-off run,Medium,Overcast,Red-tailed hawk,True,0,False,2008,6,CHICAGO O'HARE INTL ARPT,41.9786,-87.9048,680.0,4.16460023622371,IL,KORD_Chicago,10.1,74.0,7.199999999999999,9.4,1.4,1011.6,1,High,2
Airplane,"(-1, 0]",1,1,2008-06-23,2.0,Colorado,Landing Roll,Small,Some Cloud,Unknown bird - small,False,0,False,2008,6,DENVER INTL AIRPORT,39.52920150756836,-104.65799713134766,6295.0,27.573111187238812,CO,KDEN_Denver,7.466666666666666,46.0,8.333333333333334,13.1,0.9,1020.5,1,High,2
Airplane,"(-1, 0]",1,1,2008-06-25,2.0,New York,Landing Roll,Medium,No Cloud,Ring-billed gull,True,0,False,2008,6,BUFFALO-NIAGARA INTL,42.940498,-78.732201,728.0,16.688896633415297,NY,KJFK_New_York,15.1,45.0,17.200000000000003,10.75,0.0,1010.85,1,High,2
Airplane,"(-1, 0]",1,1,2008-06-26,2.0,Colorado,Landing Roll,Small,No Cloud,Unknown bird - small,False,0,True,2008,6,DENVER INTL AIRPORT,39.52920150756836,-104.65799713134766,6295.0,27.573111187238812,CO,KDEN_Denver,-2.6,67.5,4.3500000000000005,13.35,0.0,1004.5,1,Medium,1
Airplane,"(1000, 2000]",1,1,2008-06-28,2.0,Illinois,Approach,Small,No Cloud,Unknown bird - small,False,1500,True,2008,6,CHICAGO MIDWAY INTL ARPT,41.785999,-87.752403,620.0,8.607490552607114,IL,KORD_Chicago,14.35,57.5,16.75,11.2,0.0,1015.8,1,Medium,1
Airplane,"(30, 50]",1,1,2008-06-30,2.0,Illinois,Approach,Small,No Cloud,Unknown bird - small,True,50,False,2008,6,CHICAGO O'HARE INTL ARPT,41.9786,-87.9048,680.0,4.16460023622371,IL,KORD_Chicago,23.55,64.0,5.55,11.1,1.7,1008.7,1,Medium,1
Airplane,"(-1, 0]",1,1,2008-06-30,2.0,Colorado,Landing Roll,Small,No Cloud,Unknown bird - small,False,0,True,2008,6,DENVER INTL AIRPORT,39.52920150756836,-104.65799713134766,6295.0,27.573111187238812,CO,KDEN_Denver,7.0,75.0,13.95,12.2,0.0,1018.35,1,High,2
Airplane,"(-1, 0]",1,1,2008-06-30,2.0,New York,Landing Roll,Small,Overcast,Unknown bird - small,True,0,False,2008,6,BUFFALO-NIAGARA INTL,42.940498,-78.732201,728.0,16.688896633415297,NY,KJFK_New_York,1.0500000000000007,64.0,3.65,14.9,0.0,1019.5,1,Medium,1
Airplane,"(-1, 0]",1,1,2008-06-30,2.0,Colorado,Landing Roll,Small,No Cloud,Unknown bird - small,True,0,True,2008,6,DENVER INTL AIRPORT,39.52920150756836,-104.65799713134766,6295.0,27.573111187238812,CO,KDEN_Denver,7.0,75.0,13.95,12.2,0.0,1018.35,1,High,2
Airplane,"(400, 600]",1,1,2008-07-01,2.0,Illinois,Approach,Medium,Some Cloud,Unknown bird - medium,False,500,True,2008,7,CHICAGO MIDWAY INTL ARPT,41.785999,-87.752403,620.0,8.607490552607114,IL,KORD_Chicago,7.15,74.5,17.15,11.55,0.0,1006.4,1,Medium,1
Airplane,"(30, 50]",1,1,2008-07-01,2.0,New York,Approach,Medium,Some Cloud,Unknown bird - medium,True,50,True,2008,7,LONG ISLAND MAC ARTHUR,40.796324,-73.101703,99.0,292.8807816425768,NY,KJFK_New_York,0.65,76.0,10.8,14.45,2.8,1010.15,1,Low,0
Airplane,"(-1, 0]",1,1,2008-07-01,2.0,Colorado,Landing Roll,Small,No Cloud,Unknown bird - small,True,0,True,2008,7,DENVER INTL AIRPORT,39.52920150756836,-104.65799713134766,6295.0,27.573111187238812,CO,KDEN_Denver,6.75,79.5,18.25,12.65,7.5,1014.1,1,High,2
Airplane,"(100, 200]",1,1,2008-07-02,2.0,New York,Approach,Medium,Some Cloud,Unknown bird - medium,True,200,False,2008,7,JOHN F KENNEDY INTL,40.639447,-73.779317,13.0,285.81600722845906,NY,KJFK_New_York,20.45,61.5,3.6,13.25,0.1,1017.1,1,Low,0
Airplane,"(100, 200]",1,1,2008-07-02,2.0,Illinois,Approach,Small,No Cloud,Unknown bird - small,True,200,True,2008,7,CHICAGO MIDWAY INTL ARPT,41.785999,-87.752403,620.0,8.607490552607114,IL,KORD_Chicago,16.25,48.5,11.7,15.75,0.0,1020.8,1,Medium,1
Airplane,"(-1, 0]",1,1,2008-07-03,2.0,New York,Landing Roll,Small,Some Cloud,Unknown bird - small,True,0,False,2008,7,WESTCHESTER COUNTY ARPT,41.06700134277344,-73.70760345458984,439.0,243.3503200617849,NY,KJFK_New_York,17.7,93.0,10.9,15.6,0.0,1012.7,1,Medium,1
Airplane,"(1000, 2000]",1,1,2008-07-03,2.0,New York,Approach,Small,No Cloud,Unknown bird - small,False,2000,True,2008,7,LONG ISLAND MAC ARTHUR,40.796324,-73.101703,99.0,292.8807816425768,NY,KJFK_New_York,17.7,93.0,10.9,15.6,0.0,1012.7,1,Low,0
Airplane,"(-1, 0]",1,1,2008-07-05,2.0,Colorado,Landing Roll,Small,No Cloud,Unknown bird - small,False,0,False,2008,7,DENVER INTL AIRPORT,39.52920150756836,-104.65799713134766,6295.0,27.573111187238812,CO,KDEN_Denver,12.8,42.0,12.15,12.65,0.0,1017.4,1,High,2
Airplane,"(-1, 0]",1,1,2008-07-05,2.0,New York,Take-off run,Small,No Cloud,Unknown bird - small,False,0,False,2008,7,BUFFALO-NIAGARA INTL,42.940498,-78.732201,728.0,16.688896633415297,NY,KJFK_New_York,10.95,88.0,25.45,14.5,0.0,1010.75,1,Medium,1
Airplane,"(-1, 0]",1,1,2008-07-06,2.0,Colorado,Take-off run,Medium,No Cloud,Unknown bird - medium,False,0,False,2008,7,DENVER INTL AIRPORT,39.52920150756836,-104.65799713134766,6295.0,27.573111187238812,CO,KDEN_Denver,16.25,48.5,5.85,16.1,0.1,1020.35,1,Medium,1
Airplane,"(-1, 0]",1,1,2008-07-06,2.0,Colorado,Take-off run,Small,No Cloud,Unknown bird - small,False,0,False,2008,7,DENVER INTL AIRPORT,39.52920150756836,-104.65799713134766,6295.0,27.573111187238812,CO,KDEN_Denver,16.25,48.5,5.85,16.1,0.1,1020.35,1,Medium,1
Airplane,"(-1, 0]",1,1,2008-07-07,2.0,Colorado,Take-off run,Small,No Cloud,Unknown bird - small,False,0,False,2008,7,DENVER INTL AIRPORT,39.52920150756836,-104.65799713134766,6295.0,27.573111187238812,CO,KDEN_Denver,17.950000000000003,75.0,10.55,13.95,0.0,1012.0,1,Medium,1
Airplane,"(30, 50]",1,1,2008-07-08,2.0,Colorado,Approach,Small,No Cloud,Unknown bird - small,False,50,False,2008,7,DENVER INTL AIRPORT,39.52920150756836,-104.65799713134766,6295.0,27.573111187238812,CO,KDEN_Denver,8.2,50.5,10.05,14.6,0.0,1008.65,1,Medium,1
Airplane,"(-1, 0]",1,1,2008-07-08,2.0,New York,Take-off run,Small,Overcast,European starling,True,0,False,2008,7,WESTCHESTER COUNTY ARPT,41.06700134277344,-73.70760345458984,439.0,243.3503200617849,NY,KJFK_New_York,9.95,94.0,16.25,11.15,0.0,1011.55,1,Medium,1
Airplane,"(-1, 0]",1,1,2008-07-08,2.0,Illinois,Landing Roll,Small,Overcast,Barn swallow,True,0,False,2008,7,CHICAGO O'HARE INTL ARPT,41.9786,-87.9048,680.0,4.16460023622371,IL,KORD_Chicago,24.75,70.5,14.9,14.2,0.0,1013.05,1,High,2
Airplane,"(0, 10]",1,1,2008-07-08,2.0,New York,Approach,Small,No Cloud,Unknown bird - small,False,1,True,2008,7,LONG ISLAND MAC ARTHUR,40.796324,-73.101703,99.0,292.8807816425768,NY,KJFK_New_York,9.95,94.0,16.25,11.15,0.0,1011.55,1,Medium,1
Airplane,"(100, 200]",1,1,2008-07-09,2.0,New York,Climb,Small,Some Cloud,Unknown bird - small,False,150,True,2008,7,LONG ISLAND MAC ARTHUR,40.796324,-73.101703,99.0,292.8807816425768,NY,KJFK_New_York,9.3,72.0,12.35,12.4,0.0,1010.2,1,Medium,1
Airplane,"(-1, 0]",1,1,2008-07-09,2.0,Illinois,Landing Roll,Small,Some Cloud,American kestrel,False,0,True,2008,7,CHICAGO MIDWAY INTL ARPT,41.785999,-87.752403,620.0,8.607490552607114,IL,KORD_Chicago,1.4499999999999995,41.5,20.35,16.1,3.0,1016.85,1,High,2
Airplane,"(10, 30]",1,1,2008-07-09,2.0,Colorado,Climb,Medium,No Cloud,Unknown bird - medium,True,30,True,2008,7,DENVER INTL AIRPORT,39.52920150756836,-104.65799713134766,6295.0,27.573111187238812,CO,KDEN_Denver,12.35,46.5,16.15,14.5,0.0,1014.8,1,High,2
Airplane,"(50, 100]",1,1,2008-07-09,2.0,Colorado,Approach,Small,Some Cloud,Unknown bird - small,True,70,False,2008,7,DENVER INTL AIRPORT,39.52920150756836,-104.65799713134766,6295.0,27.573111187238812,CO,KDEN_Denver,12.35,46.5,16.15,14.5,0.0,1014.8,1,Medium,1
Airplane,"(-1, 0]",1,1,2008-07-10,2.0,Colorado,Take-off run,Medium,No Cloud,Unknown bird - medium,False,0,False,2008,7,DENVER INTL AIRPORT,39.52920150756836,-104.65799713134766,6295.0,27.573111187238812,CO,KDEN_Denver,14.333333333333334,52.66666666666666,16.066666666666666,12.766666666666666,0.0,1004.0,1,High,2
Airplane,"(-1, 0]",1,1,2008-07-10,2.0,New York,Landing Roll,Small,No Cloud,Killdeer,True,0,False,2008,7,ALBANY INTL,42.748299,-73.801697,285.0,94.50065050780267,NY,KJFK_New_York,12.266666666666666,51.66666666666666,9.633333333333333,14.7,0.0,1012.7333333333332,1,Medium,1
Airplane,"(-1, 0]",1,1,2008-07-10,2.0,Colorado,Take-off run,Small,No Cloud,Unknown bird - small,False,0,False,2008,7,DENVER INTL AIRPORT,39.52920150756836,-104.65799713134766,6295.0,27.573111187238812,CO,KDEN_Denver,14.333333333333334,52.66666666666666,16.066666666666666,12.766666666666666,0.0,1004.0,1,High,2
Airplane,"(-1, 0]",1,1,2008-07-11,2.0,Colorado,Take-off run,Small,Some Cloud,Unknown bird - small,False,0,True,2008,7,DENVER INTL AIRPORT,39.52920150756836,-104.65799713134766,6295.0,27.573111187238812,CO,KDEN_Denver,10.75,90.5,13.6,14.15,0.0,1016.85,1,High,2
Airplane,"(0, 10]",1,1,2008-07-11,2.0,Illinois,Approach,Small,Some Cloud,European starling,True,10,False,2008,7,QUAD CITY ARPT,39.6431007385,-89.14450073239999,630.0,33.991848342153304,IL,KORD_Chicago,3.9,88.0,8.1,12.6,0.0,1007.95,1,Low,0
Airplane,"(30, 50]",1,1,2008-07-11,2.0,Colorado,Approach,Small,No Cloud,Unknown bird - small,False,50,False,2008,7,DENVER INTL AIRPORT,39.52920150756836,-104.65799713134766,6295.0,27.573111187238812,CO,KDEN_Denver,10.75,90.5,13.6,14.15,0.0,1016.85,1,Medium,1
Airplane,"(30, 50]",1,1,2008-07-12,2.0,Illinois,Climb,Small,Some Cloud,Unknown bird - small,False,50,True,2008,7,CHICAGO MIDWAY INTL ARPT,41.785999,-87.752403,620.0,8.607490552607114,IL,KORD_Chicago,10.0,67.5,18.55,12.4,0.3,1013.4,1,High,2
Airplane,"(1000, 2000]",1,1,2008-07-12,2.0,Illinois,Approach,Small,Overcast,Unknown bird - small,True,1200,True,2008,7,CHICAGO MIDWAY INTL ARPT,41.785999,-87.752403,620.0,8.607490552607114,IL,KORD_Chicago,10.0,67.5,18.55,12.4,0.3,1013.4,1,Medium,1
Airplane,"(50, 100]",1,1,2008-07-12,2.0,Colorado,Approach,Small,No Cloud,Unknown bird - small,False,100,True,2008,7,DENVER INTL AIRPORT,39.52920150756836,-104.65799713134766,6295.0,27.573111187238812,CO,KDEN_Denver,18.95,66.0,7.35,10.0,3.3,1012.9,1,Medium,1
Airplane,"(3000, 5000]",1,1,2008-07-12,2.0,Illinois,Descent,Medium,No Cloud,Unknown bird - medium,False,3400,True,2008,7,CHICAGO MIDWAY INTL ARPT,41.785999,-87.752403,620.0,8.607490552607114,IL,KORD_Chicago,10.0,67.5,18.55,12.4,0.3,1013.4,1,Medium,1
Airplane,"(-1, 0]",1,1,2008-07-12,2.0,New York,Take-off run,Medium,No Cloud,Peregrine falcon,True,0,True,2008,7,LONG ISLAND MAC ARTHUR,40.796324,-73.101703,99.0,292.8807816425768,NY,KJFK_New_York,18.45,48.5,27.55,8.6,0.0,1025.35,1,Medium,1
Airplane,"(400, 600]",1,1,2008-07-14,2.0,Illinois,Approach,Medium,No Cloud,Unknown bird - medium,False,500,True,2008,7,CHICAGO MIDWAY INTL ARPT,41.785999,-87.752403,620.0,8.607490552607114,IL,KORD_Chicago,13.75,77.5,12.6,12.6,4.3,1015.5,1,Medium,1
Airplane,"(-1, 0]",1,1,2008-07-14,2.0,New York,Take-off run,Small,Some Cloud,Barn swallow,True,0,False,2008,7,JOHN F KENNEDY INTL,40.639447,-73.779317,13.0,285.81600722845906,NY,KJFK_New_York,-4.3,58.0,16.700000000000003,9.6,0.0,1012.95,1,Medium,1
Airplane,"(50, 100]",1,1,2008-07-14,2.0,Colorado,Climb,Small,No Cloud,Unknown bird - small,False,100,False,2008,7,DENVER INTL AIRPORT,39.52920150756836,-104.65799713134766,6295.0,27.573111187238812,CO,KDEN_Denver,17.75,77.5,4.5,15.25,0.0,1012.55,1,Low,0
Airplane,"(10, 30]",1,1,2008-07-15,3.0,Illinois,Approach,Small,No Cloud,Unknown bird - small,True,20,False,2008,7,CHICAGO EXECUTIVE ARPT,42.114222,-87.901494,647.0,17.90602076675677,IL,KORD_Chicago,7.433333333333334,82.33333333333333,16.3,11.433333333333332,0.6,1015.0666666666666,1,High,2
Airplane,"(-1, 0]",1,1,2008-07-16,2.0,Colorado,Take-off run,Small,No Cloud,Unknown bird - small,False,0,True,2008,7,DENVER INTL AIRPORT,39.52920150756836,-104.65799713134766,6295.0,27.573111187238812,CO,KDEN_Denver,19.05,49.0,17.85,13.95,0.2,1008.6,1,High,2
Airplane,"(-1, 0]",1,1,2008-07-16,2.0,Illinois,Take-off run,Small,No Cloud,Barn swallow,True,0,False,2008,7,SCOTT AFB/MIDAMERICA,38.5452,-89.835197,459.0,100.92156920069752,IL,KORD_Chicago,5.800000000000001,87.0,14.45,13.8,0.0,1009.45,1,Medium,1
Airplane,"(-1, 0]",1,1,2008-07-23,2.0,New York,Landing Roll,Small,Overcast,Common tern,True,0,True,2008,7,JOHN F KENNEDY INTL,40.639447,-73.779317,13.0,285.81600722845906,NY,KJFK_New_York,16.8,89.0,10.35,16.1,0.0,1012.75,1,Low,0
Airplane,"(-1, 0]",1,1,2008-07-24,2.0,New York,Take-off run,Small,Overcast,Unknown bird - small,False,0,True,2008,7,LONG ISLAND MAC ARTHUR,40.796324,-73.101703,99.0,292.8807816425768,NY,KJFK_New_York,18.55,52.0,6.8500000000000005,14.85,0.0,1007.7,1,Low,0
Airplane,"(-1, 0]",1,1,2008-07-24,2.0,New York,Landing Roll,Small,Overcast,Barn swallow,True,0,False,2008,7,ALBANY INTL,42.748299,-73.801697,285.0,94.50065050780267,NY,KJFK_New_York,18.55,52.0,6.8500000000000005,14.85,0.0,1007.7,1,Low,0
Airplane,"(100, 200]",1,1,2008-07-25,2.0,Illinois,Climb,Small,No Cloud,Unknown bird - small,False,200,True,2008,7,CHICAGO MIDWAY INTL ARPT,41.785999,-87.752403,620.0,8.607490552607114,IL,KORD_Chicago,10.5,60.5,10.15,15.7,1.3,1014.55,1,Medium,1
Airplane,"(400, 600]",1,1,2008-07-25,2.0,Illinois,Approach,Small,Some Cloud,Unknown bird - small,False,500,True,2008,7,CHICAGO MIDWAY INTL ARPT,41.785999,-87.752403,620.0,8.607490552607114,IL,KORD_Chicago,10.5,60.5,10.15,15.7,1.3,1014.55,1,Low,0
Airplane,"(-1, 0]",1,1,2008-07-25,2.0,Illinois,Landing Roll,Small,Overcast,Barn swallow,True,0,True,2008,7,CHICAGO O'HARE INTL ARPT,41.9786,-87.9048,680.0,4.16460023622371,IL,KORD_Chicago,10.5,60.5,10.15,15.7,1.3,1014.55,1,High,2
Airplane,"(200, 400]",1,1,2008-07-25,2.0,New York,Approach,Small,Some Cloud,Barn swallow,False,300,False,2008,7,JOHN F KENNEDY INTL,40.639447,-73.779317,13.0,285.81600722845906,NY,KJFK_New_York,1.5,71.0,5.35,12.4,0.0,1006.8,1,Low,0
Airplane,"(-1, 0]",1,1,2008-07-26,1.0,Colorado,Take-off run,Medium,Some Cloud,Unknown bird - medium,False,0,False,2008,7,FORT COLLINS-LOVELAND,40.41207,-105.11256,5080.0,56.340696739404464,CO,KDEN_Denver,3.733333333333333,67.33333333333333,14.4,12.5,0.0,1017.5,1,High,2
Airplane,"(-1, 0]",1,1,2008-07-27,2.0,Illinois,Take-off run,Medium,No Cloud,Unknown bird - medium,False,0,True,2008,7,CHICAGO MIDWAY INTL ARPT,41.785999,-87.752403,620.0,8.607490552607114,IL,KORD_Chicago,6.5,54.0,8.15,15.95,0.3,1008.7,1,High,2
Airplane,"(1000, 2000]",1,1,2008-07-27,2.0,Illinois,Approach,Small,No Cloud,Unknown bird - small,False,2000,True,2008,7,CHICAGO MIDWAY INTL ARPT,41.785999,-87.752403,620.0,8.607490552607114,IL,KORD_Chicago,6.5,54.0,8.15,15.95,0.3,1008.7,1,Low,0
Airplane,"(-1, 0]",1,1,2008-07-28,2.0,New York,Take-off run,Small,Some Cloud,Unknown bird - small,False,0,False,2008,7,LONG ISLAND MAC ARTHUR,40.796324,-73.101703,99.0,292.8807816425768,NY,KJFK_New_York,6.8,61.5,6.050000000000001,13.8,0.0,1008.35,1,Low,0
Airplane,"(-1, 0]",1,1,2008-07-30,2.0,Illinois,Take-off run,Small,No Cloud,Unknown bird - small,False,0,True,2008,7,CHICAGO O'HARE INTL ARPT,41.9786,-87.9048,680.0,4.16460023622371,IL,KORD_Chicago,11.25,77.0,4.9,12.5,0.0,1018.9,1,Medium,1
Airplane,"(50, 100]",1,1,2008-07-30,2.0,New York,Approach,Medium,Some Cloud,Ring-billed gull,False,100,False,2008,7,LAGUARDIA NY,40.777199,-73.872597,21.0,268.82670826154464,NY,KJFK_New_York,7.800000000000001,45.0,10.7,11.6,0.0,1017.4,1,Medium,1
Airplane,"(-1, 0]",1,1,2008-08-02,2.0,Colorado,Landing Roll,Small,Some Cloud,Unknown bird - small,True,0,True,2008,8,DENVER INTL AIRPORT,39.52920150756836,-104.65799713134766,6295.0,27.573111187238812,CO,KDEN_Denver,6.25,94.5,1.65,10.7,0.0,1015.7,1,High,2
Airplane,"(-1, 0]",1,1,2008-08-03,2.0,Colorado,Take-off run,Small,Some Cloud,Unknown bird - small,False,0,True,2008,8,DENVER INTL AIRPORT,39.52920150756836,-104.65799713134766,6295.0,27.573111187238812,CO,KDEN_Denver,6.55,55.0,5.199999999999999,14.05,0.0,1010.95,1,Medium,1
Airplane,"(-1, 0]",1,1,2008-08-03,2.0,Illinois,Take-off run,Small,No Cloud,American robin,True,0,False,2008,8,QUAD CITY ARPT,39.6431007385,-89.14450073239999,630.0,33.991848342153304,IL,KORD_Chicago,5.1,84.5,20.4,10.85,0.0,1020.3,1,Medium,1
Airplane,"(-1, 0]",1,1,2008-08-03,2.0,Colorado,Landing Roll,Small,Some Cloud,Unknown bird - small,True,0,False,2008,8,DENVER INTL AIRPORT,39.52920150756836,-104.65799713134766,6295.0,27.573111187238812,CO,KDEN_Denver,6.55,55.0,5.199999999999999,14.05,0.0,1010.95,1,Medium,1
Airplane,"(-1, 0]",1,1,2008-08-03,2.0,New York,Take-off run,Small,No Cloud,Barn swallow,True,0,True,2008,8,JOHN F KENNEDY INTL,40.639447,-73.779317,13.0,285.81600722845906,NY,KJFK_New_York,14.65,64.0,13.2,12.45,0.0,1012.4,1,Medium,1
Airplane,"(-1, 0]",1,1,2008-08-04,2.0,Colorado,Take-off run,Small,No Cloud,Unknown bird - small,False,0,False,2008,8,DENVER INTL AIRPORT,39.52920150756836,-104.65799713134766,6295.0,27.573111187238812,CO,KDEN_Denver,11.05,41.0,8.45,11.55,0.1,1022.2,1,High,2
Airplane,"(30, 50]",1,1,2008-08-04,2.0,Illinois,Approach,Small,No Cloud,Unknown bird - small,True,50,False,2008,8,QUAD CITY ARPT,39.6431007385,-89.14450073239999,630.0,33.991848342153304,IL,KORD_Chicago,12.2,72.0,9.2,11.2,0.0,1011.65,1,Medium,1
Airplane,"(50, 100]",1,1,2008-08-06,2.0,New York,Approach,Small,Some Cloud,Unknown bird - small,False,75,False,2008,8,FLOYD BENNETT MEMORIAL,43.3412017822,-73.6102981567,328.0,104.30487108890428,NY,KJFK_New_York,3.8333333333333335,53.66666666666666,14.199999999999998,14.066666666666668,0.0,1005.3333333333334,1,Medium,1
Airplane,"(400, 600]",1,1,2008-08-06,2.0,Illinois,Approach,Small,Some Cloud,Unknown bird - small,False,500,True,2008,8,GREATER ROCKFORD,42.1954,-89.097198,742.0,37.23938268045538,IL,KORD_Chicago,13.066666666666668,71.33333333333333,8.566666666666668,13.2,0.0,1016.5333333333332,1,Low,0
Airplane,"(600, 1000]",1,1,2008-08-07,2.0,New York,Climb,Small,No Cloud,Unknown bird - small,False,800,True,2008,8,LONG ISLAND MAC ARTHUR,40.796324,-73.101703,99.0,292.8807816425768,NY,KJFK_New_York,20.55,64.0,19.6,11.35,0.7,1013.5,1,Low,0
Airplane,"(-1, 0]",1,1,2008-08-07,2.0,Illinois,Take-off run,Medium,No Cloud,Unknown bird - medium,True,0,False,2008,8,QUAD CITY ARPT,39.6431007385,-89.14450073239999,630.0,33.991848342153304,IL,KORD_Chicago,6.0,56.0,10.7,13.7,0.2,1010.2,1,Medium,1
Airplane,"(3000, 5000]",1,1,2008-08-08,2.0,Illinois,Climb,Medium,Some Cloud,Unknown bird - medium,True,3800,True,2008,8,CHICAGO MIDWAY INTL ARPT,41.785999,-87.752403,620.0,8.607490552607114,IL,KORD_Chicago,11.4,64.5,2.9000000000000004,14.7,0.0,1010.8,1,Low,0
Airplane,"(5000, 18000]",1,1,2008-08-08,2.0,Colorado,Climb,Small,Some Cloud,Eastern meadowlark,False,6000,False,2008,8,DENVER INTL AIRPORT,39.52920150756836,-104.65799713134766,6295.0,27.573111187238812,CO,KDEN_Denver,15.9,60.5,11.4,6.4,0.0,1011.7,1,Low,0
Airplane,"(100, 200]",1,1,2008-08-08,2.0,New York,Climb,Large,Some Cloud,Osprey,True,200,False,2008,8,JOHN F KENNEDY INTL,40.639447,-73.779317,13.0,285.81600722845906,NY,KJFK_New_York,11.3,63.5,8.649999999999999,16.1,0.0,1016.05,1,Medium,1
Airplane,"(-1, 0]",1,1,2008-08-09,2.0,New York,Take-off run,Small,No Cloud,Unknown bird - small,False,0,False,2008,8,ELMIRA/CORNING MUNICIPAL,41.534901,-87.529503,620.0,649.5098008259092,NY,KJFK_New_York,13.4,80.5,21.35,12.6,0.0,1002.7,1,Medium,1
Airplane,"(-1, 0]",1,1,2008-08-11,2.0,New York,Take-off run,Small,Some Cloud,European starling,False,0,False,2008,8,STEWART INTL AIRPORT,41.85419845581055,-89.08760070800781,770.0,772.6270946133457,NY,KJFK_New_York,22.95,59.0,7.25,15.7,0.0,1019.95,1,Low,0
Airplane,"(30, 50]",1,1,2008-08-12,2.0,Colorado,Approach,Medium,Some Cloud,Unknown bird - medium,False,50,False,2008,8,DENVER INTL AIRPORT,39.52920150756836,-104.65799713134766,6295.0,27.573111187238812,CO,KDEN_Denver,20.1,79.33333333333333,13.066666666666668,12.9,0.6,1009.6333333333332,1,High,2
Airplane,"(-1, 0]",1,1,2008-08-13,2.0,Illinois,Take-off run,Small,Some Cloud,Unknown bird - small,True,0,False,2008,8,QUAD CITY ARPT,39.6431007385,-89.14450073239999,630.0,33.991848342153304,IL,KORD_Chicago,6.35,82.5,14.35,14.45,0.0,1017.15,1,Medium,1
Airplane,"(-1, 0]",1,1,2008-08-14,2.0,Illinois,Take-off run,Small,Some Cloud,Barn swallow,False,0,False,2008,8,CHICAGO O'HARE INTL ARPT,41.9786,-87.9048,680.0,4.16460023622371,IL,KORD_Chicago,25.45,55.5,5.7,16.1,0.0,1010.35,1,Low,0
Airplane,"(-1, 0]",1,1,2008-08-15,2.0,New York,Landing Roll,Medium,Some Cloud,Peregrine falcon,True,0,True,2008,8,JOHN F KENNEDY INTL,40.639447,-73.779317,13.0,285.81600722845906,NY,KJFK_New_York,8.6,50.0,6.65,12.5,0.0,1013.2,1,Medium,1
Airplane,"(-1, 0]",1,1,2008-08-16,2.0,New York,Take-off run,Small,Some Cloud,Unknown bird - small,False,0,False,2008,8,STEWART INTL AIRPORT,41.85419845581055,-89.08760070800781,770.0,772.6270946133457,NY,KJFK_New_York,2.95,53.0,10.75,11.85,2.2,1023.25,1,Medium,1
Airplane,"(30, 50]",1,1,2008-08-16,1.0,New York,Approach,Small,Some Cloud,European starling,True,50,False,2008,8,WESTCHESTER COUNTY ARPT,41.06700134277344,-73.70760345458984,439.0,243.3503200617849,NY,KJFK_New_York,2.95,53.0,10.75,11.85,2.2,1023.25,1,Medium,1
Airplane,"(-1, 0]",1,1,2008-08-17,2.0,New York,Take-off run,Small,No Cloud,Barn swallow,True,0,False,2008,8,ALBANY INTL,42.748299,-73.801697,285.0,94.50065050780267,NY,KJFK_New_York,8.4,51.333333333333336,2.8666666666666667,13.433333333333332,9.9,1010.6666666666666,1,Medium,1
Airplane,"(30, 50]",1,1,2008-08-17,2.0,New York,Approach,Small,No Cloud,Unknown bird - small,False,50,False,2008,8,LAGUARDIA NY,40.777199,-73.872597,21.0,268.82670826154464,NY,KJFK_New_York,8.4,51.333333333333336,2.8666666666666667,13.433333333333332,9.9,1010.6666666666666,1,Low,0
Airplane,"(30, 50]",1,1,2008-08-20,2.0,Illinois,Climb,Small,No Cloud,Unknown bird - small,False,50,False,2008,8,ABRAHAM LINCOLN CAPITAL ARPT,39.844101,-89.677902,598.0,24.88369746449472,IL,KORD_Chicago,9.0,42.0,5.1,15.85,0.5,1008.7,1,Low,0
Airplane,"(0, 10]",1,1,2008-08-20,2.0,Colorado,Approach,Small,Overcast,Unknown bird - small,True,1,True,2008,8,DENVER INTL AIRPORT,39.52920150756836,-104.65799713134766,6295.0,27.573111187238812,CO,KDEN_Denver,21.6,80.0,14.9,13.9,5.2,1010.35,1,High,2
Airplane,"(-1, 0]",1,1,2008-08-21,2.0,Colorado,Landing Roll,Large,No Cloud,Unknown bird - large,False,0,False,2008,8,ASPEN-PITKIN CO/SARD,39.223202,-106.869003,7820.0,159.8702462092854,CO,KDEN_Denver,15.7,78.5,9.25,9.35,0.0,1008.85,1,High,2
Airplane,"(2000, 3000]",1,1,2008-08-25,2.0,Illinois,Climb,Small,Some Cloud,Unknown bird - small,False,2600,True,2008,8,CHICAGO MIDWAY INTL ARPT,41.785999,-87.752403,620.0,8.607490552607114,IL,KORD_Chicago,11.25,54.5,8.1,14.45,1.7,1015.7,1,Low,0
Airplane,"(-1, 0]",1,1,2008-08-26,2.0,Illinois,Landing Roll,Small,No Cloud,Unknown bird - small,False,0,False,2008,8,CHICAGO O'HARE INTL ARPT,41.9786,-87.9048,680.0,4.16460023622371,IL,KORD_Chicago,5.1,49.0,7.5,15.7,0.0,1012.8,1,Medium,1
Airplane,"(3000, 5000]",1,1,2008-08-29,2.0,Illinois,Climb,Medium,No Cloud,Unknown bird - medium,False,3400,True,2008,8,CHICAGO MIDWAY INTL ARPT,41.785999,-87.752403,620.0,8.607490552607114,IL,KORD_Chicago,8.350000000000001,74.5,9.1,13.8,1.1,1009.85,1,Medium,1
Airplane,"(5000, 18000]",1,1,2008-08-29,2.0,Illinois,Descent,Medium,No Cloud,Unknown bird - medium,False,5400,True,2008,8,CHICAGO MIDWAY INTL ARPT,41.785999,-87.752403,620.0,8.607490552607114,IL,KORD_Chicago,8.350000000000001,74.5,9.1,13.8,1.1,1009.85,1,Low,0
Airplane,"(2000, 3000]",1,1,2008-08-30,2.0,Illinois,Approach,Small,No Cloud,Unknown bird - small,True,3000,True,2008,8,CHICAGO MIDWAY INTL ARPT,41.785999,-87.752403,620.0,8.607490552607114,IL,KORD_Chicago,5.75,73.5,9.95,9.4,0.0,1017.4,1,Low,0
Airplane,"(400, 600]",1,1,2008-08-31,2.0,New York,Approach,Medium,Some Cloud,Unknown bird - medium,True,500,True,2008,8,JOHN F KENNEDY INTL,40.639447,-73.779317,13.0,285.81600722845906,NY,KJFK_New_York,4.4,56.5,22.85,14.6,0.0,1006.65,1,Low,0
Airplane,"(400, 600]",1,1,2008-09-03,2.0,Illinois,Climb,Small,No Cloud,Unknown bird - small,False,500,True,2008,9,CHICAGO MIDWAY INTL ARPT,41.785999,-87.752403,620.0,8.607490552607114,IL,KORD_Chicago,22.366666666666664,55.333333333333336,7.166666666666667,12.166666666666666,0.0,1017.4666666666668,1,Low,0
Airplane,"(-1, 0]",1,1,2008-09-06,2.0,Colorado,Landing Roll,Small,Some Cloud,Unknown bird - small,False,0,False,2008,9,DENVER INTL AIRPORT,39.52920150756836,-104.65799713134766,6295.0,27.573111187238812,CO,KDEN_Denver,22.3,55.5,20.75,10.4,0.5,1019.85,1,High,2
Airplane,"(-1, 0]",1,1,2008-09-07,2.0,Illinois,Take-off run,Medium,Some Cloud,Unknown bird - medium,True,0,True,2008,9,CHICAGO O'HARE INTL ARPT,41.9786,-87.9048,680.0,4.16460023622371,IL,KORD_Chicago,16.8,81.0,11.2,14.2,0.0,1006.3,1,High,2
Airplane,"(-1, 0]",1,1,2008-09-07,2.0,Colorado,Take-off run,Small,No Cloud,Unknown bird - small,True,0,False,2008,9,DENVER INTL AIRPORT,39.52920150756836,-104.65799713134766,6295.0,27.573111187238812,CO,KDEN_Denver,8.55,41.5,8.65,10.25,1.6,1012.4,1,High,2
Airplane,"(600, 1000]",1,1,2008-09-07,2.0,Illinois,Approach,Small,No Cloud,Unknown bird - small,False,1000,True,2008,9,CHICAGO MIDWAY INTL ARPT,41.785999,-87.752403,620.0,8.607490552607114,IL,KORD_Chicago,16.8,81.0,11.2,14.2,0.0,1006.3,1,Low,0
Airplane,"(2000, 3000]",1,1,2008-09-07,2.0,Illinois,Approach,Medium,No Cloud,Unknown bird - medium,False,2300,True,2008,9,CHICAGO MIDWAY INTL ARPT,41.785999,-87.752403,620.0,8.607490552607114,IL,KORD_Chicago,16.8,81.0,11.2,14.2,0.0,1006.3,1,Medium,1
Airplane,"(400, 600]",1,1,2008-09-07,2.0,Illinois,Approach,Medium,No Cloud,Unknown bird - medium,False,500,True,2008,9,CHICAGO MIDWAY INTL ARPT,41.785999,-87.752403,620.0,8.607490552607114,IL,KORD_Chicago,16.8,81.0,11.2,14.2,0.0,1006.3,1,Medium,1
Airplane,"(-1, 0]",1,1,2008-09-09,2.0,Illinois,Landing Roll,Small,Some Cloud,American kestrel,True,0,True,2008,9,CHICAGO MIDWAY INTL ARPT,41.785999,-87.752403,620.0,8.607490552607114,IL,KORD_Chicago,7.299999999999999,81.5,15.65,14.25,0.0,1010.9,1,High,2
Airplane,"(0, 10]",1,1,2008-09-12,2.0,New York,Approach,Large,Overcast,Osprey,True,10,False,2008,9,JOHN F KENNEDY INTL,40.639447,-73.779317,13.0,285.81600722845906,NY,KJFK_New_York,13.2,42.5,17.1,12.1,0.0,1007.45,1,High,2
Airplane,"(100, 200]",1,1,2008-09-13,2.0,Colorado,Climb,Small,No Cloud,Unknown bird - small,False,200,True,2008,9,DENVER INTL AIRPORT,39.52920150756836,-104.65799713134766,6295.0,27.573111187238812,CO,KDEN_Denver,6.95,87.0,8.8,11.65,1.1,1010.85,1,High,2
Airplane,"(3000, 5000]",1,1,2008-09-14,2.0,Illinois,Descent,Small,No Cloud,Unknown bird - small,False,5000,True,2008,9,CHICAGO MIDWAY INTL ARPT,41.785999,-87.752403,620.0,8.607490552607114,IL,KORD_Chicago,10.533333333333331,58.0,11.966666666666669,12.366666666666667,0.0,1017.0333333333332,1,Low,0
Airplane,"(3000, 5000]",1,1,2008-09-14,2.0,Illinois,Approach,Small,No Cloud,Unknown bird - small,False,4000,True,2008,9,CHICAGO MIDWAY INTL ARPT,41.785999,-87.752403,620.0,8.607490552607114,IL,KORD_Chicago,10.533333333333331,58.0,11.966666666666669,12.366666666666667,0.0,1017.0333333333332,1,Medium,1
Airplane,"(-1, 0]",1,1,2008-09-15,2.0,New York,Take-off run,Medium,No Cloud,Unknown bird - medium,True,0,True,2008,9,JOHN F KENNEDY INTL,40.639447,-73.779317,13.0,285.81600722845906,NY,KJFK_New_York,3.35,54.5,7.75,13.25,0.0,1021.6,1,Medium,1
Airplane,"(600, 1000]",1,1,2008-09-15,2.0,Illinois,Approach,Medium,Some Cloud,Unknown bird - medium,True,1000,True,2008,9,CHICAGO MIDWAY INTL ARPT,41.785999,-87.752403,620.0,8.607490552607114,IL,KORD_Chicago,11.1,77.0,15.5,11.35,2.7,1018.6,1,High,2
Airplane,"(3000, 5000]",1,1,2008-09-15,2.0,Colorado,Descent,Medium,No Cloud,Unknown bird - medium,False,4000,False,2008,9,ROCKY MOUNTAIN METROPOLITAN ARPT,39.908798,-105.116997,5673.0,8.792994069845067,CO,KDEN_Denver,0.35,86.5,13.15,11.4,0.7,1009.55,1,Medium,1
Airplane,"(2000, 3000]",1,1,2008-09-15,2.0,New York,Approach,Medium,Some Cloud,Unknown bird - medium,False,3000,False,2008,9,ALBANY INTL,42.748299,-73.801697,285.0,94.50065050780267,NY,KJFK_New_York,3.35,54.5,7.75,13.25,0.0,1021.6,1,Low,0
Airplane,"(100, 200]",1,1,2008-09-15,2.0,Illinois,Approach,Medium,Some Cloud,Unknown bird - medium,False,150,False,2008,9,CHICAGO O'HARE INTL ARPT,41.9786,-87.9048,680.0,4.16460023622371,IL,KORD_Chicago,11.1,77.0,15.5,11.35,2.7,1018.6,1,High,2
Airplane,"(50, 100]",1,1,2008-09-19,2.0,Illinois,Approach,Small,Some Cloud,Unknown bird - small,True,100,False,2008,9,CHICAGO O'HARE INTL ARPT,41.9786,-87.9048,680.0,4.16460023622371,IL,KORD_Chicago,12.5,54.0,13.033333333333331,14.1,1.1,1010.9666666666668,1,High,2
Airplane,"(600, 1000]",1,1,2008-09-21,2.0,New York,Approach,Small,No Cloud,Unknown bird - small,False,1000,True,2008,9,BUFFALO-NIAGARA INTL,42.940498,-78.732201,728.0,16.688896633415297,NY,KJFK_New_York,1.35,94.0,9.7,13.05,0.0,1013.75,1,Low,0
Airplane,"(1000, 2000]",1,1,2008-09-21,2.0,New York,Approach,Small,Some Cloud,Common yellowthroat,False,1200,True,2008,9,STEWART INTL AIRPORT,41.85419845581055,-89.08760070800781,770.0,772.6270946133457,NY,KJFK_New_York,1.35,94.0,9.7,13.05,0.0,1013.75,1,Low,0
Airplane,"(50, 100]",1,1,2008-09-21,2.0,New York,Approach,Medium,No Cloud,Unknown bird - medium,False,100,False,2008,9,JOHN F KENNEDY INTL,40.639447,-73.779317,13.0,285.81600722845906,NY,KJFK_New_York,1.35,94.0,9.7,13.05,0.0,1013.75,1,Low,0
Airplane,"(2000, 3000]",1,1,2008-09-25,2.0,Illinois,Approach,Medium,No Cloud,Unknown bird - medium,False,3000,True,2008,9,CHICAGO MIDWAY INTL ARPT,41.785999,-87.752403,620.0,8.607490552607114,IL,KORD_Chicago,6.833333333333333,60.0,14.733333333333334,13.9,9.3,1009.2,1,Medium,1
Airplane,"(3000, 5000]",1,1,2008-09-26,2.0,Illinois,Approach,Small,No Cloud,Unknown bird - small,False,3500,True,2008,9,CHICAGO MIDWAY INTL ARPT,41.785999,-87.752403,620.0,8.607490552607114,IL,KORD_Chicago,21.45,57.5,6.550000000000001,11.95,0.0,1013.2,1,Low,0
Airplane,"(1000, 2000]",1,1,2008-09-27,2.0,New York,Approach,Medium,Overcast,Unknown bird - medium,False,2000,False,2008,9,JOHN F KENNEDY INTL,40.639447,-73.779317,13.0,285.81600722845906,NY,KJFK_New_York,11.8,64.5,14.6,12.6,0.0,1023.75,1,Low,0
Airplane,"(0, 10]",1,1,2008-09-29,2.0,Illinois,Climb,Small,Overcast,Unknown bird - small,True,10,False,2008,9,QUAD CITY ARPT,39.6431007385,-89.14450073239999,630.0,33.991848342153304,IL,KORD_Chicago,9.05,75.5,7.45,11.7,2.4,1010.25,1,Medium,1
Airplane,"(2000, 3000]",1,1,2008-09-29,2.0,New York,Approach,Large,Some Cloud,Osprey,False,2500,False,2008,9,LAGUARDIA NY,40.777199,-73.872597,21.0,268.82670826154464,NY,KJFK_New_York,10.8,78.5,9.95,11.1,0.0,1026.4499999999998,1,Low,0
Airplane,"(2000, 3000]",1,1,2008-09-30,2.0,Illinois,Approach,Medium,Overcast,Unknown bird - medium,False,3000,True,2008,9,CHICAGO MIDWAY INTL ARPT,41.785999,-87.752403,620.0,8.607490552607114,IL,KORD_Chicago,12.366666666666667,59.0,13.2,11.966666666666669,1.3,1013.3333333333334,1,High,2
Airplane,"(0, 10]",1,1,2008-09-30,2.0,Illinois,Climb,Large,Some Cloud,Canada goose,False,10,False,2008,9,WAUKEGAN REGIONAL ARPT,42.422199249268,-87.867897033691,727.0,47.79741233555611,IL,KORD_Chicago,12.366666666666667,59.0,13.2,11.966666666666669,1.3,1013.3333333333334,1,High,2
Airplane,"(-1, 0]",1,1,2008-10-01,2.0,New York,Take-off run,Medium,Some Cloud,Herring gull,True,0,False,2008,10,ALBANY INTL,42.748299,-73.801697,285.0,94.50065050780267,NY,KJFK_New_York,18.85,50.5,12.9,15.05,0.4,1013.45,1,High,2
Airplane,"(-1, 0]",1,1,2008-10-01,2.0,Colorado,Take-off run,Small,No Cloud,Horned lark,False,0,False,2008,10,DENVER INTL AIRPORT,39.52920150756836,-104.65799713134766,6295.0,27.573111187238812,CO,KDEN_Denver,2.05,62.0,11.2,15.45,0.0,1007.95,1,Medium,1
Airplane,"(400, 600]",1,1,2008-10-01,2.0,New York,Approach,Small,Overcast,Black-throated blue warbler,True,500,True,2008,10,ALBANY INTL,42.748299,-73.801697,285.0,94.50065050780267,NY,KJFK_New_York,18.85,50.5,12.9,15.05,0.4,1013.45,1,Low,0
Airplane,"(1000, 2000]",1,1,2008-10-03,2.0,New York,Approach,Small,No Cloud,Unknown bird - small,False,2000,True,2008,10,LONG ISLAND MAC ARTHUR,40.796324,-73.101703,99.0,292.8807816425768,NY,KJFK_New_York,10.05,63.0,20.700000000000003,15.65,0.0,1013.25,1,Low,0
Airplane,"(-1, 0]",1,1,2008-10-04,2.0,Colorado,Take-off run,Small,Some Cloud,Horned lark,False,0,True,2008,10,DENVER INTL AIRPORT,39.52920150756836,-104.65799713134766,6295.0,27.573111187238812,CO,KDEN_Denver,15.75,95.5,15.65,14.95,7.8,1019.65,1,High,2
Airplane,"(600, 1000]",1,1,2008-10-05,2.0,New York,Approach,Small,No Cloud,Unknown bird - small,False,1000,False,2008,10,GRIFFISS INTL,37.392936,-102.283058,3964.0,1993.0974915688307,NY,KJFK_New_York,7.25,81.0,3.25,12.45,0.0,1015.25,1,Low,0
Airplane,"(2000, 3000]",1,1,2008-10-05,2.0,New York,Approach,Small,Some Cloud,Unknown bird - small,False,2100,False,2008,10,STEWART INTL AIRPORT,41.85419845581055,-89.08760070800781,770.0,772.6270946133457,NY,KJFK_New_York,7.25,81.0,3.25,12.45,0.0,1015.25,1,Low,0
Airplane,"(3000, 5000]",1,1,2008-10-05,2.0,New York,Approach,Medium,Some Cloud,Unknown bird - medium,True,3600,True,2008,10,JOHN F KENNEDY INTL,40.639447,-73.779317,13.0,285.81600722845906,NY,KJFK_New_York,7.25,81.0,3.25,12.45,0.0,1015.25,1,Low,0
Airplane,"(2000, 3000]",1,1,2008-10-05,2.0,New York,Approach,Small,Some Cloud,Gray catbird,False,2200,False,2008,10,JOHN F KENNEDY INTL,40.639447,-73.779317,13.0,285.81600722845906,NY,KJFK_New_York,7.25,81.0,3.25,12.45,0.0,1015.25,1,Low,0
Airplane,"(600, 1000]",1,1,2008-10-06,2.0,Colorado,Approach,Medium,Some Cloud,Unknown bird - medium,True,800,False,2008,10,DENVER INTL AIRPORT,39.52920150756836,-104.65799713134766,6295.0,27.573111187238812,CO,KDEN_Denver,11.766666666666666,40.66666666666666,5.533333333333332,10.433333333333334,0.8,1012.0666666666666,1,Medium,1
Airplane,"(1000, 2000]",1,1,2008-10-06,2.0,New York,Climb,Medium,No Cloud,Unknown bird - medium,False,1500,False,2008,10,JOHN F KENNEDY INTL,40.639447,-73.779317,13.0,285.81600722845906,NY,KJFK_New_York,1.3,53.0,9.2,11.966666666666669,0.0,1014.1333333333332,1,Low,0
Airplane,"(3000, 5000]",1,1,2008-10-06,2.0,New York,Approach,Medium,No Cloud,Unknown bird - medium,True,4000,True,2008,10,BUFFALO-NIAGARA INTL,42.940498,-78.732201,728.0,16.688896633415297,NY,KJFK_New_York,1.3,53.0,9.2,11.966666666666669,0.0,1014.1333333333332,1,Medium,1
Airplane,"(-1, 0]",1,1,2008-10-06,2.0,Colorado,Landing Roll,Small,No Cloud,Unknown bird - small,False,0,False,2008,10,DENVER INTL AIRPORT,39.52920150756836,-104.65799713134766,6295.0,27.573111187238812,CO,KDEN_Denver,11.766666666666666,40.66666666666666,5.533333333333332,10.433333333333334,0.8,1012.0666666666666,1,High,2
Airplane,"(5000, 18000]",1,1,2008-10-07,2.0,New York,Descent,Medium,No Cloud,Unknown bird - medium,False,7000,False,2008,10,WESTCHESTER COUNTY ARPT,41.06700134277344,-73.70760345458984,439.0,243.3503200617849,NY,KJFK_New_York,22.35,70.0,13.4,8.1,5.7,1012.25,1,Medium,1
Airplane,"(50, 100]",1,1,2008-10-08,2.0,New York,Approach,Small,No Cloud,Unknown bird - small,False,100,True,2008,10,LONG ISLAND MAC ARTHUR,40.796324,-73.101703,99.0,292.8807816425768,NY,KJFK_New_York,14.65,63.0,21.1,12.25,1.5,1014.05,1,Medium,1
Airplane,"(3000, 5000]",1,1,2008-10-08,2.0,Illinois,Descent,Small,No Cloud,Unknown bird - small,False,3600,True,2008,10,CHICAGO MIDWAY INTL ARPT,41.785999,-87.752403,620.0,8.607490552607114,IL,KORD_Chicago,22.8,61.0,10.0,14.05,0.0,1018.05,1,Low,0
Airplane,"(30, 50]",1,1,2008-10-08,2.0,New York,Climb,Small,Some Cloud,American kestrel,False,50,True,2008,10,LAGUARDIA NY,40.777199,-73.872597,21.0,268.82670826154464,NY,KJFK_New_York,14.65,63.0,21.1,12.25,1.5,1014.05,1,Medium,1
Airplane,"(400, 600]",1,1,2008-10-08,2.0,Illinois,Approach,Medium,No Cloud,Unknown bird - medium,False,500,False,2008,10,DUPAGE AIRPORT,41.90779877,-88.24859619,759.0,32.15621751349237,IL,KORD_Chicago,22.8,61.0,10.0,14.05,0.0,1018.05,1,Low,0
Airplane,"(-1, 0]",1,1,2008-10-09,2.0,New York,Take-off run,Medium,Some Cloud,Unknown bird - medium,True,0,True,2008,10,LONG ISLAND MAC ARTHUR,40.796324,-73.101703,99.0,292.8807816425768,NY,KJFK_New_York,21.55,66.0,10.35,13.9,0.0,1009.65,1,Medium,1
Airplane,"(-1, 0]",1,1,2008-10-09,2.0,New York,Landing Roll,Small,Some Cloud,American kestrel,True,0,True,2008,10,JOHN F KENNEDY INTL,40.639447,-73.779317,13.0,285.81600722845906,NY,KJFK_New_York,21.55,66.0,10.35,13.9,0.0,1009.65,1,Medium,1
Airplane,"(30, 50]",1,1,2008-10-11,2.0,New York,Approach,Small,No Cloud,Unknown bird - small,False,50,False,2008,10,SYRACUSE HANCOCK INTL,43.11119842529297,-76.1063003540039,421.0,30.07276586498391,NY,KJFK_New_York,11.8,56.0,16.3,14.966666666666669,0.0,1007.0666666666666,1,Low,0
Airplane,"(50, 100]",1,1,2008-10-11,2.0,New York,Approach,Small,No Cloud,Unknown bird - small,False,100,False,2008,10,JOHN F KENNEDY INTL,40.639447,-73.779317,13.0,285.81600722845906,NY,KJFK_New_York,11.8,56.0,16.3,14.966666666666669,0.0,1007.0666666666666,1,Low,0
Airplane,"(3000, 5000]",1,1,2008-10-11,2.0,New York,Approach,Small,No Cloud,Unknown bird - small,True,5000,False,2008,10,WESTCHESTER COUNTY ARPT,41.06700134277344,-73.70760345458984,439.0,243.3503200617849,NY,KJFK_New_York,11.8,56.0,16.3,14.966666666666669,0.0,1007.0666666666666,1,Low,0
Airplane,"(100, 200]",1,1,2008-10-12,2.0,New York,Approach,Medium,No Cloud,Unknown bird - medium,False,200,False,2008,10,JOHN F KENNEDY INTL,40.639447,-73.779317,13.0,285.81600722845906,NY,KJFK_New_York,13.95,66.0,7.199999999999999,12.5,0.0,1010.35,1,Low,0
Airplane,"(50, 100]",1,1,2008-10-12,2.0,New York,Approach,Large,No Cloud,Double-crested cormorant,True,100,True,2008,10,JOHN F KENNEDY INTL,40.639447,-73.779317,13.0,285.81600722845906,NY,KJFK_New_York,13.95,66.0,7.199999999999999,12.5,0.0,1010.35,1,Medium,1
Airplane,"(200, 400]",1,1,2008-10-13,2.0,Illinois,Approach,Small,No Cloud,Unknown bird - small,False,300,True,2008,10,CHICAGO MIDWAY INTL ARPT,41.785999,-87.752403,620.0,8.607490552607114,IL,KORD_Chicago,17.95,35.0,3.05,15.7,0.0,1016.1,1,Low,0
Airplane,"(1000, 2000]",1,1,2008-10-13,2.0,New York,Climb,Medium,No Cloud,Unknown bird - medium,False,1500,False,2008,10,LAGUARDIA NY,40.777199,-73.872597,21.0,268.82670826154464,NY,KJFK_New_York,7.049999999999999,68.0,8.35,14.2,0.0,1011.2,1,Low,0
Airplane,"(2000, 3000]",1,1,2008-10-13,2.0,Colorado,Approach,Small,No Cloud,Unknown bird - small,True,3000,True,2008,10,DENVER INTL AIRPORT,39.52920150756836,-104.65799713134766,6295.0,27.573111187238812,CO,KDEN_Denver,23.8,75.0,3.6,14.95,0.0,1011.05,1,Low,0
Airplane,"(5000, 18000]",1,1,2008-10-14,2.0,Illinois,Descent,Small,Overcast,Unknown bird - small,False,6000,True,2008,10,CHICAGO MIDWAY INTL ARPT,41.785999,-87.752403,620.0,8.607490552607114,IL,KORD_Chicago,8.8,52.0,8.25,11.3,0.8,1014.2,1,Low,0
Airplane,"(-1, 0]",1,1,2008-10-16,2.0,New York,Take-off run,Small,Overcast,Unknown bird - small,True,0,False,2008,10,LONG ISLAND MAC ARTHUR,40.796324,-73.101703,99.0,292.8807816425768,NY,KJFK_New_York,26.8,58.0,7.25,15.35,6.7,1011.4,1,Low,0
Airplane,"(1000, 2000]",1,1,2008-10-17,2.0,New York,Approach,Medium,Some Cloud,Red-tailed hawk,True,2000,False,2008,10,SYRACUSE HANCOCK INTL,43.11119842529297,-76.1063003540039,421.0,30.07276586498391,NY,KJFK_New_York,22.266666666666666,70.66666666666667,10.333333333333334,15.466666666666669,2.8,1008.2333333333332,1,Low,0
Airplane,"(600, 1000]",1,1,2008-10-18,2.0,New York,Approach,Small,No Cloud,Unknown bird - small,False,1000,False,2008,10,LAGUARDIA NY,40.777199,-73.872597,21.0,268.82670826154464,NY,KJFK_New_York,16.5,94.0,20.950000000000003,13.4,0.0,1010.0,1,Low,0
Airplane,"(600, 1000]",1,1,2008-10-18,2.0,Illinois,Climb,Medium,Overcast,Unknown bird - medium,True,1000,False,2008,10,CHICAGO MIDWAY INTL ARPT,41.785999,-87.752403,620.0,8.607490552607114,IL,KORD_Chicago,3.5,63.0,11.95,13.3,0.9,1019.75,1,Medium,1
Airplane,"(10, 30]",1,1,2008-10-19,2.0,Colorado,Climb,Small,No Cloud,Unknown bird - small,False,20,False,2008,10,COLORADO SPRINGS MUNICIPAL,38.805801,-104.700996,6187.0,38.3672452711314,CO,KDEN_Denver,4.9,66.0,5.2,8.6,5.1,1017.75,1,Medium,1
Airplane,"(-1, 0]",1,1,2008-10-20,2.0,New York,Take-off run,Medium,No Cloud,Unknown bird - medium,True,0,True,2008,10,LONG ISLAND MAC ARTHUR,40.796324,-73.101703,99.0,292.8807816425768,NY,KJFK_New_York,13.8,57.0,12.4,13.45,0.0,1019.95,1,Medium,1
Airplane,"(100, 200]",1,1,2008-10-20,2.0,New York,Climb,Medium,No Cloud,Unknown bird - medium,False,150,False,2008,10,JOHN F KENNEDY INTL,40.639447,-73.779317,13.0,285.81600722845906,NY,KJFK_New_York,13.8,57.0,12.4,13.45,0.0,1019.95,1,Medium,1
Airplane,"(3000, 5000]",1,1,2008-10-20,2.0,New York,Approach,Medium,No Cloud,Herring gull,False,4000,False,2008,10,LAGUARDIA NY,40.777199,-73.872597,21.0,268.82670826154464,NY,KJFK_New_York,13.8,57.0,12.4,13.45,0.0,1019.95,1,Low,0
Airplane,"(2000, 3000]",1,1,2008-10-21,2.0,Illinois,Approach,Small,Some Cloud,Unknown bird - small,False,2400,True,2008,10,CHICAGO MIDWAY INTL ARPT,41.785999,-87.752403,620.0,8.607490552607114,IL,KORD_Chicago,14.2,68.0,15.15,11.55,0.0,1021.8,1,Medium,1
Airplane,"(-1, 0]",1,1,2008-10-21,2.0,New York,Landing Roll,Medium,Some Cloud,American crow,True,0,False,2008,10,WESTCHESTER COUNTY ARPT,41.06700134277344,-73.70760345458984,439.0,243.3503200617849,NY,KJFK_New_York,14.2,87.0,7.2,14.25,0.0,1007.15,1,Medium,1
Airplane,"(-1, 0]",1,1,2008-10-21,2.0,New York,Take-off run,Medium,Overcast,Herring gull,True,0,False,2008,10,ALBANY INTL,42.748299,-73.801697,285.0,94.50065050780267,NY,KJFK_New_York,14.2,87.0,7.2,14.25,0.0,1007.15,1,Medium,1
Airplane,"(100, 200]",1,1,2008-10-26,2.0,Illinois,Approach,Medium,No Cloud,Unknown bird - medium,False,200,True,2008,10,CHICAGO MIDWAY INTL ARPT,41.785999,-87.752403,620.0,8.607490552607114,IL,KORD_Chicago,8.299999999999999,51.0,15.75,11.1,0.0,1014.95,1,High,2
Airplane,"(1000, 2000]",1,1,2008-10-26,1.0,New York,Approach,Small,No Cloud,Unknown bird - small,False,1500,False,2008,10,REPUBLIC AIRPORT,40.728576,-73.414267,82.0,287.70671637970247,NY,KJFK_New_York,7.8,62.0,8.3,15.05,0.0,1015.95,1,Low,0
Airplane,"(200, 400]",1,1,2008-10-29,2.0,New York,Approach,Medium,No Cloud,Herring gull,False,300,False,2008,10,LAGUARDIA NY,40.777199,-73.872597,21.0,268.82670826154464,NY,KJFK_New_York,10.25,53.0,3.25,14.7,0.0,1007.0,1,Low,0
Airplane,"(5000, 18000]",1,1,2008-10-30,2.0,New York,Descent,Small,No Cloud,Unknown bird - small,False,6000,False,2008,10,SYRACUSE HANCOCK INTL,43.11119842529297,-76.1063003540039,421.0,30.07276586498391,NY,KJFK_New_York,-4.1,62.5,10.0,15.9,0.0,1016.3,1,Low,0
Airplane,"(3000, 5000]",1,1,2008-10-30,2.0,New York,Approach,Small,No Cloud,Unknown bird - small,False,5000,True,2008,10,JOHN F KENNEDY INTL,40.639447,-73.779317,13.0,285.81600722845906,NY,KJFK_New_York,-4.1,62.5,10.0,15.9,0.0,1016.3,1,Low,0
Airplane,"(1000, 2000]",1,1,2008-11-01,2.0,New York,Approach,Small,No Cloud,Unknown bird - small,False,2000,True,2008,11,JOHN F KENNEDY INTL,40.639447,-73.779317,13.0,285.81600722845906,NY,KJFK_New_York,12.25,51.0,4.85,10.75,0.5,998.4,1,Low,0
Airplane,"(0, 10]",1,1,2008-11-05,2.0,New York,Approach,Small,Overcast,Snow bunting,True,10,False,2008,11,ALBANY INTL,42.748299,-73.801697,285.0,94.50065050780267,NY,KJFK_New_York,18.85,85.5,8.8,14.1,2.0,1006.85,1,Medium,1
Airplane,"(3000, 5000]",1,1,2008-11-10,2.0,New York,Climb,Large,No Cloud,Unknown bird - large,False,4500,False,2008,11,LAGUARDIA NY,40.777199,-73.872597,21.0,268.82670826154464,NY,KJFK_New_York,11.45,48.5,3.55,14.65,0.0,1017.95,1,Low,0
Airplane,"(600, 1000]",1,1,2008-11-10,2.0,New York,Approach,Small,No Cloud,American robin,False,700,False,2008,11,LAGUARDIA NY,40.777199,-73.872597,21.0,268.82670826154464,NY,KJFK_New_York,11.45,48.5,3.55,14.65,0.0,1017.95,1,Low,0
Airplane,"(-1, 0]",1,1,2008-11-10,2.0,New York,Take-off run,Small,Some Cloud,Snow bunting,True,0,False,2008,11,JOHN F KENNEDY INTL,40.639447,-73.779317,13.0,285.81600722845906,NY,KJFK_New_York,11.45,48.5,3.55,14.65,0.0,1017.95,1,Low,0
Airplane,"(-1, 0]",1,1,2008-11-11,2.0,New York,Take-off run,Small,Some Cloud,American woodcock,False,0,False,2008,11,LAGUARDIA NY,40.777199,-73.872597,21.0,268.82670826154464,NY,KJFK_New_York,13.8,70.5,11.05,15.15,0.0,1018.5,1,Low,0
Airplane,"(-1, 0]",1,1,2008-11-15,3.0,Illinois,Landing Roll,Medium,Some Cloud,Peregrine falcon,True,0,False,2008,11,CHICAGO O'HARE INTL ARPT,41.9786,-87.9048,680.0,4.16460023622371,IL,KORD_Chicago,21.7,45.0,3.7,12.7,0.0,1003.15,1,High,2
Airplane,"(1000, 2000]",1,1,2008-11-17,1.0,Illinois,Approach,Medium,Overcast,Unknown bird - medium,True,1100,False,2008,11,QUAD CITY ARPT,39.6431007385,-89.14450073239999,630.0,33.991848342153304,IL,KORD_Chicago,26.15,52.5,7.8,12.45,0.0,1009.4,1,Low,0
Airplane,"(1000, 2000]",1,1,2008-11-18,2.0,New York,Approach,Medium,Some Cloud,Unknown bird - medium,False,1500,True,2008,11,LONG ISLAND MAC ARTHUR,40.796324,-73.101703,99.0,292.8807816425768,NY,KJFK_New_York,14.0,54.5,9.85,13.8,0.0,1013.8,1,Low,0
Airplane,"(600, 1000]",1,1,2008-11-18,1.0,Illinois,Approach,Medium,Some Cloud,Unknown bird - medium,False,800,False,2008,11,ST LOUIS DOWNTOWN,38.570701599100005,-90.1561965942,413.0,106.7209972741952,IL,KORD_Chicago,9.35,44.0,6.15,16.1,0.4,1015.3,1,Low,0
Airplane,"(2000, 3000]",1,1,2008-11-18,2.0,New York,Climb,Large,Some Cloud,Unknown bird - large,False,2500,False,2008,11,REPUBLIC AIRPORT,40.728576,-73.414267,82.0,287.70671637970247,NY,KJFK_New_York,14.0,54.5,9.85,13.8,0.0,1013.8,1,Low,0
Airplane,"(1000, 2000]",1,1,2008-11-20,2.0,New York,Climb,Medium,Overcast,Herring gull,False,2000,False,2008,11,LAGUARDIA NY,40.777199,-73.872597,21.0,268.82670826154464,NY,KJFK_New_York,7.2,68.0,15.15,10.45,0.0,1016.5,1,Low,0
Airplane,"(1000, 2000]",1,1,2008-11-21,2.0,New York,Climb,Medium,Overcast,Unknown bird - medium,False,1500,False,2008,11,NIAGARA FALLS INTL,43.1073,-78.946198,589.0,14.539853980397393,NY,KJFK_New_York,2.2,75.5,6.95,16.1,0.7,1005.75,1,Low,0
Airplane,"(600, 1000]",1,1,2008-12-04,2.0,Colorado,Approach,Medium,Overcast,Unknown bird - medium,True,1000,True,2008,12,DENVER INTL AIRPORT,39.52920150756836,-104.65799713134766,6295.0,27.573111187238812,CO,KDEN_Denver,8.25,73.0,7.300000000000001,14.25,1.0,1011.2,1,Medium,1
Airplane,"(5000, 18000]",1,1,2008-12-04,2.0,Colorado,Descent,Large,Some Cloud,Unknown bird - large,False,11000,True,2008,12,DENVER INTL AIRPORT,39.52920150756836,-104.65799713134766,6295.0,27.573111187238812,CO,KDEN_Denver,8.25,73.0,7.300000000000001,14.25,1.0,1011.2,1,Low,0
Airplane,"(50, 100]",1,1,2008-12-05,2.0,New York,Approach,Medium,Some Cloud,Northern harrier,True,100,False,2008,12,JOHN F KENNEDY INTL,40.639447,-73.779317,13.0,285.81600722845906,NY,KJFK_New_York,15.166666666666666,78.0,19.933333333333334,16.0,0.4,1004.3333333333334,1,Medium,1
Airplane,"(-1, 0]",1,1,2008-12-10,2.0,Colorado,Take-off run,Medium,Some Cloud,Red-tailed hawk,True,0,True,2008,12,DENVER INTL AIRPORT,39.52920150756836,-104.65799713134766,6295.0,27.573111187238812,CO,KDEN_Denver,7.0,62.5,23.75,11.05,4.1,1009.45,1,High,2
Airplane,"(-1, 0]",1,1,2008-12-18,2.0,Colorado,Take-off run,Medium,Some Cloud,Unknown bird - medium,False,0,True,2008,12,DENVER INTL AIRPORT,39.52920150756836,-104.65799713134766,6295.0,27.573111187238812,CO,KDEN_Denver,20.5,45.5,9.4,13.7,0.0,1013.75,1,High,2
Airplane,"(100, 200]",1,1,2008-12-20,2.0,New York,Approach,Medium,Some Cloud,Unknown bird - medium,True,140,True,2008,12,JOHN F KENNEDY INTL,40.639447,-73.779317,13.0,285.81600722845906,NY,KJFK_New_York,15.15,66.0,8.2,12.8,0.0,1013.55,1,Low,0
Airplane,"(5000, 18000]",1,1,2008-12-20,2.0,New York,Climb,Medium,Overcast,Unknown bird - medium,False,10000,False,2008,12,SYRACUSE HANCOCK INTL,43.11119842529297,-76.1063003540039,421.0,30.07276586498391,NY,KJFK_New_York,15.15,66.0,8.2,12.8,0.0,1013.55,1,Low,0
Airplane,"(-1, 0]",1,1,2008-12-24,2.0,New York,Landing Roll,Medium,Overcast,Unknown bird - medium,True,0,False,2008,12,JOHN F KENNEDY INTL,40.639447,-73.779317,13.0,285.81600722845906,NY,KJFK_New_York,3.85,45.5,4.85,14.5,0.0,1019.05,1,Low,0
Airplane,"(5000, 18000]",1,1,2008-12-30,1.0,Colorado,Climb,Medium,No Cloud,Unknown bird - medium,False,6000,False,2008,12,COLORADO SPRINGS MUNICIPAL,38.805801,-104.700996,6187.0,38.3672452711314,CO,KDEN_Denver,22.3,67.0,5.3,13.9,0.0,1015.1,1,Low,0
Airplane,"(600, 1000]",1,1,2008-12-30,2.0,New York,Climb,Medium,No Cloud,Long-tailed duck,True,800,False,2008,12,JOHN F KENNEDY INTL,40.639447,-73.779317,13.0,285.81600722845906,NY,KJFK_New_York,8.35,53.0,5.050000000000001,12.8,0.0,1013.5,1,Low,0
Airplane,"(100, 200]",1,1,2009-01-01,2.0,Colorado,Approach,Small,No Cloud,Unknown bird - small,True,200,False,2009,1,DENVER INTL AIRPORT,39.52920150756836,-104.65799713134766,6295.0,27.573111187238812,CO,KDEN_Denver,4.199999999999999,64.5,4.75,13.25,0.0,1010.4,1,Low,0
Airplane,"(-1, 0]",1,1,2009-01-06,2.0,Illinois,Take-off run,Medium,Overcast,Red-tailed hawk,False,0,False,2009,1,ST LOUIS DOWNTOWN,38.570701599100005,-90.1561965942,413.0,106.7209972741952,IL,KORD_Chicago,11.5,70.0,1.5,14.15,1.9,1010.85,1,Medium,1
Airplane,"(600, 1000]",1,1,2009-01-16,2.0,New York,Climb,Small,Some Cloud,Unknown bird - small,True,700,False,2009,1,WESTCHESTER COUNTY ARPT,41.06700134277344,-73.70760345458984,439.0,243.3503200617849,NY,KJFK_New_York,13.1,65.5,10.75,14.45,0.0,1007.9,1,Low,0
Airplane,"(-1, 0]",1,1,2009-01-21,2.0,New York,Take-off run,Small,No Cloud,Unknown bird - small,False,0,False,2009,1,JOHN F KENNEDY INTL,40.639447,-73.779317,13.0,285.81600722845906,NY,KJFK_New_York,-2.25,72.5,7.65,14.3,0.0,1014.15,1,Low,0
Airplane,"(0, 10]",1,1,2009-01-22,2.0,Colorado,Approach,Small,No Cloud,Unknown bird - small,False,10,True,2009,1,DENVER INTL AIRPORT,39.52920150756836,-104.65799713134766,6295.0,27.573111187238812,CO,KDEN_Denver,7.1000000000000005,55.5,16.3,12.55,0.0,1013.7,1,Medium,1
Airplane,"(50, 100]",1,1,2009-01-26,2.0,New York,Approach,Small,Some Cloud,Short-eared owl,True,75,True,2009,1,JOHN F KENNEDY INTL,40.639447,-73.779317,13.0,285.81600722845906,NY,KJFK_New_York,10.1,74.5,12.35,12.6,0.0,1011.95,1,Low,0
Airplane,"(200, 400]",1,1,2009-01-27,2.0,New York,Climb,Medium,Some Cloud,Ring-billed gull,True,300,False,2009,1,JOHN F KENNEDY INTL,40.639447,-73.779317,13.0,285.81600722845906,NY,KJFK_New_York,21.7,53.5,4.2,13.7,0.0,1014.1,1,Low,0
Airplane,"(0, 10]",1,1,2009-02-09,2.0,Colorado,Climb,Medium,No Cloud,Ring-necked pheasant,False,5,False,2009,2,KIT CARSON COUNTY,39.2425,-102.285004,4219.0,10.989884976595976,CO,KDEN_Denver,6.433333333333334,57.333333333333336,8.4,12.6,1.2,1019.9,1,High,2
Airplane,"(10, 30]",1,1,2009-02-10,2.0,Colorado,Approach,Small,No Cloud,Unknown bird - small,False,20,False,2009,2,DENVER INTL AIRPORT,39.52920150756836,-104.65799713134766,6295.0,27.573111187238812,CO,KDEN_Denver,10.05,79.5,6.1,11.5,0.0,1006.55,1,Medium,1
Airplane,"(-1, 0]",1,1,2009-02-11,2.0,New York,Landing Roll,Small,Overcast,Horned lark,False,0,False,2009,2,DUTCHESS COUNTY ARPT,41.6265983581543,-73.88420104980469,165.0,180.6127204688489,NY,KJFK_New_York,7.95,54.0,4.75,15.5,0.0,1023.75,1,Low,0
Airplane,"(30, 50]",1,1,2009-02-12,2.0,Colorado,Approach,Small,No Cloud,Unknown bird - small,True,50,False,2009,2,DENVER INTL AIRPORT,39.52920150756836,-104.65799713134766,6295.0,27.573111187238812,CO,KDEN_Denver,17.6,54.0,5.3,13.7,0.0,1016.7,1,Low,0
Airplane,"(-1, 0]",1,1,2009-02-15,2.0,New York,Landing Roll,Small,Some Cloud,Horned lark,True,0,True,2009,2,LONG ISLAND MAC ARTHUR,40.796324,-73.101703,99.0,292.8807816425768,NY,KJFK_New_York,19.03333333333333,52.333333333333336,6.733333333333333,16.1,1.1,1017.5,1,Low,0
Airplane,"(-1, 0]",1,1,2009-02-24,2.0,Colorado,Take-off run,Small,No Cloud,Unknown bird - small,False,0,False,2009,2,DENVER INTL AIRPORT,39.52920150756836,-104.65799713134766,6295.0,27.573111187238812,CO,KDEN_Denver,6.25,53.5,6.300000000000001,16.1,0.0,1017.45,1,Low,0
Airplane,"(0, 10]",1,1,2009-03-08,2.0,New York,Approach,Medium,No Cloud,Red-tailed hawk,False,5,False,2009,3,JOHN F KENNEDY INTL,40.639447,-73.779317,13.0,285.81600722845906,NY,KJFK_New_York,4.75,58.5,6.45,13.0,0.0,1013.8,1,Low,0
Airplane,"(200, 400]",1,1,2009-03-09,2.0,New York,Approach,Large,Overcast,Unknown bird - large,False,400,True,2009,3,JOHN F KENNEDY INTL,40.639447,-73.779317,13.0,285.81600722845906,NY,KJFK_New_York,12.2,72.0,12.966666666666669,13.300000000000002,4.5,1012.5333333333332,1,Medium,1
Airplane,"(400, 600]",1,1,2009-03-11,2.0,New York,Approach,Medium,Some Cloud,Unknown bird - medium,False,500,True,2009,3,ALBANY INTL,42.748299,-73.801697,285.0,94.50065050780267,NY,KJFK_New_York,21.450000000000003,70.5,8.6,13.8,0.0,1012.6,1,Low,0
Airplane,"(30, 50]",1,1,2009-03-11,2.0,New York,Approach,Medium,Overcast,Ring-billed gull,True,50,False,2009,3,WESTCHESTER COUNTY ARPT,41.06700134277344,-73.70760345458984,439.0,243.3503200617849,NY,KJFK_New_York,21.450000000000003,70.5,8.6,13.8,0.0,1012.6,1,Medium,1
Airplane,"(10, 30]",1,1,2009-03-12,2.0,New York,Approach,Medium,No Cloud,Ring-billed gull,True,20,True,2009,3,BUFFALO-NIAGARA INTL,42.940498,-78.732201,728.0,16.688896633415297,NY,KJFK_New_York,7.15,67.0,12.65,8.25,0.0,1011.85,1,High,2
Airplane,"(-1, 0]",1,1,2009-03-17,2.0,Colorado,Take-off run,Small,No Cloud,Unknown bird - small,True,0,False,2009,3,DENVER INTL AIRPORT,39.52920150756836,-104.65799713134766,6295.0,27.573111187238812,CO,KDEN_Denver,17.1,61.5,17.35,16.1,0.0,1013.15,1,Medium,1
Airplane,"(50, 100]",1,1,2009-03-20,2.0,Illinois,Approach,Large,No Cloud,Canada goose,True,100,False,2009,3,CHICAGO O'HARE INTL ARPT,41.9786,-87.9048,680.0,4.16460023622371,IL,KORD_Chicago,12.133333333333333,68.0,11.800000000000002,12.866666666666667,0.0,1016.4666666666668,1,High,2
Airplane,"(5000, 18000]",1,1,2009-03-21,2.0,Colorado,Climb,Medium,No Cloud,Unknown bird - medium,False,10000,True,2009,3,DENVER INTL AIRPORT,39.52920150756836,-104.65799713134766,6295.0,27.573111187238812,CO,KDEN_Denver,17.4,46.5,10.25,8.6,0.0,1006.15,1,Medium,1
Airplane,"(2000, 3000]",1,1,2009-03-23,2.0,Illinois,Approach,Medium,Overcast,American coot,False,2400,False,2009,3,ABRAHAM LINCOLN CAPITAL ARPT,39.844101,-89.677902,598.0,24.88369746449472,IL,KORD_Chicago,6.25,49.5,7.300000000000001,15.0,0.0,1014.5,1,Low,0
Airplane,"(-1, 0]",1,1,2009-03-24,2.0,New York,Take-off run,Small,No Cloud,Unknown bird - small,False,0,False,2009,3,WESTCHESTER COUNTY ARPT,41.06700134277344,-73.70760345458984,439.0,243.3503200617849,NY,KJFK_New_York,24.450000000000003,71.0,8.55,14.4,0.0,1018.7,1,Low,0
Airplane,"(100, 200]",1,1,2009-03-25,2.0,New York,Approach,Small,No Cloud,Rock pigeon,False,200,False,2009,3,LAGUARDIA NY,40.777199,-73.872597,21.0,268.82670826154464,NY,KJFK_New_York,15.133333333333333,60.333333333333336,14.1,15.033333333333331,0.8,1011.1666666666666,1,Low,0
Airplane,"(-1, 0]",1,1,2009-03-27,2.0,Colorado,Landing Roll,Small,No Cloud,Horned lark,False,0,True,2009,3,YAMPA VALLEY,40.481201,-107.218002,6606.0,180.83264488239317,CO,KDEN_Denver,9.4,65.0,19.35,15.55,0.0,1006.8,1,Medium,1
Airplane,"(30, 50]",1,1,2009-03-27,2.0,New York,Approach,Small,No Cloud,Killdeer,True,40,False,2009,3,JOHN F KENNEDY INTL,40.639447,-73.779317,13.0,285.81600722845906,NY,KJFK_New_York,11.5,66.5,13.65,13.7,0.0,1019.85,1,Low,0
Airplane,"(2000, 3000]",1,1,2009-03-31,2.0,New York,Approach,Small,No Cloud,Unknown bird - small,False,3000,False,2009,3,LAGUARDIA NY,40.777199,-73.872597,21.0,268.82670826154464,NY,KJFK_New_York,6.7,40.333333333333336,3.533333333333333,13.4,0.0,1013.6666666666666,1,Low,0
Airplane,"(-1, 0]",1,1,2009-03-31,2.0,New York,Take-off run,Small,No Cloud,Short-eared owl,True,0,False,2009,3,JOHN F KENNEDY INTL,40.639447,-73.779317,13.0,285.81600722845906,NY,KJFK_New_York,6.7,40.333333333333336,3.533333333333333,13.4,0.0,1013.6666666666666,1,Low,0
Airplane,"(1000, 2000]",1,1,2009-03-31,2.0,New York,Climb,Medium,Some Cloud,Mallard,True,1300,True,2009,3,JOHN F KENNEDY INTL,40.639447,-73.779317,13.0,285.81600722845906,NY,KJFK_New_York,6.7,40.333333333333336,3.533333333333333,13.4,0.0,1013.6666666666666,1,Low,0
Airplane,"(0, 10]",1,1,2009-04-05,2.0,New York,Approach,Medium,No Cloud,Unknown bird - medium,False,10,False,2009,4,JOHN F KENNEDY INTL,40.639447,-73.779317,13.0,285.81600722845906,NY,KJFK_New_York,17.766666666666666,57.0,23.73333333333333,15.800000000000002,0.0,1019.3666666666668,1,Low,0
Airplane,"(-1, 0]",1,1,2009-04-07,2.0,Illinois,Take-off run,Medium,No Cloud,Unknown bird - medium,False,0,True,2009,4,CHICAGO MIDWAY INTL ARPT,41.785999,-87.752403,620.0,8.607490552607114,IL,KORD_Chicago,10.8,83.0,12.7,14.05,0.0,1014.45,1,High,2
Airplane,"(600, 1000]",1,1,2009-04-09,2.0,Illinois,Climb,Medium,No Cloud,Unknown bird - medium,True,1000,False,2009,4,CHICAGO O'HARE INTL ARPT,41.9786,-87.9048,680.0,4.16460023622371,IL,KORD_Chicago,8.5,75.0,10.1,15.25,0.0,1002.55,1,Low,0
Airplane,"(5000, 18000]",1,1,2009-04-12,2.0,Illinois,Approach,Small,Some Cloud,Unknown bird - small,False,6000,True,2009,4,CHICAGO MIDWAY INTL ARPT,41.785999,-87.752403,620.0,8.607490552607114,IL,KORD_Chicago,2.2,78.0,12.0,12.6,0.0,1010.4,1,Medium,1
Airplane,"(10, 30]",1,1,2009-04-19,2.0,New York,Descent,Medium,Some Cloud,Red-tailed hawk,True,20,False,2009,4,WESTCHESTER COUNTY ARPT,41.06700134277344,-73.70760345458984,439.0,243.3503200617849,NY,KJFK_New_York,17.75,63.0,4.800000000000001,12.45,0.0,1015.95,1,Low,0
Airplane,"(-1, 0]",1,1,2009-04-19,2.0,Illinois,Take-off run,Medium,Overcast,Herring gull,False,0,False,2009,4,CHICAGO O'HARE INTL ARPT,41.9786,-87.9048,680.0,4.16460023622371,IL,KORD_Chicago,14.6,50.5,16.85,12.95,0.0,1016.25,1,High,2
Airplane,"(1000, 2000]",1,1,2009-04-24,2.0,Illinois,Approach,Medium,Some Cloud,Unknown bird - medium,True,1700,True,2009,4,GREATER ROCKFORD,42.1954,-89.097198,742.0,37.23938268045538,IL,KORD_Chicago,12.75,62.0,7.65,9.3,0.0,1014.1,1,Medium,1
Airplane,"(2000, 3000]",1,1,2009-04-24,2.0,New York,Approach,Small,No Cloud,Unknown bird - small,True,2500,True,2009,4,BUFFALO-NIAGARA INTL,42.940498,-78.732201,728.0,16.688896633415297,NY,KJFK_New_York,6.3,76.0,5.15,16.1,5.5,1006.7,1,Low,0
Airplane,"(400, 600]",1,1,2009-04-24,2.0,Colorado,Approach,Small,No Cloud,Unknown bird - small,False,500,True,2009,4,DENVER INTL AIRPORT,39.52920150756836,-104.65799713134766,6295.0,27.573111187238812,CO,KDEN_Denver,20.25,40.5,8.1,15.85,0.0,1008.25,1,Low,0
Airplane,"(2000, 3000]",1,1,2009-04-25,2.0,New York,Climb,Medium,No Cloud,Unknown bird - medium,False,2600,False,2009,4,JOHN F KENNEDY INTL,40.639447,-73.779317,13.0,285.81600722845906,NY,KJFK_New_York,8.2,79.5,11.45,8.65,0.0,1012.6,1,Low,0
Airplane,"(2000, 3000]",1,1,2009-04-25,2.0,New York,Approach,Medium,No Cloud,Unknown bird - medium,False,3000,False,2009,4,JOHN F KENNEDY INTL,40.639447,-73.779317,13.0,285.81600722845906,NY,KJFK_New_York,8.2,79.5,11.45,8.65,0.0,1012.6,1,Low,0
Airplane,"(2000, 3000]",1,1,2009-04-25,2.0,New York,Approach,Small,No Cloud,Unknown bird - small,False,3000,False,2009,4,JOHN F KENNEDY INTL,40.639447,-73.779317,13.0,285.81600722845906,NY,KJFK_New_York,8.2,79.5,11.45,8.65,0.0,1012.6,1,Low,0
Airplane,"(2000, 3000]",1,1,2009-04-26,2.0,New York,Approach,Small,No Cloud,Unknown bird - small,False,2500,True,2009,4,BUFFALO-NIAGARA INTL,42.940498,-78.732201,728.0,16.688896633415297,NY,KJFK_New_York,13.05,56.0,6.55,14.05,0.0,1006.35,1,Low,0
Airplane,"(600, 1000]",1,1,2009-04-27,2.0,New York,Approach,Medium,No Cloud,Unknown bird - medium,False,800,True,2009,4,ALBANY INTL,42.748299,-73.801697,285.0,94.50065050780267,NY,KJFK_New_York,3.566666666666667,63.66666666666666,6.833333333333333,12.633333333333336,0.0,1011.8666666666668,1,Low,0
Airplane,"(200, 400]",1,1,2009-04-28,2.0,New York,Climb,Small,No Cloud,Unknown bird - small,False,400,True,2009,4,LONG ISLAND MAC ARTHUR,40.796324,-73.101703,99.0,292.8807816425768,NY,KJFK_New_York,5.1,82.0,4.8,14.3,3.7,1014.6,1,Low,0
Airplane,"(100, 200]",1,1,2009-04-30,2.0,Illinois,Climb,Small,No Cloud,Unknown bird - small,False,200,False,2009,4,CHICAGO O'HARE INTL ARPT,41.9786,-87.9048,680.0,4.16460023622371,IL,KORD_Chicago,10.3,77.0,7.25,6.35,0.0,1013.9,1,Medium,1
Airplane,"(-1, 0]",1,1,2009-05-02,2.0,New York,Landing Roll,Small,Some Cloud,Mourning dove,True,0,False,2009,5,BUFFALO-NIAGARA INTL,42.940498,-78.732201,728.0,16.688896633415297,NY,KJFK_New_York,7.6,81.5,12.55,13.55,0.0,1018.1,1,High,2
Airplane,"(0, 10]",1,1,2009-05-03,2.0,Colorado,Approach,Small,Overcast,Unknown bird - small,True,5,False,2009,5,DENVER INTL AIRPORT,39.52920150756836,-104.65799713134766,6295.0,27.573111187238812,CO,KDEN_Denver,12.5,78.66666666666667,10.966666666666669,14.8,2.2,1010.4333333333334,1,Medium,1
Airplane,"(1000, 2000]",1,1,2009-05-04,2.0,Illinois,Approach,Small,No Cloud,Unknown bird - small,False,1800,True,2009,5,CHICAGO MIDWAY INTL ARPT,41.785999,-87.752403,620.0,8.607490552607114,IL,KORD_Chicago,10.45,57.5,12.75,13.55,0.3,1016.1,1,Medium,1
Airplane,"(10, 30]",1,1,2009-05-04,2.0,New York,Approach,Medium,Overcast,Herring gull,True,20,False,2009,5,JOHN F KENNEDY INTL,40.639447,-73.779317,13.0,285.81600722845906,NY,KJFK_New_York,7.049999999999999,72.0,2.55,2.85,0.9,1011.85,1,Medium,1
Airplane,"(0, 10]",1,1,2009-05-05,2.0,Colorado,Approach,Medium,No Cloud,Red-tailed hawk,False,10,False,2009,5,MONTROSE REGIONAL ARPT,38.5098,-107.893997,5759.0,277.2383550365057,CO,KDEN_Denver,18.75,62.0,14.1,12.8,0.0,1013.95,1,Medium,1
Airplane,"(400, 600]",1,1,2009-05-07,2.0,New York,Climb,Small,Some Cloud,Unknown bird - small,False,600,False,2009,5,LAGUARDIA NY,40.777199,-73.872597,21.0,268.82670826154464,NY,KJFK_New_York,8.45,70.5,16.200000000000003,14.65,0.0,1006.55,1,Low,0
Airplane,"(50, 100]",1,1,2009-05-08,2.0,Illinois,Climb,Small,Some Cloud,Unknown bird - small,False,60,False,2009,5,CHICAGO O'HARE INTL ARPT,41.9786,-87.9048,680.0,4.16460023622371,IL,KORD_Chicago,6.5,73.66666666666667,11.5,13.1,0.0,1016.8666666666668,1,Medium,1
Airplane,"(1000, 2000]",1,1,2009-05-09,2.0,New York,Climb,Small,No Cloud,Unknown bird - small,True,1500,False,2009,5,JOHN F KENNEDY INTL,40.639447,-73.779317,13.0,285.81600722845906,NY,KJFK_New_York,1.45,54.0,9.3,13.75,0.0,1010.25,1,Low,0
Airplane,"(-1, 0]",1,1,2009-05-10,2.0,Illinois,Take-off run,Medium,No Cloud,Rough-legged hawk,True,0,True,2009,5,CHICAGO O'HARE INTL ARPT,41.9786,-87.9048,680.0,4.16460023622371,IL,KORD_Chicago,4.949999999999999,59.5,6.9,11.0,0.0,1018.15,1,High,2
Airplane,"(10, 30]",1,1,2009-05-11,2.0,Illinois,Climb,Small,Some Cloud,Killdeer,False,15,False,2009,5,COLES COUNTY MEMORIAL ARPT,39.477901,-88.279198,722.0,43.46219790099617,IL,KORD_Chicago,0.5,42.0,21.75,11.8,0.0,1013.5,1,Medium,1
Airplane,"(1000, 2000]",1,1,2009-05-11,2.0,New York,Approach,Small,No Cloud,Unknown bird - small,False,1800,False,2009,5,WESTCHESTER COUNTY ARPT,41.06700134277344,-73.70760345458984,439.0,243.3503200617849,NY,KJFK_New_York,2.15,38.0,9.9,12.55,0.0,1009.4,1,Low,0
Airplane,"(-1, 0]",1,1,2009-05-12,2.0,Colorado,Take-off run,Medium,Some Cloud,Unknown bird - medium,False,0,False,2009,5,FORT COLLINS-LOVELAND,40.41207,-105.11256,5080.0,56.340696739404464,CO,KDEN_Denver,8.35,76.5,11.1,11.8,0.0,1021.75,1,High,2
Airplane,"(2000, 3000]",1,1,2009-05-14,2.0,Illinois,Approach,Medium,Overcast,Unknown bird - medium,False,3000,True,2009,5,CHICAGO MIDWAY INTL ARPT,41.785999,-87.752403,620.0,8.607490552607114,IL,KORD_Chicago,9.066666666666668,75.33333333333333,11.366666666666667,10.966666666666669,0.0,1019.4666666666668,1,Medium,1
Airplane,"(30, 50]",1,1,2009-05-14,2.0,New York,Approach,Medium,No Cloud,Mallard,False,50,False,2009,5,TOMPKINS COUNTY ARPT,42.998199,-74.329597,881.0,44.71627154992871,NY,KJFK_New_York,15.1,64.66666666666667,12.133333333333333,14.633333333333336,0.0,1015.2,1,Medium,1
Airplane,"(-1, 0]",1,1,2009-05-14,2.0,Colorado,Take-off run,Medium,Some Cloud,Unknown bird - medium,False,0,True,2009,5,DENVER INTL AIRPORT,39.52920150756836,-104.65799713134766,6295.0,27.573111187238812,CO,KDEN_Denver,20.33333333333333,57.0,9.2,14.933333333333335,0.0,1013.2666666666668,1,Medium,1
Airplane,"(-1, 0]",1,1,2009-05-15,2.0,New York,Landing Roll,Small,Some Cloud,Blackpoll warbler,True,0,False,2009,5,JOHN F KENNEDY INTL,40.639447,-73.779317,13.0,285.81600722845906,NY,KJFK_New_York,8.05,80.0,7.65,16.1,0.0,1004.9,1,Low,0
Airplane,"(-1, 0]",1,1,2009-05-16,2.0,New York,Landing Roll,Small,Overcast,European starling,True,0,False,2009,5,WESTCHESTER COUNTY ARPT,41.06700134277344,-73.70760345458984,439.0,243.3503200617849,NY,KJFK_New_York,19.85,64.0,6.75,10.75,0.5,1018.7,1,Medium,1
Airplane,"(200, 400]",1,1,2009-05-17,2.0,Illinois,Approach,Small,Some Cloud,Unknown bird - small,True,250,False,2009,5,QUAD CITY ARPT,39.6431007385,-89.14450073239999,630.0,33.991848342153304,IL,KORD_Chicago,3.2,97.5,14.65,11.25,3.0,1016.15,1,Medium,1
Airplane,"(100, 200]",1,1,2009-05-18,2.0,Colorado,Approach,Small,No Cloud,Unknown bird - small,False,200,False,2009,5,DENVER INTL AIRPORT,39.52920150756836,-104.65799713134766,6295.0,27.573111187238812,CO,KDEN_Denver,7.649999999999999,61.0,17.6,13.9,1.1,1021.1,1,High,2
Airplane,"(1000, 2000]",1,1,2009-05-19,2.0,New York,Climb,Medium,No Cloud,Unknown bird - medium,False,2000,False,2009,5,LAGUARDIA NY,40.777199,-73.872597,21.0,268.82670826154464,NY,KJFK_New_York,10.933333333333332,68.0,17.666666666666668,14.033333333333331,0.0,1012.9333333333334,1,Low,0
Airplane,"(200, 400]",1,1,2009-05-19,4.0,Illinois,Approach,Small,No Cloud,Unknown bird - small,False,300,False,2009,5,GREATER ROCKFORD,42.1954,-89.097198,742.0,37.23938268045538,IL,KORD_Chicago,13.666666666666666,70.33333333333333,5.533333333333334,12.033333333333331,1.6,1013.1333333333332,1,Medium,1
Airplane,"(2000, 3000]",1,1,2009-05-19,2.0,New York,Approach,Small,No Cloud,Chimney swift,False,3000,False,2009,5,LAGUARDIA NY,40.777199,-73.872597,21.0,268.82670826154464,NY,KJFK_New_York,10.933333333333332,68.0,17.666666666666668,14.033333333333331,0.0,1012.9333333333334,1,Low,0
Airplane,"(2000, 3000]",1,1,2009-05-19,2.0,New York,Approach,Small,No Cloud,Northern parula,False,2500,False,2009,5,LAGUARDIA NY,40.777199,-73.872597,21.0,268.82670826154464,NY,KJFK_New_York,10.933333333333332,68.0,17.666666666666668,14.033333333333331,0.0,1012.9333333333334,1,Low,0
Airplane,"(1000, 2000]",1,1,2009-05-20,2.0,New York,Approach,Medium,No Cloud,Unknown bird - medium,True,1100,False,2009,5,WESTCHESTER COUNTY ARPT,41.06700134277344,-73.70760345458984,439.0,243.3503200617849,NY,KJFK_New_York,19.85,40.5,7.0,8.600000000000001,0.0,1008.75,1,Low,0
Airplane,"(0, 10]",1,1,2009-05-22,2.0,Colorado,Approach,Small,Overcast,Unknown bird - small,False,10,True,2009,5,DENVER INTL AIRPORT,39.52920150756836,-104.65799713134766,6295.0,27.573111187238812,CO,KDEN_Denver,21.9,57.0,5.0,15.1,0.0,1012.65,1,Low,0
Airplane,"(-1, 0]",1,1,2009-05-22,2.0,Colorado,Landing Roll,Small,Some Cloud,Unknown bird - small,False,0,False,2009,5,DENVER INTL AIRPORT,39.52920150756836,-104.65799713134766,6295.0,27.573111187238812,CO,KDEN_Denver,21.9,57.0,5.0,15.1,0.0,1012.65,1,Medium,1
Airplane,"(-1, 0]",1,1,2009-05-22,2.0,Illinois,Take-off run,Small,Some Cloud,Unknown bird - small,True,0,False,2009,5,QUAD CITY ARPT,39.6431007385,-89.14450073239999,630.0,33.991848342153304,IL,KORD_Chicago,16.45,51.5,6.45,14.35,1.0,1007.05,1,Medium,1
Airplane,"(-1, 0]",1,1,2009-05-22,2.0,Colorado,Landing Roll,Small,Overcast,Unknown bird - small,True,0,False,2009,5,DENVER INTL AIRPORT,39.52920150756836,-104.65799713134766,6295.0,27.573111187238812,CO,KDEN_Denver,21.9,57.0,5.0,15.1,0.0,1012.65,1,Medium,1
Airplane,"(-1, 0]",1,1,2009-05-23,2.0,Colorado,Take-off run,Small,Some Cloud,Unknown bird - small,False,0,False,2009,5,DENVER INTL AIRPORT,39.52920150756836,-104.65799713134766,6295.0,27.573111187238812,CO,KDEN_Denver,10.95,62.5,7.9,13.3,0.4,1014.9,1,Medium,1
Airplane,"(3000, 5000]",1,1,2009-05-23,2.0,New York,Descent,Medium,Some Cloud,Unknown bird - medium,True,5000,False,2009,5,WESTCHESTER COUNTY ARPT,41.06700134277344,-73.70760345458984,439.0,243.3503200617849,NY,KJFK_New_York,7.15,85.5,5.7,8.75,0.0,1014.4,1,Low,0
Airplane,"(-1, 0]",1,1,2009-05-25,2.0,Colorado,Landing Roll,Small,Some Cloud,Unknown bird - small,False,0,False,2009,5,DENVER INTL AIRPORT,39.52920150756836,-104.65799713134766,6295.0,27.573111187238812,CO,KDEN_Denver,12.366666666666667,77.66666666666667,3.033333333333333,14.033333333333331,0.0,1011.4666666666668,1,Medium,1
Airplane,"(-1, 0]",1,1,2009-05-25,2.0,New York,Landing Roll,Large,Some Cloud,Unknown bird - large,True,0,False,2009,5,JOHN F KENNEDY INTL,40.639447,-73.779317,13.0,285.81600722845906,NY,KJFK_New_York,14.666666666666666,69.0,5.7,14.333333333333334,0.0,1006.9666666666668,1,Medium,1
Airplane,"(-1, 0]",1,1,2009-05-25,2.0,Illinois,Take-off run,Medium,Some Cloud,Ring-billed gull,True,0,True,2009,5,CHICAGO MIDWAY INTL ARPT,41.785999,-87.752403,620.0,8.607490552607114,IL,KORD_Chicago,5.033333333333333,62.333333333333336,12.366666666666664,12.266666666666666,0.2,1015.2666666666668,1,High,2
Airplane,"(1000, 2000]",1,1,2009-05-26,2.0,Illinois,Descent,Medium,Overcast,Unknown bird - medium,False,1800,False,2009,5,CHICAGO EXECUTIVE ARPT,42.114222,-87.901494,647.0,17.90602076675677,IL,KORD_Chicago,12.45,64.0,10.65,12.35,6.7,1005.2,1,Medium,1
Airplane,"(0, 10]",1,1,2009-05-27,2.0,New York,Approach,Medium,No Cloud,Unknown bird - medium,False,3,False,2009,5,SYRACUSE HANCOCK INTL,43.11119842529297,-76.1063003540039,421.0,30.07276586498391,NY,KJFK_New_York,6.7,80.0,6.15,10.4,0.0,1017.1,1,Medium,1
Airplane,"(-1, 0]",1,1,2009-05-29,2.0,New York,Landing Roll,Small,Overcast,Unknown bird - small,False,0,False,2009,5,ALBANY INTL,42.748299,-73.801697,285.0,94.50065050780267,NY,KJFK_New_York,8.750000000000002,67.0,8.5,12.45,0.0,1009.3,1,Medium,1
Airplane,"(0, 10]",1,1,2009-05-30,1.0,New York,Approach,Small,Some Cloud,Rock pigeon,False,5,False,2009,5,STEWART INTL AIRPORT,41.85419845581055,-89.08760070800781,770.0,772.6270946133457,NY,KJFK_New_York,17.566666666666666,66.0,12.1,13.766666666666667,0.0,1015.1666666666666,1,Low,0
Airplane,"(50, 100]",1,1,2009-05-31,2.0,New York,Approach,Small,No Cloud,American goldfinch,False,100,False,2009,5,WESTCHESTER COUNTY ARPT,41.06700134277344,-73.70760345458984,439.0,243.3503200617849,NY,KJFK_New_York,16.25,54.5,6.65,13.45,0.3,1011.15,1,Low,0
Airplane,"(30, 50]",1,1,2009-06-01,2.0,Colorado,Climb,Small,Some Cloud,Unknown bird - small,True,50,False,2009,6,CENTENNIAL ARPT,39.57009888,-104.848999,5885.0,22.177781438130427,CO,KDEN_Denver,20.05,51.5,15.5,8.65,0.0,1012.85,1,High,2
Airplane,"(3000, 5000]",1,1,2009-06-03,2.0,Illinois,Approach,Medium,Some Cloud,Unknown bird - medium,False,4000,True,2009,6,CHICAGO MIDWAY INTL ARPT,41.785999,-87.752403,620.0,8.607490552607114,IL,KORD_Chicago,18.8,49.0,7.25,15.05,0.0,1020.05,1,Low,0
Airplane,"(30, 50]",1,1,2009-06-03,2.0,Colorado,Climb,Small,Some Cloud,Unknown bird - small,False,50,True,2009,6,DENVER INTL AIRPORT,39.52920150756836,-104.65799713134766,6295.0,27.573111187238812,CO,KDEN_Denver,18.1,56.5,13.15,11.85,1.1,1008.75,1,High,2
Airplane,"(-1, 0]",1,1,2009-06-06,2.0,New York,Take-off run,Small,No Cloud,Killdeer,True,0,False,2009,6,BUFFALO-NIAGARA INTL,42.940498,-78.732201,728.0,16.688896633415297,NY,KJFK_New_York,23.25,44.5,9.3,12.1,0.0,1008.2,1,High,2
Airplane,"(600, 1000]",1,1,2009-06-08,2.0,Illinois,Approach,Small,Overcast,Unknown bird - small,True,1000,True,2009,6,CHICAGO MIDWAY INTL ARPT,41.785999,-87.752403,620.0,8.607490552607114,IL,KORD_Chicago,10.8,82.0,6.45,11.1,0.3,1009.5,1,Low,0
Airplane,"(-1, 0]",1,1,2009-06-08,2.0,New York,Take-off run,Medium,Overcast,Ring-billed gull,True,0,False,2009,6,BUFFALO-NIAGARA INTL,42.940498,-78.732201,728.0,16.688896633415297,NY,KJFK_New_York,20.3,61.5,22.950000000000003,13.4,0.0,1010.4,1,High,2
Airplane,"(-1, 0]",1,1,2009-06-11,2.0,Colorado,Landing Roll,Small,Some Cloud,Unknown bird - small,True,0,False,2009,6,DENVER INTL AIRPORT,39.52920150756836,-104.65799713134766,6295.0,27.573111187238812,CO,KDEN_Denver,-6.1,44.0,12.7,13.15,1.7,1017.05,1,High,2
Airplane,"(-1, 0]",1,1,2009-06-11,2.0,Colorado,Landing Roll,Small,Overcast,Unknown bird - small,False,0,False,2009,6,ASPEN-PITKIN CO/SARD,39.223202,-106.869003,7820.0,159.8702462092854,CO,KDEN_Denver,-6.1,44.0,12.7,13.15,1.7,1017.05,1,High,2
Airplane,"(-1, 0]",1,1,2009-06-14,2.0,Colorado,Landing Roll,Medium,Some Cloud,Unknown bird - medium,True,0,False,2009,6,DENVER INTL AIRPORT,39.52920150756836,-104.65799713134766,6295.0,27.573111187238812,CO,KDEN_Denver,15.95,68.0,5.75,14.55,0.5,1024.0,1,High,2
Airplane,"(0, 10]",1,1,2009-06-15,2.0,Colorado,Climb,Small,No Cloud,Unknown bird - small,True,5,False,2009,6,DENVER INTL AIRPORT,39.52920150756836,-104.65799713134766,6295.0,27.573111187238812,CO,KDEN_Denver,17.15,68.5,13.65,13.8,0.0,1009.9,1,Medium,1
Airplane,"(600, 1000]",1,1,2009-06-17,2.0,Illinois,Approach,Small,Overcast,Unknown bird - small,True,1000,True,2009,6,CHICAGO MIDWAY INTL ARPT,41.785999,-87.752403,620.0,8.607490552607114,IL,KORD_Chicago,10.25,44.5,13.45,16.1,0.0,1019.65,1,Low,0
Airplane,"(100, 200]",1,1,2009-06-18,2.0,Colorado,Climb,Small,Some Cloud,Unknown bird - small,False,200,False,2009,6,PUEBLO MEMORIAL ARPT,38.289101,-104.497002,4726.0,17.704292706523976,CO,KDEN_Denver,16.8,78.0,8.5,14.75,0.0,1015.25,1,Medium,1
Airplane,"(50, 100]",1,1,2009-06-18,2.0,Illinois,Approach,Small,No Cloud,Rock pigeon,False,100,True,2009,6,CHICAGO MIDWAY INTL ARPT,41.785999,-87.752403,620.0,8.607490552607114,IL,KORD_Chicago,19.3,96.0,12.3,14.05,0.9,1015.55,1,High,2
Airplane,"(-1, 0]",1,1,2009-06-19,2.0,Colorado,Landing Roll,Small,No Cloud,Unknown bird - small,False,0,True,2009,6,DENVER INTL AIRPORT,39.52920150756836,-104.65799713134766,6295.0,27.573111187238812,CO,KDEN_Denver,23.05,60.0,6.8500000000000005,8.75,0.0,1013.05,1,High,2
Airplane,"(200, 400]",1,1,2009-06-21,2.0,Colorado,Climb,Small,No Cloud,Unknown bird - small,False,300,False,2009,6,DENVER INTL AIRPORT,39.52920150756836,-104.65799713134766,6295.0,27.573111187238812,CO,KDEN_Denver,1.1666666666666667,63.333333333333336,5.966666666666666,11.8,0.0,1013.3333333333334,1,Medium,1
Airplane,"(-1, 0]",1,1,2009-06-23,2.0,New York,Landing Roll,Small,No Cloud,Unknown bird - small,True,0,False,2009,6,BUFFALO-NIAGARA INTL,42.940498,-78.732201,728.0,16.688896633415297,NY,KJFK_New_York,-1.4,54.5,3.4,15.5,0.0,1007.25,1,Medium,1
Airplane,"(10, 30]",1,1,2009-06-23,2.0,New York,Approach,Small,No Cloud,Killdeer,False,30,False,2009,6,STEWART INTL AIRPORT,41.85419845581055,-89.08760070800781,770.0,772.6270946133457,NY,KJFK_New_York,-1.4,54.5,3.4,15.5,0.0,1007.25,1,Low,0
Airplane,"(-1, 0]",1,1,2009-06-23,2.0,Colorado,Take-off run,Small,No Cloud,Unknown bird - small,False,0,False,2009,6,COLORADO SPRINGS MUNICIPAL,38.805801,-104.700996,6187.0,38.3672452711314,CO,KDEN_Denver,8.0,66.5,3.1500000000000004,14.85,0.0,1013.3,1,Low,0
Airplane,"(50, 100]",1,1,2009-06-23,2.0,Colorado,Climb,Small,Some Cloud,Unknown bird - small,False,100,True,2009,6,COLORADO SPRINGS MUNICIPAL,38.805801,-104.700996,6187.0,38.3672452711314,CO,KDEN_Denver,8.0,66.5,3.1500000000000004,14.85,0.0,1013.3,1,Low,0
Airplane,"(50, 100]",1,1,2009-06-24,2.0,New York,Climb,Medium,Overcast,Unknown bird - medium,True,100,True,2009,6,JOHN F KENNEDY INTL,40.639447,-73.779317,13.0,285.81600722845906,NY,KJFK_New_York,17.6,74.0,6.25,12.15,2.5,1004.4,1,Medium,1
Airplane,"(30, 50]",1,1,2009-06-25,2.0,New York,Approach,Medium,Overcast,Yellow-crowned night-heron,False,50,False,2009,6,LAGUARDIA NY,40.777199,-73.872597,21.0,268.82670826154464,NY,KJFK_New_York,18.450000000000003,62.0,21.45,14.4,0.0,1006.45,1,Low,0
Airplane,"(1000, 2000]",1,1,2009-06-25,2.0,Colorado,Approach,Medium,No Cloud,Unknown bird - medium,False,1500,True,2009,6,DENVER INTL AIRPORT,39.52920150756836,-104.65799713134766,6295.0,27.573111187238812,CO,KDEN_Denver,9.9,60.5,6.15,10.55,1.7000000000000002,1011.45,1,Medium,1
Airplane,"(0, 10]",1,1,2009-06-26,2.0,Illinois,Climb,Small,Some Cloud,American kestrel,False,10,False,2009,6,CHICAGO O'HARE INTL ARPT,41.9786,-87.9048,680.0,4.16460023622371,IL,KORD_Chicago,21.15,82.5,11.7,12.3,6.6,1015.95,1,High,2
Airplane,"(400, 600]",1,1,2009-06-27,2.0,Illinois,Climb,Small,No Cloud,Unknown bird - small,False,550,False,2009,6,CHICAGO O'HARE INTL ARPT,41.9786,-87.9048,680.0,4.16460023622371,IL,KORD_Chicago,13.8,64.33333333333333,6.633333333333333,12.266666666666666,0.0,1010.0666666666666,1,Low,0
Airplane,"(-1, 0]",1,1,2009-06-28,2.0,Illinois,Take-off run,Small,No Cloud,Killdeer,True,0,False,2009,6,CHICAGO O'HARE INTL ARPT,41.9786,-87.9048,680.0,4.16460023622371,IL,KORD_Chicago,5.050000000000001,65.5,6.95,12.05,0.0,1012.85,1,Medium,1
Airplane,"(-1, 0]",1,1,2009-06-30,2.0,New York,Take-off run,Medium,Some Cloud,Unknown bird - medium,True,0,True,2009,6,BUFFALO-NIAGARA INTL,42.940498,-78.732201,728.0,16.688896633415297,NY,KJFK_New_York,11.8,60.5,12.8,14.4,0.0,1011.4,1,High,2
Airplane,"(600, 1000]",1,1,2009-06-30,2.0,New York,Approach,Large,No Cloud,Great blue heron,False,900,True,2009,6,LAGUARDIA NY,40.777199,-73.872597,21.0,268.82670826154464,NY,KJFK_New_York,11.8,60.5,12.8,14.4,0.0,1011.4,1,Low,0
Airplane,"(200, 400]",1,1,2009-07-02,2.0,Illinois,Climb,Medium,No Cloud,Unknown bird - medium,False,300,False,2009,7,CHICAGO O'HARE INTL ARPT,41.9786,-87.9048,680.0,4.16460023622371,IL,KORD_Chicago,11.033333333333331,72.66666666666667,10.133333333333336,13.433333333333332,4.5,1015.8666666666668,1,High,2
Airplane,"(100, 200]",1,1,2009-07-02,2.0,Colorado,Approach,Small,No Cloud,Unknown bird - small,False,200,False,2009,7,COLORADO SPRINGS MUNICIPAL,38.805801,-104.700996,6187.0,38.3672452711314,CO,KDEN_Denver,11.833333333333334,83.0,17.900000000000002,12.833333333333334,1.6,1015.2,1,Medium,1
Airplane,"(-1, 0]",1,1,2009-07-04,2.0,New York,Take-off run,Small,Some Cloud,Unknown bird - small,True,0,True,2009,7,ALBANY INTL,42.748299,-73.801697,285.0,94.50065050780267,NY,KJFK_New_York,1.0999999999999996,95.0,11.1,9.2,0.0,1010.1,1,Medium,1
Airplane,"(-1, 0]",1,1,2009-07-04,2.0,Colorado,Landing Roll,Small,Some Cloud,Cliff swallow,False,0,False,2009,7,DENVER INTL AIRPORT,39.52920150756836,-104.65799713134766,6295.0,27.573111187238812,CO,KDEN_Denver,27.8,45.5,17.85,14.6,2.1,1009.5,1,High,2
Airplane,"(30, 50]",1,1,2009-07-06,2.0,Colorado,Approach,Small,No Cloud,Unknown bird - small,False,50,False,2009,7,DENVER INTL AIRPORT,39.52920150756836,-104.65799713134766,6295.0,27.573111187238812,CO,KDEN_Denver,15.45,66.0,5.6,11.5,0.0,1022.2,1,Medium,1
Airplane,"(-1, 0]",1,1,2009-07-07,2.0,New York,Take-off run,Small,Some Cloud,Barn swallow,True,0,False,2009,7,WESTCHESTER COUNTY ARPT,41.06700134277344,-73.70760345458984,439.0,243.3503200617849,NY,KJFK_New_York,18.65,58.5,5.05,13.2,0.0,1012.0,1,Low,0
Airplane,"(-1, 0]",1,1,2009-07-08,1.0,Colorado,Take-off run,Small,No Cloud,Unknown bird - small,True,0,False,2009,7,USAF ACADEMY BULLSEYE AUX AIRSTRIP,38.75830078125,-104.30699920654295,6036.0,18.785659703603432,CO,KDEN_Denver,6.766666666666666,59.0,4.866666666666666,13.366666666666667,0.0,1006.5,1,Medium,1
Airplane,"(-1, 0]",1,1,2009-07-09,1.0,Colorado,Take-off run,Small,No Cloud,Horned lark,True,0,False,2009,7,USAF ACADEMY BULLSEYE AUX AIRSTRIP,38.75830078125,-104.30699920654295,6036.0,18.785659703603432,CO,KDEN_Denver,0.6499999999999999,71.5,7.449999999999999,13.05,0.0,1019.4,1,Medium,1
Airplane,"(200, 400]",1,1,2009-07-09,2.0,New York,Approach,Medium,Some Cloud,Herring gull,True,300,False,2009,7,JOHN F KENNEDY INTL,40.639447,-73.779317,13.0,285.81600722845906,NY,KJFK_New_York,18.1,73.0,10.95,13.55,0.0,1019.4,1,Low,0
Airplane,"(-1, 0]",1,1,2009-07-10,2.0,Illinois,Take-off run,Small,Some Cloud,Unknown bird - small,True,0,True,2009,7,CHICAGO O'HARE INTL ARPT,41.9786,-87.9048,680.0,4.16460023622371,IL,KORD_Chicago,12.5,78.5,14.65,11.2,2.3,1005.15,1,High,2
Airplane,"(-1, 0]",1,1,2009-07-11,2.0,New York,Take-off run,Small,Some Cloud,Unknown bird - small,False,0,False,2009,7,GREATER ROCHESTER INTL,43.1189,-77.672401,559.0,27.86996070509405,NY,KJFK_New_York,11.25,35.0,7.9,12.4,4.6,1012.7,1,Medium,1
Airplane,"(-1, 0]",1,1,2009-07-11,2.0,Colorado,Take-off run,Small,No Cloud,Unknown bird - small,True,0,False,2009,7,DENVER INTL AIRPORT,39.52920150756836,-104.65799713134766,6295.0,27.573111187238812,CO,KDEN_Denver,14.8,75.5,3.2,15.05,0.0,1015.35,1,Low,0
Airplane,"(-1, 0]",1,1,2009-07-11,2.0,Colorado,Landing Roll,Small,No Cloud,Unknown bird - small,False,0,False,2009,7,DENVER INTL AIRPORT,39.52920150756836,-104.65799713134766,6295.0,27.573111187238812,CO,KDEN_Denver,14.8,75.5,3.2,15.05,0.0,1015.35,1,Medium,1
Airplane,"(-1, 0]",1,1,2009-07-12,2.0,New York,Take-off run,Small,Some Cloud,Tree swallow,False,0,True,2009,7,ALBANY INTL,42.748299,-73.801697,285.0,94.50065050780267,NY,KJFK_New_York,18.75,81.0,7.199999999999999,13.5,0.0,1007.35,1,Low,0
Airplane,"(1000, 2000]",1,1,2009-07-12,2.0,Illinois,Approach,Small,No Cloud,Unknown bird - small,False,1900,True,2009,7,CHICAGO MIDWAY INTL ARPT,41.785999,-87.752403,620.0,8.607490552607114,IL,KORD_Chicago,20.35,76.0,5.15,15.6,0.0,1009.75,1,Low,0
Airplane,"(400, 600]",1,1,2009-07-13,2.0,Illinois,Approach,Medium,No Cloud,Unknown bird - medium,False,550,True,2009,7,CHICAGO MIDWAY INTL ARPT,41.785999,-87.752403,620.0,8.607490552607114,IL,KORD_Chicago,7.766666666666666,62.0,2.1,10.433333333333334,0.0,1010.6666666666666,1,Medium,1
Airplane,"(-1, 0]",1,1,2009-07-13,2.0,New York,Take-off run,Small,No Cloud,Unknown bird - small,False,0,False,2009,7,WESTCHESTER COUNTY ARPT,41.06700134277344,-73.70760345458984,439.0,243.3503200617849,NY,KJFK_New_York,1.0666666666666669,89.66666666666667,3.033333333333333,13.933333333333335,5.4,1009.9,1,Medium,1
Airplane,"(-1, 0]",1,1,2009-07-14,2.0,New York,Landing Roll,Medium,No Cloud,Unknown bird - medium,False,0,False,2009,7,ELMIRA/CORNING MUNICIPAL,41.534901,-87.529503,620.0,649.5098008259092,NY,KJFK_New_York,18.2,69.0,22.4,16.1,0.0,1019.0,1,Medium,1
Airplane,"(-1, 0]",1,1,2009-07-14,2.0,Illinois,Take-off run,Small,Some Cloud,Unknown bird - small,True,0,False,2009,7,QUAD CITY ARPT,39.6431007385,-89.14450073239999,630.0,33.991848342153304,IL,KORD_Chicago,16.65,86.5,14.7,12.85,0.5,1014.15,1,Medium,1
Airplane,"(-1, 0]",1,1,2009-07-15,2.0,Illinois,Take-off run,Medium,Some Cloud,Unknown bird - medium,True,0,False,2009,7,QUAD CITY ARPT,39.6431007385,-89.14450073239999,630.0,33.991848342153304,IL,KORD_Chicago,10.4,60.5,14.2,12.45,6.3,1011.65,1,High,2
Airplane,"(-1, 0]",1,1,2009-07-15,2.0,New York,Landing Roll,Medium,No Cloud,American crow,True,0,False,2009,7,ALBANY INTL,42.748299,-73.801697,285.0,94.50065050780267,NY,KJFK_New_York,8.8,33.0,8.0,16.1,1.9,1004.85,1,High,2
Airplane,"(-1, 0]",1,1,2009-07-15,3.0,Colorado,Landing Roll,Small,Some Cloud,Western kingbird,False,0,False,2009,7,GRAND JUNCTION REGIONAL ARPT,39.126663,-108.529387,4858.0,296.1860966635,CO,KDEN_Denver,23.55,73.0,12.05,14.2,5.2,1021.8,1,Medium,1
Airplane,"(-1, 0]",1,1,2009-07-16,2.0,Colorado,Take-off run,Small,No Cloud,Unknown bird - small,True,0,False,2009,7,COLORADO SPRINGS MUNICIPAL,38.805801,-104.700996,6187.0,38.3672452711314,CO,KDEN_Denver,2.5,66.0,17.1,11.65,0.0,1012.75,1,Medium,1
Airplane,"(-1, 0]",1,1,2009-07-17,2.0,Colorado,Landing Roll,Small,No Cloud,Unknown bird - small,False,0,True,2009,7,DENVER INTL AIRPORT,39.52920150756836,-104.65799713134766,6295.0,27.573111187238812,CO,KDEN_Denver,20.1,41.5,3.55,12.3,0.0,1011.65,1,High,2
Airplane,"(10, 30]",1,1,2009-07-17,2.0,Illinois,Approach,Small,Some Cloud,Unknown bird - small,False,30,True,2009,7,CHICAGO MIDWAY INTL ARPT,41.785999,-87.752403,620.0,8.607490552607114,IL,KORD_Chicago,6.9,72.5,6.45,13.05,0.0,1017.45,1,Low,0
Airplane,"(100, 200]",1,1,2009-07-17,2.0,Illinois,Climb,Small,No Cloud,Unknown bird - small,True,200,True,2009,7,CHICAGO MIDWAY INTL ARPT,41.785999,-87.752403,620.0,8.607490552607114,IL,KORD_Chicago,6.9,72.5,6.45,13.05,0.0,1017.45,1,Low,0
Airplane,"(-1, 0]",1,1,2009-07-18,2.0,Colorado,Landing Roll,Small,No Cloud,Unknown bird - small,True,0,False,2009,7,DENVER INTL AIRPORT,39.52920150756836,-104.65799713134766,6295.0,27.573111187238812,CO,KDEN_Denver,11.9,89.0,5.0,10.05,0.0,1012.7,1,High,2
Airplane,"(-1, 0]",1,1,2009-07-18,2.0,New York,Take-off run,Small,Some Cloud,Barn swallow,True,0,False,2009,7,BUFFALO-NIAGARA INTL,42.940498,-78.732201,728.0,16.688896633415297,NY,KJFK_New_York,4.3,32.5,12.15,14.65,0.0,1014.5,1,Medium,1
Airplane,"(-1, 0]",1,1,2009-07-18,2.0,New York,Landing Roll,Small,Some Cloud,Horned lark,True,0,False,2009,7,JOHN F KENNEDY INTL,40.639447,-73.779317,13.0,285.81600722845906,NY,KJFK_New_York,4.3,32.5,12.15,14.65,0.0,1014.5,1,Medium,1
Airplane,"(-1, 0]",1,1,2009-07-19,2.0,Illinois,Take-off run,Small,No Cloud,Unknown bird - small,False,0,True,2009,7,CHICAGO MIDWAY INTL ARPT,41.785999,-87.752403,620.0,8.607490552607114,IL,KORD_Chicago,17.266666666666666,71.0,6.733333333333333,10.633333333333333,0.0,1015.0,1,Medium,1
Airplane,"(-1, 0]",1,1,2009-07-19,2.0,Colorado,Take-off run,Small,No Cloud,Unknown bird - small,False,0,False,2009,7,DENVER INTL AIRPORT,39.52920150756836,-104.65799713134766,6295.0,27.573111187238812,CO,KDEN_Denver,17.933333333333334,60.0,3.6,14.833333333333334,0.0,1013.2333333333332,1,Low,0
Airplane,"(-1, 0]",1,1,2009-07-19,1.0,New York,Taxi,Small,Some Cloud,Mourning dove,False,0,False,2009,7,ALBANY INTL,42.748299,-73.801697,285.0,94.50065050780267,NY,KJFK_New_York,11.366666666666667,54.0,9.666666666666666,13.833333333333334,0.0,1005.9666666666668,1,Low,0
Airplane,"(-1, 0]",1,1,2009-07-20,2.0,New York,Landing Roll,Small,Some Cloud,Barn swallow,True,0,False,2009,7,JOHN F KENNEDY INTL,40.639447,-73.779317,13.0,285.81600722845906,NY,KJFK_New_York,-10.5,79.5,6.25,16.1,0.0,1010.3,1,Low,0
Airplane,"(1000, 2000]",1,1,2009-07-20,2.0,Illinois,Approach,Small,Some Cloud,Unknown bird - small,False,2000,False,2009,7,AURORA MUNICIPAL ARPT,41.771900177,-88.47570037839999,712.0,24.244170734243923,IL,KORD_Chicago,12.05,41.5,7.0,11.7,1.6,1013.1,1,Low,0
Airplane,"(100, 200]",1,1,2009-07-21,1.0,Illinois,Climb,Small,No Cloud,Unknown bird - small,False,200,False,2009,7,CHICAGO EXECUTIVE ARPT,42.114222,-87.901494,647.0,17.90602076675677,IL,KORD_Chicago,10.15,73.5,17.15,12.7,0.0,1003.85,1,Medium,1
Airplane,"(-1, 0]",1,1,2009-07-22,2.0,Colorado,Landing Roll,Small,Some Cloud,Unknown bird - small,True,0,False,2009,7,DENVER INTL AIRPORT,39.52920150756836,-104.65799713134766,6295.0,27.573111187238812,CO,KDEN_Denver,15.45,60.0,9.7,14.05,0.3,1015.25,1,High,2
Airplane,"(600, 1000]",1,1,2009-07-22,2.0,Illinois,Approach,Small,Some Cloud,Unknown bird - small,False,1000,True,2009,7,CHICAGO MIDWAY INTL ARPT,41.785999,-87.752403,620.0,8.607490552607114,IL,KORD_Chicago,5.300000000000001,87.0,4.85,9.9,0.8,1015.15,1,Low,0
Airplane,"(50, 100]",1,1,2009-07-22,2.0,New York,Approach,Small,No Cloud,Unknown bird - small,True,100,False,2009,7,JOHN F KENNEDY INTL,40.639447,-73.779317,13.0,285.81600722845906,NY,KJFK_New_York,7.399999999999999,92.0,11.95,15.8,0.0,1013.6,1,Low,0
Airplane,"(-1, 0]",1,1,2009-07-23,2.0,Illinois,Landing Roll,Small,Some Cloud,Barn swallow,False,0,False,2009,7,CHICAGO O'HARE INTL ARPT,41.9786,-87.9048,680.0,4.16460023622371,IL,KORD_Chicago,6.7,97.5,8.25,10.4,0.0,1010.4,1,High,2
Airplane,"(1000, 2000]",1,1,2009-07-24,2.0,New York,Approach,Medium,Some Cloud,Unknown bird - medium,False,2000,False,2009,7,JOHN F KENNEDY INTL,40.639447,-73.779317,13.0,285.81600722845906,NY,KJFK_New_York,8.966666666666667,43.0,7.5,14.3,0.1,1014.9,1,Low,0
Airplane,"(-1, 0]",1,1,2009-07-24,2.0,New York,Landing Roll,Small,Some Cloud,Unknown bird - small,True,0,False,2009,7,LONG ISLAND MAC ARTHUR,40.796324,-73.101703,99.0,292.8807816425768,NY,KJFK_New_York,8.966666666666667,43.0,7.5,14.3,0.1,1014.9,1,Medium,1
Airplane,"(0, 10]",1,1,2009-07-25,2.0,Illinois,Climb,Medium,Some Cloud,Unknown bird - medium,True,10,True,2009,7,CHICAGO MIDWAY INTL ARPT,41.785999,-87.752403,620.0,8.607490552607114,IL,KORD_Chicago,10.65,85.5,2.95,13.35,1.8,1012.2,1,Medium,1
Airplane,"(10, 30]",1,1,2009-07-25,1.0,Colorado,Climb,Small,No Cloud,Horned lark,False,12,False,2009,7,MONTROSE REGIONAL ARPT,38.5098,-107.893997,5759.0,277.2383550365057,CO,KDEN_Denver,14.4,60.5,15.55,11.9,0.0,1011.15,1,Medium,1
Airplane,"(-1, 0]",1,1,2009-07-26,2.0,Illinois,Landing Roll,Medium,Some Cloud,Red-tailed hawk,True,0,False,2009,7,QUAD CITY ARPT,39.6431007385,-89.14450073239999,630.0,33.991848342153304,IL,KORD_Chicago,18.6,62.5,8.9,12.25,0.0,1009.1,1,High,2
Airplane,"(-1, 0]",1,1,2009-07-28,2.0,Illinois,Take-off run,Small,Some Cloud,Barn swallow,False,0,False,2009,7,UNIV OF ILLINOIS -WILLARD ARPT,40.039819,-88.276249,755.0,25.148499963897123,IL,KORD_Chicago,20.05,70.0,6.4,11.9,2.4,1016.5,1,Medium,1
Airplane,"(-1, 0]",1,1,2009-07-28,2.0,Illinois,Landing Roll,Small,Overcast,Killdeer,True,0,False,2009,7,BLOOMINGTON/NORMAL,40.4771,-88.915901,871.0,9.96741417120628,IL,KORD_Chicago,20.05,70.0,6.4,11.9,2.4,1016.5,1,High,2
Airplane,"(-1, 0]",1,1,2009-07-28,2.0,Illinois,Landing Roll,Small,No Cloud,American kestrel,True,0,True,2009,7,CHICAGO MIDWAY INTL ARPT,41.785999,-87.752403,620.0,8.607490552607114,IL,KORD_Chicago,20.05,70.0,6.4,11.9,2.4,1016.5,1,High,2
Airplane,"(-1, 0]",1,1,2009-07-28,2.0,Illinois,Landing Roll,Small,Some Cloud,Killdeer,False,0,False,2009,7,WAUKEGAN REGIONAL ARPT,42.422199249268,-87.867897033691,727.0,47.79741233555611,IL,KORD_Chicago,20.05,70.0,6.4,11.9,2.4,1016.5,1,Medium,1
Airplane,"(-1, 0]",1,1,2009-07-29,2.0,New York,Take-off run,Small,Overcast,Sanderling,True,0,True,2009,7,JOHN F KENNEDY INTL,40.639447,-73.779317,13.0,285.81600722845906,NY,KJFK_New_York,13.1,59.0,16.05,15.95,0.0,1013.15,1,Low,0
Airplane,"(600, 1000]",1,1,2009-07-30,2.0,New York,Approach,Small,Some Cloud,Unknown bird - small,False,700,False,2009,7,JOHN F KENNEDY INTL,40.639447,-73.779317,13.0,285.81600722845906,NY,KJFK_New_York,23.73333333333333,53.0,10.6,15.166666666666666,0.0,1017.0666666666666,1,Low,0
Airplane,"(30, 50]",1,1,2009-07-30,1.0,New York,Approach,Small,No Cloud,Barn swallow,True,50,False,2009,7,ALBANY INTL,42.748299,-73.801697,285.0,94.50065050780267,NY,KJFK_New_York,23.73333333333333,53.0,10.6,15.166666666666666,0.0,1017.0666666666666,1,Low,0
Airplane,"(-1, 0]",1,1,2009-07-31,2.0,New York,Landing Roll,Small,Overcast,American kestrel,True,0,False,2009,7,JOHN F KENNEDY INTL,40.639447,-73.779317,13.0,285.81600722845906,NY,KJFK_New_York,4.4,47.5,18.0,14.2,1.0,1014.3,1,Medium,1
Airplane,"(2000, 3000]",1,1,2009-08-01,2.0,Colorado,Approach,Small,Some Cloud,Unknown bird - small,True,3000,True,2009,8,DENVER INTL AIRPORT,39.52920150756836,-104.65799713134766,6295.0,27.573111187238812,CO,KDEN_Denver,20.200000000000003,76.5,2.4000000000000004,15.75,0.0,1015.25,1,Low,0
Airplane,"(0, 10]",1,1,2009-08-01,2.0,Illinois,Approach,Small,Overcast,Unknown bird - small,False,10,False,2009,8,ST LOUIS DOWNTOWN,38.570701599100005,-90.1561965942,413.0,106.7209972741952,IL,KORD_Chicago,9.5,63.0,10.4,14.2,0.0,1010.5,1,Low,0
Airplane,"(10, 30]",1,1,2009-08-04,2.0,New York,Approach,Medium,Some Cloud,Unknown bird - medium,False,30,False,2009,8,LAGUARDIA NY,40.777199,-73.872597,21.0,268.82670826154464,NY,KJFK_New_York,13.366666666666667,68.0,8.833333333333334,11.866666666666667,0.0,1011.0333333333332,1,Medium,1
Airplane,"(-1, 0]",1,1,2009-08-04,2.0,Illinois,Landing Roll,Small,Some Cloud,American kestrel,False,0,False,2009,8,CHICAGO O'HARE INTL ARPT,41.9786,-87.9048,680.0,4.16460023622371,IL,KORD_Chicago,18.9,56.0,25.133333333333336,11.966666666666669,0.0,1009.9,1,High,2
Airplane,"(-1, 0]",1,1,2009-08-04,2.0,Colorado,Landing Roll,Small,No Cloud,Mourning dove,False,0,False,2009,8,DENVER INTL AIRPORT,39.52920150756836,-104.65799713134766,6295.0,27.573111187238812,CO,KDEN_Denver,15.8,59.66666666666666,14.766666666666666,15.4,0.0,1019.7333333333332,1,High,2
Airplane,"(50, 100]",1,1,2009-08-06,2.0,Illinois,Approach,Medium,Some Cloud,Unknown bird - medium,True,100,True,2009,8,CHICAGO O'HARE INTL ARPT,41.9786,-87.9048,680.0,4.16460023622371,IL,KORD_Chicago,4.3500000000000005,60.0,11.55,13.6,0.0,1009.55,1,High,2
Airplane,"(-1, 0]",1,1,2009-08-08,2.0,Colorado,Take-off run,Medium,No Cloud,Red-tailed hawk,False,0,False,2009,8,COLORADO SPRINGS MUNICIPAL,38.805801,-104.700996,6187.0,38.3672452711314,CO,KDEN_Denver,9.05,75.0,11.5,13.95,0.0,1012.8,1,High,2
Airplane,"(-1, 0]",1,1,2009-08-09,2.0,Colorado,Landing Roll,Small,No Cloud,Unknown bird - small,False,0,False,2009,8,COLORADO SPRINGS MUNICIPAL,38.805801,-104.700996,6187.0,38.3672452711314,CO,KDEN_Denver,19.15,85.5,11.25,16.1,0.4,1011.15,1,Medium,1
Airplane,"(-1, 0]",1,1,2009-08-09,2.0,New York,Landing Roll,Small,Overcast,Barn swallow,True,0,False,2009,8,ELMIRA/CORNING MUNICIPAL,41.534901,-87.529503,620.0,649.5098008259092,NY,KJFK_New_York,15.75,63.5,19.75,15.25,2.6,1017.85,1,Medium,1
Airplane,"(-1, 0]",1,1,2009-08-12,2.0,Illinois,Landing Roll,Small,No Cloud,American kestrel,False,0,False,2009,8,CHICAGO O'HARE INTL ARPT,41.9786,-87.9048,680.0,4.16460023622371,IL,KORD_Chicago,12.3,67.5,12.4,15.6,0.0,1020.2,1,High,2
Airplane,"(5000, 18000]",1,1,2009-08-14,2.0,Colorado,Approach,Small,Some Cloud,Unknown bird - small,False,8000,False,2009,8,DENVER INTL AIRPORT,39.52920150756836,-104.65799713134766,6295.0,27.573111187238812,CO,KDEN_Denver,10.3,76.0,11.75,16.1,0.0,1006.4,1,Low,0
Airplane,"(-1, 0]",1,1,2009-08-16,2.0,Illinois,Landing Roll,Small,Some Cloud,Killdeer,False,0,False,2009,8,SCOTT AFB/MIDAMERICA,38.5452,-89.835197,459.0,100.92156920069752,IL,KORD_Chicago,16.15,59.0,8.35,13.05,0.8,1002.5,1,Medium,1
Airplane,"(100, 200]",1,1,2009-08-17,2.0,Illinois,Approach,Small,Some Cloud,Unknown bird - small,False,200,True,2009,8,CHICAGO MIDWAY INTL ARPT,41.785999,-87.752403,620.0,8.607490552607114,IL,KORD_Chicago,3.0500000000000003,65.0,7.15,12.75,0.0,1019.25,1,Low,0
Airplane,"(-1, 0]",1,1,2009-08-17,2.0,New York,Landing Roll,Small,Some Cloud,European starling,True,0,False,2009,8,BUFFALO-NIAGARA INTL,42.940498,-78.732201,728.0,16.688896633415297,NY,KJFK_New_York,12.2,53.5,12.6,10.05,0.0,1007.7,1,High,2
Airplane,"(-1, 0]",1,1,2009-08-18,2.0,New York,Landing Roll,Small,No Cloud,Mourning dove,True,0,True,2009,8,LONG ISLAND MAC ARTHUR,40.796324,-73.101703,99.0,292.8807816425768,NY,KJFK_New_York,4.1,90.5,8.85,14.2,0.0,1001.6,1,Medium,1
Airplane,"(3000, 5000]",1,1,2009-08-18,2.0,Illinois,Approach,Medium,Overcast,Unknown bird - medium,False,5000,False,2009,8,CHICAGO O'HARE INTL ARPT,41.9786,-87.9048,680.0,4.16460023622371,IL,KORD_Chicago,19.55,52.5,7.85,13.85,0.0,1005.45,1,Medium,1
Airplane,"(-1, 0]",1,1,2009-08-19,2.0,New York,Landing Roll,Small,No Cloud,European starling,True,0,True,2009,8,ALBANY INTL,42.748299,-73.801697,285.0,94.50065050780267,NY,KJFK_New_York,-7.05,88.0,8.15,14.8,0.1,1016.0,1,Medium,1
Airplane,"(2000, 3000]",1,1,2009-08-20,2.0,New York,Climb,Medium,No Cloud,Unknown bird - medium,False,3000,False,2009,8,JOHN F KENNEDY INTL,40.639447,-73.779317,13.0,285.81600722845906,NY,KJFK_New_York,4.1,44.5,13.15,14.1,0.0,1009.15,1,Low,0
Airplane,"(2000, 3000]",1,1,2009-08-21,2.0,Illinois,Approach,Small,Overcast,Unknown bird - small,False,3000,True,2009,8,CHICAGO MIDWAY INTL ARPT,41.785999,-87.752403,620.0,8.607490552607114,IL,KORD_Chicago,12.466666666666669,54.66666666666666,4.7,13.633333333333333,0.5,1016.1333333333332,1,Low,0
Airplane,"(2000, 3000]",1,1,2009-08-22,2.0,Illinois,Approach,Small,Some Cloud,Unknown bird - small,False,2500,True,2009,8,CHICAGO MIDWAY INTL ARPT,41.785999,-87.752403,620.0,8.607490552607114,IL,KORD_Chicago,5.4,64.0,11.6,15.75,0.0,1014.5,1,Low,0
Airplane,"(-1, 0]",1,1,2009-08-22,2.0,Colorado,Landing Roll,Large,No Cloud,Coyote,False,0,False,2009,8,DENVER INTL AIRPORT,39.52920150756836,-104.65799713134766,6295.0,27.573111187238812,CO,KDEN_Denver,7.05,74.5,6.6,16.1,0.0,1013.5,1,High,2
Airplane,"(-1, 0]",1,1,2009-08-22,2.0,New York,Take-off run,Small,Some Cloud,American kestrel,False,0,False,2009,8,ELMIRA/CORNING MUNICIPAL,41.534901,-87.529503,620.0,649.5098008259092,NY,KJFK_New_York,24.65,48.5,9.55,10.85,1.0,1010.6,1,Medium,1
Airplane,"(50, 100]",1,1,2009-08-22,2.0,New York,Approach,Small,Some Cloud,Rock pigeon,False,100,True,2009,8,LAGUARDIA NY,40.777199,-73.872597,21.0,268.82670826154464,NY,KJFK_New_York,24.65,48.5,9.55,10.85,1.0,1010.6,1,Low,0
Airplane,"(10, 30]",1,1,2009-08-23,2.0,Illinois,Approach,Small,No Cloud,Mourning dove,False,20,False,2009,8,GREATER PEORIA REGIONAL ARPT,38.812906,-106.120062,7946.0,1287.5633843304047,IL,KORD_Chicago,8.0,51.5,9.7,11.85,0.0,1016.4,1,Low,0
Airplane,"(200, 400]",1,1,2009-08-24,2.0,New York,Approach,Small,No Cloud,Unknown bird - small,False,400,True,2009,8,LAGUARDIA NY,40.777199,-73.872597,21.0,268.82670826154464,NY,KJFK_New_York,13.55,60.5,11.55,13.2,0.0,1020.8,1,Low,0
Airplane,"(600, 1000]",1,1,2009-08-25,2.0,Illinois,Approach,Medium,No Cloud,Unknown bird - medium,False,1000,True,2009,8,CHICAGO MIDWAY INTL ARPT,41.785999,-87.752403,620.0,8.607490552607114,IL,KORD_Chicago,4.6,55.5,9.25,10.25,0.0,1009.85,1,Medium,1
Airplane,"(-1, 0]",1,1,2009-08-25,2.0,Illinois,Landing Roll,Small,No Cloud,American kestrel,False,0,True,2009,8,CHICAGO MIDWAY INTL ARPT,41.785999,-87.752403,620.0,8.607490552607114,IL,KORD_Chicago,4.6,55.5,9.25,10.25,0.0,1009.85,1,High,2
Airplane,"(5000, 18000]",1,1,2009-08-25,2.0,Colorado,Approach,Medium,Some Cloud,Unknown bird - medium,False,8500,False,2009,8,DENVER INTL AIRPORT,39.52920150756836,-104.65799713134766,6295.0,27.573111187238812,CO,KDEN_Denver,18.0,38.0,7.6,16.1,0.0,1008.9,1,Low,0
Airplane,"(1000, 2000]",1,1,2009-08-25,2.0,Colorado,Approach,Small,No Cloud,Unknown bird - small,True,1500,True,2009,8,DENVER INTL AIRPORT,39.52920150756836,-104.65799713134766,6295.0,27.573111187238812,CO,KDEN_Denver,18.0,38.0,7.6,16.1,0.0,1008.9,1,Low,0
Airplane,"(-1, 0]",1,1,2009-08-26,2.0,New York,Take-off run,Small,Some Cloud,Unknown bird - small,True,0,True,2009,8,LONG ISLAND MAC ARTHUR,40.796324,-73.101703,99.0,292.8807816425768,NY,KJFK_New_York,14.433333333333332,63.0,8.1,13.4,0.0,1008.1333333333332,1,Low,0
Airplane,"(1000, 2000]",1,1,2009-08-27,2.0,Illinois,Approach,Small,Overcast,Unknown bird - small,False,1500,False,2009,8,CHICAGO MIDWAY INTL ARPT,41.785999,-87.752403,620.0,8.607490552607114,IL,KORD_Chicago,13.65,64.5,5.2,11.1,0.0,1012.8,1,Low,0
Airplane,"(100, 200]",1,1,2009-08-27,2.0,New York,Approach,Medium,No Cloud,Unknown bird - medium,True,200,False,2009,8,ALBANY INTL,42.748299,-73.801697,285.0,94.50065050780267,NY,KJFK_New_York,22.4,48.5,7.65,13.7,0.0,1007.2,1,Medium,1
Airplane,"(-1, 0]",1,1,2009-08-28,1.0,New York,Take-off run,Small,Some Cloud,Unknown bird - small,True,0,False,2009,8,LONG ISLAND MAC ARTHUR,40.796324,-73.101703,99.0,292.8807816425768,NY,KJFK_New_York,10.1,83.0,5.4,10.45,0.0,1015.35,1,Low,0
Airplane,"(2000, 3000]",1,1,2009-08-28,2.0,Illinois,Climb,Small,No Cloud,Unknown bird - small,False,3000,True,2009,8,CHICAGO MIDWAY INTL ARPT,41.785999,-87.752403,620.0,8.607490552607114,IL,KORD_Chicago,17.05,70.5,2.0,11.95,0.0,1020.05,1,Low,0
Airplane,"(0, 10]",1,1,2009-08-28,3.0,New York,Climb,Large,Overcast,Canada goose,False,5,False,2009,8,FRANCIS S GABRESKI ARPT,40.8437004089,-72.6317977905,67.0,309.8281000946782,NY,KJFK_New_York,10.1,83.0,5.4,10.45,0.0,1015.35,1,Medium,1
Airplane,"(0, 10]",1,1,2009-08-29,2.0,New York,Approach,Small,No Cloud,Unknown bird - small,False,10,True,2009,8,BUFFALO-NIAGARA INTL,42.940498,-78.732201,728.0,16.688896633415297,NY,KJFK_New_York,18.45,71.5,2.05,16.1,0.0,1015.3,1,Low,0
Airplane,"(100, 200]",1,1,2009-08-30,2.0,Illinois,Approach,Medium,No Cloud,Unknown bird - medium,False,200,False,2009,8,CHICAGO O'HARE INTL ARPT,41.9786,-87.9048,680.0,4.16460023622371,IL,KORD_Chicago,12.3,91.0,13.2,12.05,0.0,1010.35,1,High,2
Airplane,"(-1, 0]",1,1,2009-08-30,2.0,New York,Landing Roll,Small,Overcast,European starling,True,0,False,2009,8,BUFFALO-NIAGARA INTL,42.940498,-78.732201,728.0,16.688896633415297,NY,KJFK_New_York,10.9,64.0,8.65,14.15,0.0,1016.0,1,High,2
Airplane,"(-1, 0]",1,1,2009-08-30,2.0,New York,Take-off run,Small,Overcast,European starling,True,0,False,2009,8,BUFFALO-NIAGARA INTL,42.940498,-78.732201,728.0,16.688896633415297,NY,KJFK_New_York,10.9,64.0,8.65,14.15,0.0,1016.0,1,Medium,1
Airplane,"(-1, 0]",1,1,2009-08-30,2.0,New York,Landing Roll,Small,Some Cloud,Finches,True,0,False,2009,8,BUFFALO-NIAGARA INTL,42.940498,-78.732201,728.0,16.688896633415297,NY,KJFK_New_York,10.9,64.0,8.65,14.15,0.0,1016.0,1,High,2
Airplane,"(1000, 2000]",1,1,2009-08-31,2.0,New York,Approach,Small,Some Cloud,Unknown bird - small,False,2000,False,2009,8,WESTCHESTER COUNTY ARPT,41.06700134277344,-73.70760345458984,439.0,243.3503200617849,NY,KJFK_New_York,13.65,51.5,8.95,16.05,0.0,1019.0,1,Low,0
Airplane,"(5000, 18000]",1,1,2009-08-31,2.0,Colorado,Climb,Large,Overcast,Unknown bird - large,True,6000,False,2009,8,DENVER INTL AIRPORT,39.52920150756836,-104.65799713134766,6295.0,27.573111187238812,CO,KDEN_Denver,8.3,69.0,10.25,16.0,2.2,1015.0,1,Medium,1
Airplane,"(-1, 0]",1,1,2009-09-02,2.0,New York,Take-off run,Medium,No Cloud,Herring gull,True,0,False,2009,9,JOHN F KENNEDY INTL,40.639447,-73.779317,13.0,285.81600722845906,NY,KJFK_New_York,8.1,66.5,11.25,13.4,1.1,1019.95,1,Medium,1
Airplane,"(100, 200]",1,1,2009-09-03,2.0,Illinois,Approach,Small,Some Cloud,Unknown bird - small,True,120,True,2009,9,CHICAGO O'HARE INTL ARPT,41.9786,-87.9048,680.0,4.16460023622371,IL,KORD_Chicago,15.25,63.5,14.3,14.8,0.0,1011.2,1,Medium,1
Airplane,"(400, 600]",1,1,2009-09-03,2.0,Illinois,Approach,Small,Some Cloud,Unknown bird - small,False,500,False,2009,9,CHICAGO O'HARE INTL ARPT,41.9786,-87.9048,680.0,4.16460023622371,IL,KORD_Chicago,15.25,63.5,14.3,14.8,0.0,1011.2,1,Low,0
Airplane,"(50, 100]",1,1,2009-09-03,1.0,Illinois,Climb,Small,Some Cloud,European starling,False,100,False,2009,9,WILLIAMSON COUNTY REGIONAL,39.64260101,-106.9179993,6548.0,1343.0822483629204,IL,KORD_Chicago,15.25,63.5,14.3,14.8,0.0,1011.2,1,Low,0
Airplane,"(50, 100]",1,1,2009-09-03,2.0,Illinois,Approach,Medium,No Cloud,Unknown bird - medium,False,60,False,2009,9,CHICAGO O'HARE INTL ARPT,41.9786,-87.9048,680.0,4.16460023622371,IL,KORD_Chicago,15.25,63.5,14.3,14.8,0.0,1011.2,1,High,2
Airplane,"(400, 600]",1,1,2009-09-06,2.0,New York,Climb,Small,No Cloud,Unknown bird - small,False,500,True,2009,9,ALBANY INTL,42.748299,-73.801697,285.0,94.50065050780267,NY,KJFK_New_York,15.8,49.333333333333336,8.700000000000001,8.833333333333334,0.0,1010.8666666666668,1,Low,0
Airplane,"(10, 30]",1,1,2009-09-07,2.0,Colorado,Approach,Small,No Cloud,Horned lark,False,20,True,2009,9,DENVER INTL AIRPORT,39.52920150756836,-104.65799713134766,6295.0,27.573111187238812,CO,KDEN_Denver,25.85,73.0,10.7,12.85,0.0,1007.25,1,Medium,1
Airplane,"(600, 1000]",1,1,2009-09-08,2.0,Colorado,Climb,Small,No Cloud,Unknown bird - small,False,1000,False,2009,9,DENVER INTL AIRPORT,39.52920150756836,-104.65799713134766,6295.0,27.573111187238812,CO,KDEN_Denver,23.2,40.5,5.5,11.0,0.0,1012.0,1,Low,0
Airplane,"(-1, 0]",1,1,2009-09-08,2.0,Illinois,Take-off run,Small,Some Cloud,Unknown bird - small,False,0,False,2009,9,CHICAGO O'HARE INTL ARPT,41.9786,-87.9048,680.0,4.16460023622371,IL,KORD_Chicago,7.7,59.5,5.95,11.1,0.0,1010.0,1,Medium,1
Airplane,"(1000, 2000]",1,1,2009-09-08,2.0,Colorado,Approach,Small,Some Cloud,Unknown bird - small,True,1500,False,2009,9,DENVER INTL AIRPORT,39.52920150756836,-104.65799713134766,6295.0,27.573111187238812,CO,KDEN_Denver,23.2,40.5,5.5,11.0,0.0,1012.0,1,Low,0
Airplane,"(-1, 0]",1,1,2009-09-09,2.0,Colorado,Landing Roll,Small,No Cloud,Unknown bird - small,True,0,True,2009,9,DENVER INTL AIRPORT,39.52920150756836,-104.65799713134766,6295.0,27.573111187238812,CO,KDEN_Denver,11.7,54.5,18.1,16.1,0.0,1016.55,1,High,2
Airplane,"(3000, 5000]",1,1,2009-09-10,2.0,Illinois,Approach,Small,No Cloud,Unknown bird - small,False,4300,True,2009,9,CHICAGO O'HARE INTL ARPT,41.9786,-87.9048,680.0,4.16460023622371,IL,KORD_Chicago,14.25,55.0,6.35,16.1,0.0,1010.85,1,Low,0
Airplane,"(0, 10]",1,1,2009-09-12,2.0,Colorado,Climb,Small,Some Cloud,Unknown bird - small,True,10,True,2009,9,DENVER INTL AIRPORT,39.52920150756836,-104.65799713134766,6295.0,27.573111187238812,CO,KDEN_Denver,1.0666666666666669,68.66666666666667,9.4,12.933333333333332,0.0,1013.4333333333334,1,Medium,1
Airplane,"(600, 1000]",1,1,2009-09-13,2.0,New York,Approach,Small,No Cloud,Unknown bird - small,False,800,True,2009,9,LONG ISLAND MAC ARTHUR,40.796324,-73.101703,99.0,292.8807816425768,NY,KJFK_New_York,11.2,65.0,3.25,15.5,0.0,1009.4,1,Low,0
Airplane,"(2000, 3000]",1,1,2009-09-13,2.0,New York,Approach,Medium,No Cloud,Unknown bird - medium,False,2800,False,2009,9,JOHN F KENNEDY INTL,40.639447,-73.779317,13.0,285.81600722845906,NY,KJFK_New_York,11.2,65.0,3.25,15.5,0.0,1009.4,1,Low,0
Airplane,"(-1, 0]",1,1,2009-09-13,2.0,New York,Landing Roll,Small,No Cloud,Rock pigeon,True,0,False,2009,9,BUFFALO-NIAGARA INTL,42.940498,-78.732201,728.0,16.688896633415297,NY,KJFK_New_York,11.2,65.0,3.25,15.5,0.0,1009.4,1,Medium,1
Airplane,"(50, 100]",1,1,2009-09-14,2.0,Colorado,Climb,Small,Some Cloud,Unknown bird - small,False,100,False,2009,9,KIT CARSON COUNTY,39.2425,-102.285004,4219.0,10.989884976595976,CO,KDEN_Denver,5.25,47.0,23.25,14.0,0.0,1012.75,1,Medium,1
Airplane,"(1000, 2000]",1,1,2009-09-14,2.0,New York,Approach,Medium,Some Cloud,Unknown bird - medium,False,2000,True,2009,9,BUFFALO-NIAGARA INTL,42.940498,-78.732201,728.0,16.688896633415297,NY,KJFK_New_York,12.6,65.0,5.05,13.7,4.1,1015.25,1,Medium,1
Airplane,"(50, 100]",1,1,2009-09-14,2.0,New York,Approach,Large,Some Cloud,Osprey,True,70,False,2009,9,JOHN F KENNEDY INTL,40.639447,-73.779317,13.0,285.81600722845906,NY,KJFK_New_York,12.6,65.0,5.05,13.7,4.1,1015.25,1,Medium,1
Airplane,"(600, 1000]",1,1,2009-09-15,2.0,Colorado,Approach,Small,No Cloud,Unknown bird - small,True,1000,True,2009,9,DENVER INTL AIRPORT,39.52920150756836,-104.65799713134766,6295.0,27.573111187238812,CO,KDEN_Denver,16.25,74.0,10.2,6.9,0.0,1007.75,1,Low,0
Airplane,"(2000, 3000]",1,1,2009-09-15,2.0,Illinois,Approach,Small,No Cloud,Unknown bird - small,False,2300,True,2009,9,CHICAGO MIDWAY INTL ARPT,41.785999,-87.752403,620.0,8.607490552607114,IL,KORD_Chicago,17.6,50.5,14.0,14.7,0.0,1013.55,1,Low,0
Airplane,"(-1, 0]",1,1,2009-09-16,2.0,New York,Landing Roll,Small,Overcast,Unknown bird - small,True,0,False,2009,9,WESTCHESTER COUNTY ARPT,41.06700134277344,-73.70760345458984,439.0,243.3503200617849,NY,KJFK_New_York,15.65,83.0,3.95,11.6,0.0,1003.2,1,Medium,1
Airplane,"(3000, 5000]",1,1,2009-09-16,2.0,Illinois,Approach,Small,No Cloud,Unknown bird - small,False,3400,False,2009,9,QUAD CITY ARPT,39.6431007385,-89.14450073239999,630.0,33.991848342153304,IL,KORD_Chicago,9.15,43.0,5.5,11.4,0.4,1013.45,1,Low,0
Airplane,"(5000, 18000]",1,1,2009-09-17,2.0,Illinois,Approach,Medium,No Cloud,Unknown bird - medium,False,7000,True,2009,9,CHICAGO MIDWAY INTL ARPT,41.785999,-87.752403,620.0,8.607490552607114,IL,KORD_Chicago,19.83333333333333,65.66666666666667,8.633333333333333,12.566666666666668,0.0,1012.5333333333332,1,Medium,1
Airplane,"(1000, 2000]",1,1,2009-09-17,2.0,Colorado,Approach,Small,No Cloud,Unknown bird - small,False,1500,False,2009,9,DENVER INTL AIRPORT,39.52920150756836,-104.65799713134766,6295.0,27.573111187238812,CO,KDEN_Denver,6.233333333333333,55.333333333333336,8.299999999999999,14.6,1.2,1021.2,1,Low,0
Airplane,"(-1, 0]",1,1,2009-09-17,2.0,Illinois,Take-off run,Small,Some Cloud,American kestrel,False,0,False,2009,9,ST LOUIS DOWNTOWN,38.570701599100005,-90.1561965942,413.0,106.7209972741952,IL,KORD_Chicago,19.83333333333333,65.66666666666667,8.633333333333333,12.566666666666668,0.0,1012.5333333333332,1,Medium,1
Airplane,"(5000, 18000]",1,1,2009-09-18,2.0,Colorado,Climb,Small,No Cloud,Unknown bird - small,False,11000,False,2009,9,DENVER INTL AIRPORT,39.52920150756836,-104.65799713134766,6295.0,27.573111187238812,CO,KDEN_Denver,17.0,63.0,9.4,13.65,0.0,1007.1,1,Low,0
Airplane,"(600, 1000]",1,1,2009-09-18,2.0,Illinois,Approach,Medium,No Cloud,Unknown bird - medium,False,1000,True,2009,9,CHICAGO MIDWAY INTL ARPT,41.785999,-87.752403,620.0,8.607490552607114,IL,KORD_Chicago,17.450000000000003,81.5,12.1,9.45,0.0,1021.8,1,Medium,1
Airplane,"(10, 30]",1,1,2009-09-19,2.0,Illinois,Climb,Small,Some Cloud,Unknown bird - small,True,25,False,2009,9,QUAD CITY ARPT,39.6431007385,-89.14450073239999,630.0,33.991848342153304,IL,KORD_Chicago,16.3,86.0,13.1,14.1,0.0,1012.05,1,Medium,1
Airplane,"(-1, 0]",1,1,2009-09-20,2.0,Colorado,Landing Roll,Small,No Cloud,Unknown bird - small,False,0,False,2009,9,COLORADO SPRINGS MUNICIPAL,38.805801,-104.700996,6187.0,38.3672452711314,CO,KDEN_Denver,22.7,35.0,9.25,14.85,0.0,1017.95,1,Medium,1
Airplane,"(-1, 0]",1,1,2009-09-20,2.0,New York,Landing Roll,Small,No Cloud,Mourning dove,True,0,False,2009,9,BUFFALO-NIAGARA INTL,42.940498,-78.732201,728.0,16.688896633415297,NY,KJFK_New_York,20.55,48.5,8.8,10.65,0.0,1004.75,1,High,2
Airplane,"(-1, 0]",1,1,2009-09-21,2.0,Colorado,Take-off run,Small,Some Cloud,Unknown bird - small,False,0,False,2009,9,DENVER INTL AIRPORT,39.52920150756836,-104.65799713134766,6295.0,27.573111187238812,CO,KDEN_Denver,16.549999999999997,73.0,11.1,13.75,0.5,1012.5,1,Medium,1
Airplane,"(1000, 2000]",1,1,2009-09-22,2.0,Illinois,Approach,Small,Overcast,Unknown bird - small,False,1200,False,2009,9,CHICAGO MIDWAY INTL ARPT,41.785999,-87.752403,620.0,8.607490552607114,IL,KORD_Chicago,5.95,55.0,9.6,16.1,0.0,1018.05,1,Low,0
Airplane,"(100, 200]",1,1,2009-09-24,2.0,Colorado,Climb,Small,No Cloud,Unknown bird - small,True,200,True,2009,9,DENVER INTL AIRPORT,39.52920150756836,-104.65799713134766,6295.0,27.573111187238812,CO,KDEN_Denver,33.0,47.5,10.05,13.6,1.9,1008.65,1,Medium,1
Airplane,"(5000, 18000]",1,1,2009-09-24,2.0,Illinois,Approach,Small,Overcast,Unknown bird - small,False,5300,False,2009,9,GREATER ROCKFORD,42.1954,-89.097198,742.0,37.23938268045538,IL,KORD_Chicago,21.3,66.5,14.95,14.1,0.0,1009.85,1,Low,0
Airplane,"(1000, 2000]",1,1,2009-09-24,2.0,Illinois,Climb,Small,Overcast,Unknown bird - small,False,1900,False,2009,9,CHICAGO O'HARE INTL ARPT,41.9786,-87.9048,680.0,4.16460023622371,IL,KORD_Chicago,21.3,66.5,14.95,14.1,0.0,1009.85,1,Medium,1
Airplane,"(-1, 0]",1,1,2009-09-24,2.0,Colorado,Landing Roll,Small,Some Cloud,Horned lark,True,0,True,2009,9,DENVER INTL AIRPORT,39.52920150756836,-104.65799713134766,6295.0,27.573111187238812,CO,KDEN_Denver,33.0,47.5,10.05,13.6,1.9,1008.65,1,High,2
Airplane,"(2000, 3000]",1,1,2009-09-24,2.0,Illinois,Approach,Small,No Cloud,Unknown bird - small,False,2400,True,2009,9,CHICAGO MIDWAY INTL ARPT,41.785999,-87.752403,620.0,8.607490552607114,IL,KORD_Chicago,21.3,66.5,14.95,14.1,0.0,1009.85,1,Medium,1
Airplane,"(-1, 0]",1,1,2009-09-25,2.0,Colorado,Landing Roll,Small,Some Cloud,Unknown bird - small,False,0,False,2009,9,COLORADO SPRINGS MUNICIPAL,38.805801,-104.700996,6187.0,38.3672452711314,CO,KDEN_Denver,10.75,50.0,11.35,14.8,1.8,1008.9,1,Medium,1
Airplane,"(1000, 2000]",1,1,2009-09-26,2.0,Illinois,Approach,Large,Overcast,Unknown bird - large,True,1100,False,2009,9,CHICAGO O'HARE INTL ARPT,41.9786,-87.9048,680.0,4.16460023622371,IL,KORD_Chicago,1.5,73.5,13.7,12.45,0.0,1007.65,1,High,2
Airplane,"(5000, 18000]",1,1,2009-09-26,2.0,Illinois,Descent,Medium,No Cloud,Unknown bird - medium,False,7500,True,2009,9,CHICAGO MIDWAY INTL ARPT,41.785999,-87.752403,620.0,8.607490552607114,IL,KORD_Chicago,1.5,73.5,13.7,12.45,0.0,1007.65,1,Medium,1
Airplane,"(200, 400]",1,1,2009-09-28,2.0,Illinois,Approach,Small,No Cloud,Unknown bird - small,False,300,True,2009,9,CHICAGO MIDWAY INTL ARPT,41.785999,-87.752403,620.0,8.607490552607114,IL,KORD_Chicago,9.266666666666667,80.66666666666667,8.9,14.166666666666666,0.7,1018.6333333333332,1,Medium,1
Airplane,"(-1, 0]",1,1,2009-09-28,2.0,Illinois,Landing Roll,Small,Some Cloud,American golden-plover,True,0,True,2009,9,GREATER ROCKFORD,42.1954,-89.097198,742.0,37.23938268045538,IL,KORD_Chicago,9.266666666666667,80.66666666666667,8.9,14.166666666666666,0.7,1018.6333333333332,1,Medium,1
Airplane,"(30, 50]",1,1,2009-09-29,2.0,New York,Approach,Large,No Cloud,Double-crested cormorant,True,50,False,2009,9,LAGUARDIA NY,40.777199,-73.872597,21.0,268.82670826154464,NY,KJFK_New_York,16.4,56.0,6.75,13.4,0.0,1011.5,1,Medium,1
Airplane,"(100, 200]",1,1,2009-09-30,1.0,Illinois,Approach,Medium,No Cloud,Unknown bird - medium,False,150,False,2009,9,ST LOUIS DOWNTOWN,38.570701599100005,-90.1561965942,413.0,106.7209972741952,IL,KORD_Chicago,15.2,59.5,14.35,16.1,0.0,1015.95,1,Medium,1
Airplane,"(3000, 5000]",1,1,2009-09-30,2.0,Illinois,Approach,Small,No Cloud,Unknown bird - small,False,3700,True,2009,9,CHICAGO MIDWAY INTL ARPT,41.785999,-87.752403,620.0,8.607490552607114,IL,KORD_Chicago,15.2,59.5,14.35,16.1,0.0,1015.95,1,Low,0
Airplane,"(3000, 5000]",1,1,2009-10-01,2.0,New York,Approach,Small,Some Cloud,Gray-cheeked thrush,True,4000,True,2009,10,LAGUARDIA NY,40.777199,-73.872597,21.0,268.82670826154464,NY,KJFK_New_York,15.45,68.5,13.55,15.95,0.0,1008.1,1,Low,0
Airplane,"(-1, 0]",1,1,2009-10-02,2.0,Illinois,Take-off run,Small,Some Cloud,Unknown bird - small,True,0,True,2009,10,CHICAGO O'HARE INTL ARPT,41.9786,-87.9048,680.0,4.16460023622371,IL,KORD_Chicago,16.75,44.0,8.3,12.65,0.0,1009.45,1,Medium,1
Airplane,"(-1, 0]",1,1,2009-10-02,2.0,New York,Landing Roll,Small,Some Cloud,Unknown bird - small,True,0,True,2009,10,BUFFALO-NIAGARA INTL,42.940498,-78.732201,728.0,16.688896633415297,NY,KJFK_New_York,12.75,81.5,6.65,15.85,0.4,1019.55,1,Medium,1
Airplane,"(1000, 2000]",1,1,2009-10-04,2.0,Illinois,Approach,Small,Some Cloud,Unknown bird - small,True,1500,False,2009,10,CHICAGO O'HARE INTL ARPT,41.9786,-87.9048,680.0,4.16460023622371,IL,KORD_Chicago,16.0,58.0,6.366666666666667,12.2,0.0,1013.1666666666666,1,Low,0
Airplane,"(2000, 3000]",1,1,2009-10-04,2.0,Illinois,Climb,Large,Some Cloud,Unknown bird - large,True,3000,False,2009,10,CHICAGO O'HARE INTL ARPT,41.9786,-87.9048,680.0,4.16460023622371,IL,KORD_Chicago,16.0,58.0,6.366666666666667,12.2,0.0,1013.1666666666666,1,Medium,1
Airplane,"(0, 10]",1,1,2009-10-04,2.0,Illinois,Climb,Medium,Overcast,Unknown bird - medium,True,10,False,2009,10,CHICAGO O'HARE INTL ARPT,41.9786,-87.9048,680.0,4.16460023622371,IL,KORD_Chicago,16.0,58.0,6.366666666666667,12.2,0.0,1013.1666666666666,1,Medium,1
Airplane,"(400, 600]",1,1,2009-10-05,2.0,New York,Approach,Small,No Cloud,Unknown bird - small,False,500,False,2009,10,JOHN F KENNEDY INTL,40.639447,-73.779317,13.0,285.81600722845906,NY,KJFK_New_York,5.35,69.5,12.55,9.65,0.0,1010.55,1,Low,0
Airplane,"(50, 100]",1,1,2009-10-05,2.0,New York,Approach,Medium,No Cloud,Unknown bird - medium,True,100,True,2009,10,JOHN F KENNEDY INTL,40.639447,-73.779317,13.0,285.81600722845906,NY,KJFK_New_York,5.35,69.5,12.55,9.65,0.0,1010.55,1,Medium,1
Airplane,"(-1, 0]",1,1,2009-10-05,2.0,Illinois,Landing Roll,Small,Some Cloud,Mourning dove,True,0,False,2009,10,CHICAGO O'HARE INTL ARPT,41.9786,-87.9048,680.0,4.16460023622371,IL,KORD_Chicago,13.85,64.0,5.05,15.8,1.3,1010.35,1,Medium,1
Airplane,"(400, 600]",1,1,2009-10-05,2.0,New York,Approach,Small,No Cloud,House wren,False,500,False,2009,10,LAGUARDIA NY,40.777199,-73.872597,21.0,268.82670826154464,NY,KJFK_New_York,5.35,69.5,12.55,9.65,0.0,1010.55,1,Low,0
Airplane,"(30, 50]",1,1,2009-10-05,2.0,New York,Approach,Small,No Cloud,Cedar waxwing,True,50,False,2009,10,JOHN F KENNEDY INTL,40.639447,-73.779317,13.0,285.81600722845906,NY,KJFK_New_York,5.35,69.5,12.55,9.65,0.0,1010.55,1,Medium,1
Airplane,"(-1, 0]",1,1,2009-10-06,2.0,Illinois,Take-off run,Small,No Cloud,Unknown bird - small,False,0,True,2009,10,CHICAGO MIDWAY INTL ARPT,41.785999,-87.752403,620.0,8.607490552607114,IL,KORD_Chicago,17.65,64.0,11.95,12.9,0.0,1016.4,1,High,2
Airplane,"(200, 400]",1,1,2009-10-06,2.0,Illinois,Climb,Small,Some Cloud,Unknown bird - small,False,400,False,2009,10,CHICAGO O'HARE INTL ARPT,41.9786,-87.9048,680.0,4.16460023622371,IL,KORD_Chicago,17.65,64.0,11.95,12.9,0.0,1016.4,1,Medium,1
Airplane,"(5000, 18000]",1,1,2009-10-06,2.0,Illinois,Approach,Medium,No Cloud,Unknown bird - medium,False,5500,True,2009,10,CHICAGO MIDWAY INTL ARPT,41.785999,-87.752403,620.0,8.607490552607114,IL,KORD_Chicago,17.65,64.0,11.95,12.9,0.0,1016.4,1,Medium,1
Airplane,"(100, 200]",1,1,2009-10-06,2.0,New York,Approach,Small,No Cloud,Northern flicker,True,200,False,2009,10,JOHN F KENNEDY INTL,40.639447,-73.779317,13.0,285.81600722845906,NY,KJFK_New_York,17.65,77.5,25.05,15.95,0.0,1023.05,1,Low,0
Airplane,"(0, 10]",1,1,2009-10-06,2.0,Colorado,Approach,Small,No Cloud,Unknown bird - small,True,10,False,2009,10,DENVER INTL AIRPORT,39.52920150756836,-104.65799713134766,6295.0,27.573111187238812,CO,KDEN_Denver,14.7,71.0,8.450000000000001,14.4,0.0,1011.2,1,Medium,1
Airplane,"(3000, 5000]",1,1,2009-10-09,2.0,Illinois,Approach,Small,No Cloud,Unknown bird - small,False,3500,True,2009,10,CHICAGO MIDWAY INTL ARPT,41.785999,-87.752403,620.0,8.607490552607114,IL,KORD_Chicago,21.566666666666663,54.0,10.6,14.233333333333334,0.0,1020.3,1,Low,0
Airplane,"(-1, 0]",1,1,2009-10-10,2.0,New York,Take-off run,Small,Some Cloud,Unknown bird - small,True,0,False,2009,10,BUFFALO-NIAGARA INTL,42.940498,-78.732201,728.0,16.688896633415297,NY,KJFK_New_York,8.6,68.5,13.0,16.1,0.0,1012.55,1,Medium,1
Airplane,"(-1, 0]",1,1,2009-10-10,2.0,Illinois,Landing Roll,Small,Overcast,Chimney swift,True,0,False,2009,10,CHICAGO O'HARE INTL ARPT,41.9786,-87.9048,680.0,4.16460023622371,IL,KORD_Chicago,14.7,82.5,3.35,11.75,1.5,1020.4,1,High,2
Airplane,"(0, 10]",1,1,2009-10-11,2.0,Illinois,Approach,Small,Some Cloud,Unknown bird - small,True,10,True,2009,10,CHICAGO MIDWAY INTL ARPT,41.785999,-87.752403,620.0,8.607490552607114,IL,KORD_Chicago,4.85,50.5,5.05,13.95,0.0,1007.9,1,Low,0
Airplane,"(3000, 5000]",1,1,2009-10-11,2.0,New York,Approach,Medium,No Cloud,Unknown bird - medium,False,4000,False,2009,10,LAGUARDIA NY,40.777199,-73.872597,21.0,268.82670826154464,NY,KJFK_New_York,5.1,55.0,4.3,12.2,0.0,1011.3,1,Low,0
Airplane,"(3000, 5000]",1,1,2009-10-11,2.0,New York,Descent,Medium,No Cloud,Unknown bird - medium,False,5000,True,2009,10,LONG ISLAND MAC ARTHUR,40.796324,-73.101703,99.0,292.8807816425768,NY,KJFK_New_York,5.1,55.0,4.3,12.2,0.0,1011.3,1,Low,0
Airplane,"(-1, 0]",1,1,2009-10-11,2.0,New York,Take-off run,Small,Some Cloud,Killdeer,True,0,False,2009,10,BUFFALO-NIAGARA INTL,42.940498,-78.732201,728.0,16.688896633415297,NY,KJFK_New_York,5.1,55.0,4.3,12.2,0.0,1011.3,1,Medium,1
Airplane,"(600, 1000]",1,1,2009-10-11,2.0,New York,Approach,Small,Some Cloud,Swamp sparrow,False,1000,True,2009,10,LAGUARDIA NY,40.777199,-73.872597,21.0,268.82670826154464,NY,KJFK_New_York,5.1,55.0,4.3,12.2,0.0,1011.3,1,Low,0
Airplane,"(-1, 0]",1,1,2009-10-11,2.0,New York,Landing Roll,Large,No Cloud,White-tailed deer,False,0,False,2009,10,FRANCIS S GABRESKI ARPT,40.8437004089,-72.6317977905,67.0,309.8281000946782,NY,KJFK_New_York,5.1,55.0,4.3,12.2,0.0,1011.3,1,High,2
Airplane,"(-1, 0]",1,1,2009-10-11,2.0,Illinois,Take-off run,Small,Some Cloud,Chimney swift,True,0,False,2009,10,CHICAGO O'HARE INTL ARPT,41.9786,-87.9048,680.0,4.16460023622371,IL,KORD_Chicago,4.85,50.5,5.05,13.95,0.0,1007.9,1,Medium,1
Airplane,"(-1, 0]",1,1,2009-10-11,2.0,Illinois,Landing Roll,Small,Some Cloud,Unknown bird - small,True,0,False,2009,10,CHICAGO O'HARE INTL ARPT,41.9786,-87.9048,680.0,4.16460023622371,IL,KORD_Chicago,4.85,50.5,5.05,13.95,0.0,1007.9,1,Medium,1
Airplane,"(2000, 3000]",1,1,2009-10-12,2.0,New York,Approach,Medium,No Cloud,Unknown bird - medium,False,3000,False,2009,10,JOHN F KENNEDY INTL,40.639447,-73.779317,13.0,285.81600722845906,NY,KJFK_New_York,18.3,63.0,13.45,13.95,3.4,1016.85,1,Low,0
Airplane,"(100, 200]",1,1,2009-10-14,2.0,New York,Climb,Medium,Some Cloud,Unknown bird - medium,True,200,False,2009,10,WESTCHESTER COUNTY ARPT,41.06700134277344,-73.70760345458984,439.0,243.3503200617849,NY,KJFK_New_York,3.5500000000000003,64.0,7.75,13.65,0.9,1008.2,1,Medium,1
Airplane,"(3000, 5000]",1,1,2009-10-14,2.0,Colorado,Climb,Medium,No Cloud,Unknown bird - medium,False,4600,True,2009,10,DENVER INTL AIRPORT,39.52920150756836,-104.65799713134766,6295.0,27.573111187238812,CO,KDEN_Denver,-0.0499999999999998,58.0,4.75,10.75,6.7,1007.4,1,Medium,1
Airplane,"(200, 400]",1,1,2009-10-14,2.0,New York,Approach,Medium,Some Cloud,Brant,True,300,False,2009,10,JOHN F KENNEDY INTL,40.639447,-73.779317,13.0,285.81600722845906,NY,KJFK_New_York,3.5500000000000003,64.0,7.75,13.65,0.9,1008.2,1,Medium,1
Airplane,"(2000, 3000]",1,1,2009-10-16,2.0,Colorado,Approach,Medium,No Cloud,Unknown bird - medium,False,2600,True,2009,10,DENVER INTL AIRPORT,39.52920150756836,-104.65799713134766,6295.0,27.573111187238812,CO,KDEN_Denver,11.1,68.0,9.15,10.05,0.0,1015.55,1,Medium,1
Airplane,"(0, 10]",1,1,2009-10-16,2.0,Colorado,Climb,Large,No Cloud,Great horned owl,True,10,True,2009,10,DENVER INTL AIRPORT,39.52920150756836,-104.65799713134766,6295.0,27.573111187238812,CO,KDEN_Denver,11.1,68.0,9.15,10.05,0.0,1015.55,1,High,2
Airplane,"(3000, 5000]",1,1,2009-10-17,2.0,Illinois,Approach,Small,Some Cloud,Unknown bird - small,False,3500,False,2009,10,CHICAGO O'HARE INTL ARPT,41.9786,-87.9048,680.0,4.16460023622371,IL,KORD_Chicago,13.9,69.5,5.5,13.95,2.4,1015.65,1,Low,0
Airplane,"(-1, 0]",1,1,2009-10-18,2.0,Colorado,Landing Roll,Small,No Cloud,Unknown bird - small,False,0,True,2009,10,DENVER INTL AIRPORT,39.52920150756836,-104.65799713134766,6295.0,27.573111187238812,CO,KDEN_Denver,9.6,79.0,4.9,15.55,0.1,1013.05,1,Medium,1
Airplane,"(-1, 0]",1,1,2009-10-18,2.0,Colorado,Take-off run,Small,No Cloud,Unknown bird - small,False,0,False,2009,10,DENVER INTL AIRPORT,39.52920150756836,-104.65799713134766,6295.0,27.573111187238812,CO,KDEN_Denver,9.6,79.0,4.9,15.55,0.1,1013.05,1,Medium,1
Airplane,"(3000, 5000]",1,1,2009-10-18,2.0,New York,Climb,Small,Some Cloud,Unknown bird - small,True,3500,False,2009,10,WESTCHESTER COUNTY ARPT,41.06700134277344,-73.70760345458984,439.0,243.3503200617849,NY,KJFK_New_York,28.8,58.0,5.55,13.45,4.0,1017.6,1,Low,0
Airplane,"(5000, 18000]",1,1,2009-10-19,2.0,New York,Approach,Large,No Cloud,Unknown bird - large,False,9000,False,2009,10,LAGUARDIA NY,40.777199,-73.872597,21.0,268.82670826154464,NY,KJFK_New_York,5.300000000000001,81.0,6.15,11.15,0.1,1012.75,1,Low,0
Airplane,"(10, 30]",1,1,2009-10-20,2.0,New York,Approach,Large,No Cloud,Double-crested cormorant,True,20,False,2009,10,LAGUARDIA NY,40.777199,-73.872597,21.0,268.82670826154464,NY,KJFK_New_York,10.6,67.33333333333333,15.133333333333333,13.066666666666668,0.0,1013.9333333333334,1,Medium,1
Airplane,"(400, 600]",1,1,2009-10-21,4.0,New York,Climb,Medium,Some Cloud,Unknown bird - medium,False,500,False,2009,10,JOHN F KENNEDY INTL,40.639447,-73.779317,13.0,285.81600722845906,NY,KJFK_New_York,13.35,49.5,7.55,9.05,0.0,1022.8,1,Low,0
Airplane,"(3000, 5000]",1,1,2009-10-21,2.0,New York,Approach,Medium,Some Cloud,Unknown bird - medium,True,4000,False,2009,10,LAGUARDIA NY,40.777199,-73.872597,21.0,268.82670826154464,NY,KJFK_New_York,13.35,49.5,7.55,9.05,0.0,1022.8,1,Low,0
Airplane,"(100, 200]",1,1,2009-10-22,2.0,Colorado,Approach,Small,Some Cloud,Unknown bird - small,True,200,True,2009,10,DENVER INTL AIRPORT,39.52920150756836,-104.65799713134766,6295.0,27.573111187238812,CO,KDEN_Denver,1.75,67.5,14.4,15.45,0.0,1013.55,1,Medium,1
Airplane,"(-1, 0]",1,1,2009-10-22,2.0,New York,Take-off run,Small,Some Cloud,Mourning dove,True,0,False,2009,10,WESTCHESTER COUNTY ARPT,41.06700134277344,-73.70760345458984,439.0,243.3503200617849,NY,KJFK_New_York,4.6,76.5,12.75,9.1,0.0,1009.85,1,Medium,1
Airplane,"(30, 50]",1,1,2009-10-23,1.0,Colorado,Climb,Large,No Cloud,Unknown bird - large,False,50,False,2009,10,VANCE BRAND ARPT,40.1637,-105.163002,5055.0,28.39621342302468,CO,KDEN_Denver,20.25,60.0,12.2,8.7,0.0,1018.65,1,High,2
Airplane,"(-1, 0]",1,1,2009-10-24,2.0,New York,Landing Roll,Small,Overcast,Unknown bird - small,False,0,True,2009,10,LONG ISLAND MAC ARTHUR,40.796324,-73.101703,99.0,292.8807816425768,NY,KJFK_New_York,19.25,64.5,7.399999999999999,15.85,0.0,1019.05,1,Low,0
Airplane,"(2000, 3000]",1,1,2009-10-24,2.0,Illinois,Approach,Small,No Cloud,Unknown bird - small,False,2200,False,2009,10,CHICAGO O'HARE INTL ARPT,41.9786,-87.9048,680.0,4.16460023622371,IL,KORD_Chicago,19.1,67.5,6.699999999999999,11.0,0.5,1010.15,1,Low,0
Airplane,"(5000, 18000]",1,1,2009-10-24,2.0,Illinois,Approach,Small,Overcast,Unknown bird - small,False,6000,True,2009,10,CHICAGO MIDWAY INTL ARPT,41.785999,-87.752403,620.0,8.607490552607114,IL,KORD_Chicago,19.1,67.5,6.699999999999999,11.0,0.5,1010.15,1,Low,0
Airplane,"(5000, 18000]",1,1,2009-10-25,2.0,Colorado,Climb,Medium,Some Cloud,Unknown bird - medium,False,7600,False,2009,10,DENVER INTL AIRPORT,39.52920150756836,-104.65799713134766,6295.0,27.573111187238812,CO,KDEN_Denver,23.35,66.5,22.4,8.45,0.0,1013.55,1,Medium,1
Airplane,"(3000, 5000]",1,1,2009-10-25,2.0,New York,Approach,Medium,Some Cloud,Unknown bird - medium,True,4000,False,2009,10,LAGUARDIA NY,40.777199,-73.872597,21.0,268.82670826154464,NY,KJFK_New_York,10.95,64.0,3.2,11.2,0.0,1012.75,1,Low,0
Airplane,"(400, 600]",1,1,2009-10-26,2.0,New York,Approach,Small,No Cloud,Unknown bird - small,False,500,False,2009,10,JOHN F KENNEDY INTL,40.639447,-73.779317,13.0,285.81600722845906,NY,KJFK_New_York,18.9,62.333333333333336,14.5,12.733333333333334,0.0,1014.9333333333334,1,Low,0
Airplane,"(10, 30]",1,1,2009-10-26,2.0,Colorado,Approach,Small,No Cloud,Unknown bird - small,True,30,True,2009,10,DENVER INTL AIRPORT,39.52920150756836,-104.65799713134766,6295.0,27.573111187238812,CO,KDEN_Denver,10.1,59.333333333333336,14.199999999999998,11.533333333333331,4.0,1011.8333333333334,1,High,2
Airplane,"(100, 200]",1,1,2009-10-26,2.0,Illinois,Approach,Small,Overcast,Unknown bird - small,True,200,True,2009,10,CHICAGO MIDWAY INTL ARPT,41.785999,-87.752403,620.0,8.607490552607114,IL,KORD_Chicago,11.366666666666667,72.33333333333333,11.2,11.933333333333332,0.0,1019.5333333333332,1,Medium,1
Airplane,"(1000, 2000]",1,1,2009-10-26,2.0,New York,Approach,Medium,Some Cloud,Unknown bird - medium,False,2000,True,2009,10,LAGUARDIA NY,40.777199,-73.872597,21.0,268.82670826154464,NY,KJFK_New_York,18.9,62.333333333333336,14.5,12.733333333333334,0.0,1014.9333333333334,1,Low,0
Airplane,"(1000, 2000]",1,1,2009-10-26,2.0,New York,Approach,Small,Some Cloud,Dark-eyed junco,False,1500,False,2009,10,LAGUARDIA NY,40.777199,-73.872597,21.0,268.82670826154464,NY,KJFK_New_York,18.9,62.333333333333336,14.5,12.733333333333334,0.0,1014.9333333333334,1,Low,0
Airplane,"(50, 100]",1,1,2009-10-27,2.0,Illinois,Approach,Small,Overcast,Unknown bird - small,True,75,True,2009,10,CHICAGO MIDWAY INTL ARPT,41.785999,-87.752403,620.0,8.607490552607114,IL,KORD_Chicago,15.8,74.0,13.25,13.5,0.0,1001.9,1,Medium,1
Airplane,"(400, 600]",1,1,2009-10-28,2.0,Illinois,Approach,Small,Overcast,Unknown bird - small,False,500,True,2009,10,CHICAGO MIDWAY INTL ARPT,41.785999,-87.752403,620.0,8.607490552607114,IL,KORD_Chicago,3.1,67.0,8.0,15.75,0.0,1013.55,1,Low,0
Airplane,"(200, 400]",1,1,2009-10-28,2.0,New York,Approach,Medium,Overcast,Unknown bird - medium,True,350,True,2009,10,JOHN F KENNEDY INTL,40.639447,-73.779317,13.0,285.81600722845906,NY,KJFK_New_York,5.3,63.5,11.7,15.1,2.2,1008.6,1,Low,0
Airplane,"(-1, 0]",1,1,2009-10-28,1.0,New York,Landing Roll,Medium,Overcast,Red-tailed hawk,False,0,False,2009,10,GREATER ROCHESTER INTL,43.1189,-77.672401,559.0,27.86996070509405,NY,KJFK_New_York,5.3,63.5,11.7,15.1,2.2,1008.6,1,High,2
Airplane,"(-1, 0]",1,1,2009-10-29,2.0,Colorado,Landing Roll,Small,Some Cloud,Unknown bird - small,False,0,True,2009,10,DENVER INTL AIRPORT,39.52920150756836,-104.65799713134766,6295.0,27.573111187238812,CO,KDEN_Denver,14.05,80.5,6.95,11.5,0.0,1010.6,1,High,2
Airplane,"(30, 50]",1,1,2009-10-30,2.0,New York,Approach,Small,Some Cloud,Horned lark,True,50,True,2009,10,LONG ISLAND MAC ARTHUR,40.796324,-73.101703,99.0,292.8807816425768,NY,KJFK_New_York,11.75,58.0,12.9,9.85,0.0,1017.65,1,Medium,1
Airplane,"(3000, 5000]",1,1,2009-10-31,2.0,Illinois,Approach,Small,No Cloud,Unknown bird - small,False,3500,True,2009,10,CHICAGO MIDWAY INTL ARPT,41.785999,-87.752403,620.0,8.607490552607114,IL,KORD_Chicago,6.733333333333333,43.66666666666666,7.433333333333334,12.7,0.0,1020.6666666666666,1,Low,0
Airplane,"(2000, 3000]",1,1,2009-11-01,2.0,New York,Approach,Medium,No Cloud,Unknown bird - medium,False,3000,False,2009,11,JOHN F KENNEDY INTL,40.639447,-73.779317,13.0,285.81600722845906,NY,KJFK_New_York,8.8,44.5,11.8,14.65,0.0,1013.8,1,Low,0
Airplane,"(1000, 2000]",1,1,2009-11-01,2.0,New York,Approach,Small,Some Cloud,American robin,False,1500,False,2009,11,LAGUARDIA NY,40.777199,-73.872597,21.0,268.82670826154464,NY,KJFK_New_York,8.8,44.5,11.8,14.65,0.0,1013.8,1,Low,0
Airplane,"(3000, 5000]",1,1,2009-11-01,2.0,New York,Approach,Small,Some Cloud,Dark-eyed junco,False,4000,False,2009,11,LAGUARDIA NY,40.777199,-73.872597,21.0,268.82670826154464,NY,KJFK_New_York,8.8,44.5,11.8,14.65,0.0,1013.8,1,Low,0
Airplane,"(3000, 5000]",1,1,2009-11-02,2.0,Illinois,Approach,Medium,No Cloud,Unknown bird - medium,False,4000,False,2009,11,CHICAGO MIDWAY INTL ARPT,41.785999,-87.752403,620.0,8.607490552607114,IL,KORD_Chicago,2.6,49.0,11.75,12.35,1.1,1013.05,1,High,2
Airplane,"(3000, 5000]",1,1,2009-11-02,2.0,Illinois,Approach,Small,No Cloud,Unknown bird - small,False,3500,False,2009,11,CHICAGO O'HARE INTL ARPT,41.9786,-87.9048,680.0,4.16460023622371,IL,KORD_Chicago,2.6,49.0,11.75,12.35,1.1,1013.05,1,Medium,1
Airplane,"(5000, 18000]",1,1,2009-11-05,2.0,Illinois,Descent,Medium,No Cloud,Unknown bird - medium,False,5500,True,2009,11,CHICAGO MIDWAY INTL ARPT,41.785999,-87.752403,620.0,8.607490552607114,IL,KORD_Chicago,2.9000000000000004,72.0,28.95,13.1,0.3,1018.55,1,Medium,1
Airplane,"(5000, 18000]",1,1,2009-11-06,2.0,New York,Descent,Medium,No Cloud,Unknown bird - medium,True,6000,False,2009,11,JOHN F KENNEDY INTL,40.639447,-73.779317,13.0,285.81600722845906,NY,KJFK_New_York,15.4,70.0,12.5,16.033333333333335,0.0,1010.8,1,Low,0
Airplane,"(-1, 0]",1,1,2009-11-06,2.0,Illinois,Landing Roll,Small,Some Cloud,American kestrel,True,0,False,2009,11,CHICAGO O'HARE INTL ARPT,41.9786,-87.9048,680.0,4.16460023622371,IL,KORD_Chicago,12.8,55.66666666666666,14.4,11.533333333333331,3.0,1009.7,1,High,2
Airplane,"(1000, 2000]",1,1,2009-11-07,2.0,Colorado,Approach,Medium,No Cloud,Unknown bird - medium,True,1500,False,2009,11,DENVER INTL AIRPORT,39.52920150756836,-104.65799713134766,6295.0,27.573111187238812,CO,KDEN_Denver,11.05,53.0,9.3,15.95,0.0,1009.05,1,Low,0
Airplane,"(400, 600]",1,1,2009-11-08,2.0,Colorado,Approach,Small,No Cloud,Unknown bird - small,True,500,False,2009,11,DENVER INTL AIRPORT,39.52920150756836,-104.65799713134766,6295.0,27.573111187238812,CO,KDEN_Denver,18.1,69.5,10.85,15.85,0.0,1001.15,1,Low,0
Airplane,"(3000, 5000]",1,1,2009-11-08,2.0,New York,Approach,Small,No Cloud,Unknown bird - small,True,3500,False,2009,11,WESTCHESTER COUNTY ARPT,41.06700134277344,-73.70760345458984,439.0,243.3503200617849,NY,KJFK_New_York,9.7,65.0,6.0,11.75,0.0,1009.6,1,Low,0
Airplane,"(3000, 5000]",1,1,2009-11-08,2.0,New York,Approach,Small,Some Cloud,American robin,False,5000,True,2009,11,LAGUARDIA NY,40.777199,-73.872597,21.0,268.82670826154464,NY,KJFK_New_York,9.7,65.0,6.0,11.75,0.0,1009.6,1,Low,0
Airplane,"(1000, 2000]",1,1,2009-11-13,2.0,Colorado,Approach,Small,Some Cloud,Unknown bird - small,False,1500,False,2009,11,DENVER INTL AIRPORT,39.52920150756836,-104.65799713134766,6295.0,27.573111187238812,CO,KDEN_Denver,10.05,55.0,3.75,16.1,0.0,1015.45,1,Low,0
Airplane,"(400, 600]",1,1,2009-11-16,2.0,Colorado,Approach,Small,No Cloud,Unknown bird - small,True,500,False,2009,11,DENVER INTL AIRPORT,39.52920150756836,-104.65799713134766,6295.0,27.573111187238812,CO,KDEN_Denver,11.15,63.0,17.8,14.95,0.0,1007.65,1,Low,0
Airplane,"(-1, 0]",1,1,2009-11-18,2.0,New York,Landing Roll,Small,Some Cloud,Horned lark,True,0,False,2009,11,JOHN F KENNEDY INTL,40.639447,-73.779317,13.0,285.81600722845906,NY,KJFK_New_York,7.3,66.5,10.4,10.15,0.0,1015.9,1,Medium,1
Airplane,"(-1, 0]",1,1,2009-12-11,2.0,Colorado,Take-off run,Small,No Cloud,Horned lark,False,0,False,2009,12,FOWLER ARPT,38.0724983215332,-104.0459976196289,4428.0,43.49352315786575,CO,KDEN_Denver,12.4,69.5,10.65,9.45,0.0,1010.8,1,Medium,1
Airplane,"(-1, 0]",1,1,2009-12-11,2.0,Colorado,Take-off run,Small,No Cloud,Horned lark,True,0,False,2009,12,FOWLER ARPT,38.0724983215332,-104.0459976196289,4428.0,43.49352315786575,CO,KDEN_Denver,12.4,69.5,10.65,9.45,0.0,1010.8,1,Medium,1
Airplane,"(0, 10]",1,1,2009-12-14,2.0,Colorado,Climb,Small,Some Cloud,Unknown bird - small,False,10,False,2009,12,DENVER INTL AIRPORT,39.52920150756836,-104.65799713134766,6295.0,27.573111187238812,CO,KDEN_Denver,23.13333333333333,64.66666666666667,11.2,12.6,2.0,1012.6,1,Medium,1
Airplane,"(2000, 3000]",1,1,2009-12-19,2.0,Colorado,Approach,Small,No Cloud,Unknown bird - small,True,2500,False,2009,12,DENVER INTL AIRPORT,39.52920150756836,-104.65799713134766,6295.0,27.573111187238812,CO,KDEN_Denver,4.25,74.0,10.6,11.25,0.0,1010.75,1,Low,0
Airplane,"(50, 100]",1,1,2009-12-26,2.0,Colorado,Approach,Medium,No Cloud,Unknown bird - medium,False,100,True,2009,12,DENVER INTL AIRPORT,39.52920150756836,-104.65799713134766,6295.0,27.573111187238812,CO,KDEN_Denver,10.4,77.5,5.0,11.25,0.0,1020.75,1,Medium,1
Airplane,"(50, 100]",1,1,2009-12-26,2.0,New York,Approach,Medium,Overcast,Unknown bird - medium,False,100,False,2009,12,LAGUARDIA NY,40.777199,-73.872597,21.0,268.82670826154464,NY,KJFK_New_York,10.55,68.5,15.6,9.55,0.0,1017.75,1,Medium,1
Airplane,"(3000, 5000]",1,1,2009-12-27,2.0,Colorado,Approach,Medium,No Cloud,Unknown bird - medium,False,5000,False,2009,12,DENVER INTL AIRPORT,39.52920150756836,-104.65799713134766,6295.0,27.573111187238812,CO,KDEN_Denver,10.6,90.5,6.7,10.1,0.0,1014.75,1,Medium,1
Airplane,"(30, 50]",1,1,2009-12-29,2.0,Colorado,Climb,Small,Some Cloud,Unknown bird - small,False,50,False,2009,12,DENVER INTL AIRPORT,39.52920150756836,-104.65799713134766,6295.0,27.573111187238812,CO,KDEN_Denver,9.35,64.0,11.2,12.65,0.0,1011.25,1,Medium,1
Airplane,"(10, 30]",1,1,2010-01-03,2.0,New York,Climb,Medium,No Cloud,Red-tailed hawk,True,20,False,2010,1,JOHN F KENNEDY INTL,40.639447,-73.779317,13.0,285.81600722845906,NY,KJFK_New_York,8.65,80.0,15.55,13.95,0.0,1018.2,1,Medium,1
Airplane,"(600, 1000]",1,1,2010-01-06,2.0,Illinois,Approach,Small,Overcast,Unknown bird - small,False,800,True,2010,1,CHICAGO MIDWAY INTL ARPT,41.785999,-87.752403,620.0,8.607490552607114,IL,KORD_Chicago,10.45,90.0,4.4,12.9,0.0,1013.55,1,Low,0
Airplane,"(-1, 0]",1,1,2010-01-09,2.0,New York,Take-off run,Large,No Cloud,Black-tailed jackrabbit,False,0,True,2010,1,JOHN F KENNEDY INTL,40.639447,-73.779317,13.0,285.81600722845906,NY,KJFK_New_York,16.5,65.0,6.05,14.5,2.5,1012.2,1,Medium,1
Airplane,"(2000, 3000]",1,1,2010-01-12,2.0,New York,Climb,Medium,No Cloud,Unknown bird - medium,True,3000,False,2010,1,JOHN F KENNEDY INTL,40.639447,-73.779317,13.0,285.81600722845906,NY,KJFK_New_York,24.700000000000003,42.0,12.05,9.25,0.0,1015.25,1,Low,0
Airplane,"(-1, 0]",1,1,2010-01-14,2.0,Illinois,Take-off run,Medium,Overcast,Unknown bird - medium,True,0,False,2010,1,CHICAGO O'HARE INTL ARPT,41.9786,-87.9048,680.0,4.16460023622371,IL,KORD_Chicago,14.85,91.5,11.3,15.75,0.0,1009.1,1,Medium,1
Airplane,"(-1, 0]",1,1,2010-01-15,2.0,New York,Take-off run,Small,Overcast,Unknown bird - small,True,0,False,2010,1,LAGUARDIA NY,40.777199,-73.872597,21.0,268.82670826154464,NY,KJFK_New_York,8.65,51.0,8.0,16.1,0.0,1017.7,1,Low,0
Airplane,"(50, 100]",1,1,2010-01-18,2.0,New York,Approach,Medium,No Cloud,Unknown bird - medium,False,100,False,2010,1,JOHN F KENNEDY INTL,40.639447,-73.779317,13.0,285.81600722845906,NY,KJFK_New_York,15.6,44.0,7.85,14.75,0.0,1025.75,1,Low,0
Airplane,"(50, 100]",1,1,2010-01-18,2.0,New York,Approach,Medium,No Cloud,Herring gull,True,100,False,2010,1,LAGUARDIA NY,40.777199,-73.872597,21.0,268.82670826154464,NY,KJFK_New_York,15.6,44.0,7.85,14.75,0.0,1025.75,1,Low,0
Airplane,"(1000, 2000]",1,1,2010-01-24,2.0,Illinois,Approach,Medium,Overcast,Unknown bird - medium,False,1500,True,2010,1,CHICAGO O'HARE INTL ARPT,41.9786,-87.9048,680.0,4.16460023622371,IL,KORD_Chicago,7.949999999999999,56.5,9.1,15.05,0.0,1011.65,1,Low,0
Airplane,"(3000, 5000]",1,1,2010-01-24,2.0,New York,Descent,Medium,Some Cloud,Unknown bird - medium,False,4000,False,2010,1,REPUBLIC AIRPORT,40.728576,-73.414267,82.0,287.70671637970247,NY,KJFK_New_York,0.1,81.5,10.8,15.05,0.0,1007.35,1,Low,0
Airplane,"(-1, 0]",1,1,2010-01-27,2.0,Colorado,Landing Roll,Small,Some Cloud,Unknown bird - small,True,0,False,2010,1,DENVER INTL AIRPORT,39.52920150756836,-104.65799713134766,6295.0,27.573111187238812,CO,KDEN_Denver,11.7,87.0,13.1,14.533333333333331,1.3,1014.1333333333332,1,High,2
Airplane,"(0, 10]",1,1,2010-02-01,1.0,Illinois,Approach,Small,Some Cloud,House sparrow,False,5,False,2010,2,WILLIAMSON COUNTY REGIONAL,39.64260101,-106.9179993,6548.0,1343.0822483629204,IL,KORD_Chicago,28.15,39.5,8.85,13.8,0.0,1008.0,1,Low,0
Airplane,"(-1, 0]",1,1,2010-02-03,2.0,New York,Take-off run,Medium,Overcast,Unknown bird - medium,True,0,False,2010,2,JOHN F KENNEDY INTL,40.639447,-73.779317,13.0,285.81600722845906,NY,KJFK_New_York,21.5,37.5,8.9,11.6,0.0,1013.35,1,Medium,1
Airplane,"(-1, 0]",1,1,2010-02-10,2.0,Colorado,Take-off run,Small,Some Cloud,Unknown bird - small,True,0,False,2010,2,DENVER INTL AIRPORT,39.52920150756836,-104.65799713134766,6295.0,27.573111187238812,CO,KDEN_Denver,6.949999999999999,80.5,3.75,16.1,1.1,1008.4,1,Medium,1
Airplane,"(-1, 0]",1,1,2010-02-12,2.0,New York,Landing Roll,Small,No Cloud,Horned lark,True,0,False,2010,2,JOHN F KENNEDY INTL,40.639447,-73.779317,13.0,285.81600722845906,NY,KJFK_New_York,9.5,87.5,9.55,14.65,0.0,1016.9,1,Low,0
Airplane,"(-1, 0]",1,1,2010-02-14,2.0,New York,Take-off run,Medium,Overcast,Herring gull,False,0,False,2010,2,JOHN F KENNEDY INTL,40.639447,-73.779317,13.0,285.81600722845906,NY,KJFK_New_York,16.8,49.0,20.2,13.1,4.8,1012.6,1,Medium,1
Airplane,"(-1, 0]",1,1,2010-02-14,2.0,New York,Landing Roll,Small,No Cloud,Horned lark,True,0,True,2010,2,JOHN F KENNEDY INTL,40.639447,-73.779317,13.0,285.81600722845906,NY,KJFK_New_York,16.8,49.0,20.2,13.1,4.8,1012.6,1,Medium,1
Airplane,"(50, 100]",1,1,2010-02-23,2.0,Illinois,Climb,Small,Some Cloud,Unknown bird - small,False,100,False,2010,2,GREATER PEORIA REGIONAL ARPT,38.812906,-106.120062,7946.0,1287.5633843304047,IL,KORD_Chicago,10.15,67.0,6.6,13.45,0.0,1010.55,1,Low,0
Airplane,"(200, 400]",1,1,2010-02-28,2.0,Illinois,Climb,Large,Overcast,Canada goose,False,400,False,2010,2,CHICAGO O'HARE INTL ARPT,41.9786,-87.9048,680.0,4.16460023622371,IL,KORD_Chicago,11.85,63.5,15.2,14.75,0.0,1013.8,1,Medium,1
Airplane,"(-1, 0]",1,1,2010-03-02,2.0,New York,Take-off run,Medium,No Cloud,Herring gull,True,0,False,2010,3,JOHN F KENNEDY INTL,40.639447,-73.779317,13.0,285.81600722845906,NY,KJFK_New_York,0.25,83.5,11.05,14.95,0.0,1010.8,1,Low,0
Airplane,"(-1, 0]",1,1,2010-03-06,2.0,Colorado,Landing Roll,Small,No Cloud,Unknown bird - small,False,0,False,2010,3,DENVER INTL AIRPORT,39.52920150756836,-104.65799713134766,6295.0,27.573111187238812,CO,KDEN_Denver,7.35,69.0,11.65,13.15,0.5,1013.8,1,High,2
Airplane,"(400, 600]",1,1,2010-03-07,2.0,Colorado,Climb,Small,Some Cloud,Unknown bird - small,True,500,False,2010,3,DENVER INTL AIRPORT,39.52920150756836,-104.65799713134766,6295.0,27.573111187238812,CO,KDEN_Denver,20.1,71.33333333333333,7.866666666666667,13.5,2.7,1016.9666666666668,1,Low,0
Airplane,"(600, 1000]",1,1,2010-03-17,2.0,New York,Climb,Medium,No Cloud,Unknown bird - medium,True,900,False,2010,3,LAGUARDIA NY,40.777199,-73.872597,21.0,268.82670826154464,NY,KJFK_New_York,3.75,71.0,18.85,15.2,0.0,1011.15,1,Low,0
Airplane,"(10, 30]",1,1,2010-03-19,2.0,New York,Approach,Small,No Cloud,Unknown bird - small,False,15,False,2010,3,BUFFALO-NIAGARA INTL,42.940498,-78.732201,728.0,16.688896633415297,NY,KJFK_New_York,10.6,56.0,9.25,7.699999999999999,0.6,1008.65,1,High,2
Airplane,"(-1, 0]",1,1,2010-03-20,2.0,Colorado,Take-off run,Small,Some Cloud,Unknown bird - small,True,0,False,2010,3,DENVER INTL AIRPORT,39.52920150756836,-104.65799713134766,6295.0,27.573111187238812,CO,KDEN_Denver,14.4,48.5,10.0,10.3,0.0,1010.6,1,High,2
Airplane,"(1000, 2000]",1,1,2010-03-21,1.0,New York,Descent,Medium,No Cloud,Unknown bird - medium,False,2000,False,2010,3,DUTCHESS COUNTY ARPT,41.6265983581543,-73.88420104980469,165.0,180.6127204688489,NY,KJFK_New_York,15.05,57.5,3.5,13.75,3.2,1021.65,1,Low,0
Airplane,"(-1, 0]",1,1,2010-03-22,2.0,Illinois,Take-off run,Small,No Cloud,Unknown bird - small,False,0,True,2010,3,CHICAGO O'HARE INTL ARPT,41.9786,-87.9048,680.0,4.16460023622371,IL,KORD_Chicago,13.05,41.5,14.15,12.2,0.0,1009.05,1,High,2
Airplane,"(400, 600]",1,1,2010-03-25,2.0,Colorado,Approach,Small,No Cloud,Unknown bird - small,True,500,False,2010,3,DENVER INTL AIRPORT,39.52920150756836,-104.65799713134766,6295.0,27.573111187238812,CO,KDEN_Denver,11.0,70.5,17.15,14.3,7.300000000000001,1010.75,1,Medium,1
Airplane,"(50, 100]",1,1,2010-03-27,2.0,Illinois,Approach,Medium,Overcast,Unknown bird - medium,True,100,False,2010,3,CHICAGO O'HARE INTL ARPT,41.9786,-87.9048,680.0,4.16460023622371,IL,KORD_Chicago,12.55,40.0,16.95,16.1,0.4,1014.1,1,High,2
Airplane,"(-1, 0]",1,1,2010-03-27,2.0,Colorado,Landing Roll,Small,Overcast,Unknown bird - small,False,0,False,2010,3,ASPEN-PITKIN CO/SARD,39.223202,-106.869003,7820.0,159.8702462092854,CO,KDEN_Denver,0.7000000000000002,83.5,24.700000000000003,12.8,0.0,1026.5,1,High,2
Airplane,"(10, 30]",1,1,2010-04-04,2.0,New York,Climb,Small,No Cloud,Unknown bird - small,False,15,False,2010,4,GREATER ROCHESTER INTL,43.1189,-77.672401,559.0,27.86996070509405,NY,KJFK_New_York,15.25,51.5,11.35,4.8,0.0,1017.3,1,Medium,1
Airplane,"(-1, 0]",1,1,2010-04-05,2.0,Illinois,Landing Roll,Small,No Cloud,Unknown bird - small,True,0,False,2010,4,UNIV OF ILLINOIS -WILLARD ARPT,40.039819,-88.276249,755.0,25.148499963897123,IL,KORD_Chicago,4.75,89.5,7.85,14.4,0.0,1017.1,1,Medium,1
Airplane,"(-1, 0]",1,1,2010-04-09,2.0,New York,Take-off run,Small,Overcast,Horned lark,False,0,False,2010,4,BUFFALO-NIAGARA INTL,42.940498,-78.732201,728.0,16.688896633415297,NY,KJFK_New_York,9.6,70.66666666666667,18.366666666666664,14.9,1.7,1007.5666666666666,1,High,2
Airplane,"(-1, 0]",1,1,2010-04-10,2.0,Illinois,Take-off run,Medium,Some Cloud,Unknown bird - medium,True,0,False,2010,4,CHICAGO O'HARE INTL ARPT,41.9786,-87.9048,680.0,4.16460023622371,IL,KORD_Chicago,10.8,53.0,23.6,13.9,0.0,1004.3,1,High,2
Airplane,"(-1, 0]",1,1,2010-04-10,2.0,New York,Take-off run,Small,No Cloud,American robin,True,0,True,2010,4,LONG ISLAND MAC ARTHUR,40.796324,-73.101703,99.0,292.8807816425768,NY,KJFK_New_York,18.55,42.5,6.5,16.1,0.5,1017.3,1,Low,0
Airplane,"(1000, 2000]",1,1,2010-04-10,2.0,Illinois,Climb,Large,No Cloud,Unknown bird - large,False,1500,True,2010,4,CHICAGO MIDWAY INTL ARPT,41.785999,-87.752403,620.0,8.607490552607114,IL,KORD_Chicago,10.8,53.0,23.6,13.9,0.0,1004.3,1,High,2
Airplane,"(5000, 18000]",1,1,2010-04-11,2.0,Illinois,Descent,Large,No Cloud,Unknown bird - large,True,8500,True,2010,4,CHICAGO MIDWAY INTL ARPT,41.785999,-87.752403,620.0,8.607490552607114,IL,KORD_Chicago,25.05,75.5,6.05,13.3,2.0,1016.6,1,Low,0
Airplane,"(-1, 0]",1,1,2010-04-12,2.0,Illinois,Landing Roll,Small,No Cloud,Eastern meadowlark,False,0,False,2010,4,SCOTT AFB/MIDAMERICA,38.5452,-89.835197,459.0,100.92156920069752,IL,KORD_Chicago,10.85,58.5,4.15,13.65,0.3,1008.55,1,Medium,1
Airplane,"(200, 400]",1,1,2010-04-13,2.0,Colorado,Approach,Small,Some Cloud,Unknown bird - small,True,300,False,2010,4,DENVER INTL AIRPORT,39.52920150756836,-104.65799713134766,6295.0,27.573111187238812,CO,KDEN_Denver,13.55,47.0,5.5,14.35,0.0,1015.3,1,Low,0
Airplane,"(400, 600]",1,1,2010-04-15,2.0,Illinois,Approach,Small,No Cloud,Unknown bird - small,True,500,False,2010,4,CHICAGO O'HARE INTL ARPT,41.9786,-87.9048,680.0,4.16460023622371,IL,KORD_Chicago,3.3000000000000003,80.0,5.85,14.65,2.2,1012.65,1,Low,0
Airplane,"(50, 100]",1,1,2010-04-15,2.0,New York,Approach,Medium,No Cloud,Gadwall,True,100,False,2010,4,JOHN F KENNEDY INTL,40.639447,-73.779317,13.0,285.81600722845906,NY,KJFK_New_York,23.450000000000003,39.0,10.6,14.8,0.0,1016.65,1,Low,0
Airplane,"(400, 600]",1,1,2010-04-16,2.0,Colorado,Climb,Large,No Cloud,Unknown bird - large,False,500,True,2010,4,DENVER INTL AIRPORT,39.52920150756836,-104.65799713134766,6295.0,27.573111187238812,CO,KDEN_Denver,7.25,71.0,7.5,14.4,0.0,1016.25,1,Medium,1
Airplane,"(0, 10]",1,1,2010-04-19,2.0,Colorado,Approach,Small,No Cloud,Unknown bird - small,False,10,False,2010,4,FRONT RANGE ARPT,42.26919937133789,-88.57119750976562,820.0,1167.8291495429537,CO,KDEN_Denver,11.0,70.5,7.95,14.7,0.0,1024.1,1,Low,0
Airplane,"(100, 200]",1,1,2010-04-20,2.0,Illinois,Approach,Small,Some Cloud,Blackbirds,False,200,False,2010,4,ST LOUIS DOWNTOWN,38.570701599100005,-90.1561965942,413.0,106.7209972741952,IL,KORD_Chicago,11.166666666666666,71.66666666666667,6.266666666666667,14.4,2.1,1002.4,1,Low,0
Airplane,"(0, 10]",1,1,2010-04-22,2.0,Illinois,Approach,Small,Overcast,Killdeer,False,10,False,2010,4,ST LOUIS DOWNTOWN,38.570701599100005,-90.1561965942,413.0,106.7209972741952,IL,KORD_Chicago,15.35,61.0,2.9,15.85,0.0,1015.6,1,Low,0
Airplane,"(50, 100]",1,1,2010-04-25,2.0,New York,Approach,Medium,No Cloud,Unknown bird - medium,False,100,False,2010,4,JOHN F KENNEDY INTL,40.639447,-73.779317,13.0,285.81600722845906,NY,KJFK_New_York,5.3,43.66666666666666,12.166666666666666,13.633333333333336,0.0,1010.3333333333334,1,Medium,1
Airplane,"(100, 200]",1,1,2010-04-27,2.0,Illinois,Approach,Small,Some Cloud,Unknown bird - small,True,200,False,2010,4,QUAD CITY ARPT,39.6431007385,-89.14450073239999,630.0,33.991848342153304,IL,KORD_Chicago,23.3,91.5,9.35,15.1,0.0,1014.1,1,Low,0
Airplane,"(-1, 0]",1,1,2010-04-30,2.0,Illinois,Landing Roll,Small,No Cloud,Unknown bird - small,False,0,True,2010,4,CHICAGO MIDWAY INTL ARPT,41.785999,-87.752403,620.0,8.607490552607114,IL,KORD_Chicago,7.1,65.0,12.5,15.2,1.3,1009.3,1,High,2
Airplane,"(600, 1000]",1,1,2010-05-01,2.0,New York,Approach,Medium,No Cloud,Unknown bird - medium,True,1000,True,2010,5,ALBANY INTL,42.748299,-73.801697,285.0,94.50065050780267,NY,KJFK_New_York,6.800000000000001,77.33333333333333,10.4,12.566666666666668,0.0,1010.7666666666668,1,Low,0
Airplane,"(-1, 0]",1,1,2010-05-01,2.0,New York,Take-off run,Small,Some Cloud,Black-capped chickadee,True,0,False,2010,5,ALBANY INTL,42.748299,-73.801697,285.0,94.50065050780267,NY,KJFK_New_York,6.800000000000001,77.33333333333333,10.4,12.566666666666668,0.0,1010.7666666666668,1,Medium,1
Airplane,"(100, 200]",1,1,2010-05-03,2.0,New York,Approach,Medium,Overcast,Herring gull,False,200,False,2010,5,LAGUARDIA NY,40.777199,-73.872597,21.0,268.82670826154464,NY,KJFK_New_York,15.15,55.0,8.9,7.3,0.0,1016.25,1,Medium,1
Airplane,"(400, 600]",1,1,2010-05-04,2.0,Illinois,Approach,Medium,No Cloud,Unknown bird - medium,True,500,False,2010,5,CHICAGO O'HARE INTL ARPT,41.9786,-87.9048,680.0,4.16460023622371,IL,KORD_Chicago,19.1,51.5,11.9,16.1,7.0,1017.25,1,Medium,1
Airplane,"(-1, 0]",1,1,2010-05-05,2.0,Illinois,Landing Roll,Small,No Cloud,Unknown bird - small,False,0,False,2010,5,CHICAGO O'HARE INTL ARPT,41.9786,-87.9048,680.0,4.16460023622371,IL,KORD_Chicago,18.25,59.5,5.8,13.55,0.0,1011.7,1,Medium,1
Airplane,"(2000, 3000]",1,1,2010-05-05,2.0,Colorado,Approach,Small,No Cloud,Unknown bird - small,True,3000,True,2010,5,DENVER INTL AIRPORT,39.52920150756836,-104.65799713134766,6295.0,27.573111187238812,CO,KDEN_Denver,5.800000000000001,74.5,8.85,12.65,0.0,1020.05,1,Low,0
Airplane,"(-1, 0]",1,1,2010-05-05,2.0,Colorado,Landing Roll,Small,Some Cloud,Horned lark,False,0,False,2010,5,COLORADO SPRINGS MUNICIPAL,38.805801,-104.700996,6187.0,38.3672452711314,CO,KDEN_Denver,5.800000000000001,74.5,8.85,12.65,0.0,1020.05,1,Medium,1
Airplane,"(30, 50]",1,1,2010-05-06,2.0,New York,Approach,Small,No Cloud,European starling,True,50,False,2010,5,JOHN F KENNEDY INTL,40.639447,-73.779317,13.0,285.81600722845906,NY,KJFK_New_York,9.6,48.66666666666666,13.266666666666666,13.633333333333336,0.0,1014.7666666666668,1,Low,0
Airplane,"(1000, 2000]",1,1,2010-05-07,2.0,New York,Climb,Medium,Some Cloud,Unknown bird - medium,True,1100,False,2010,5,LAGUARDIA NY,40.777199,-73.872597,21.0,268.82670826154464,NY,KJFK_New_York,10.1,48.5,7.95,13.8,0.6,1010.75,1,Low,0
Airplane,"(10, 30]",1,1,2010-05-07,2.0,Illinois,Approach,Small,Overcast,Blackbirds,False,20,False,2010,5,GREATER ROCKFORD,42.1954,-89.097198,742.0,37.23938268045538,IL,KORD_Chicago,6.949999999999999,65.0,11.65,15.45,0.0,1013.5,1,Low,0
Airplane,"(-1, 0]",1,1,2010-05-09,2.0,New York,Landing Roll,Small,Some Cloud,Swallows,True,0,False,2010,5,BUFFALO-NIAGARA INTL,42.940498,-78.732201,728.0,16.688896633415297,NY,KJFK_New_York,4.65,41.0,11.8,13.05,0.0,1015.15,1,High,2
Airplane,"(5000, 18000]",1,1,2010-05-09,2.0,Illinois,Descent,Medium,Some Cloud,Unknown bird - medium,False,6800,True,2010,5,CHICAGO MIDWAY INTL ARPT,41.785999,-87.752403,620.0,8.607490552607114,IL,KORD_Chicago,29.6,57.5,14.65,11.45,0.0,1023.55,1,Medium,1
Airplane,"(-1, 0]",1,1,2010-05-09,2.0,New York,Landing Roll,Small,Some Cloud,Unknown bird - small,True,0,False,2010,5,BUFFALO-NIAGARA INTL,42.940498,-78.732201,728.0,16.688896633415297,NY,KJFK_New_York,4.65,41.0,11.8,13.05,0.0,1015.15,1,High,2
Airplane,"(-1, 0]",1,1,2010-05-09,2.0,New York,Landing Roll,Small,Some Cloud,Barn swallow,True,0,False,2010,5,LAGUARDIA NY,40.777199,-73.872597,21.0,268.82670826154464,NY,KJFK_New_York,4.65,41.0,11.8,13.05,0.0,1015.15,1,Medium,1
Airplane,"(-1, 0]",1,1,2010-05-12,2.0,Illinois,Landing Roll,Small,Some Cloud,Unknown bird - small,True,0,False,2010,5,CHICAGO O'HARE INTL ARPT,41.9786,-87.9048,680.0,4.16460023622371,IL,KORD_Chicago,1.0,60.333333333333336,10.666666666666666,14.966666666666669,0.0,1018.6666666666666,1,Medium,1
Airplane,"(200, 400]",1,1,2010-05-12,2.0,New York,Approach,Small,No Cloud,Unknown bird - small,True,300,False,2010,5,BUFFALO-NIAGARA INTL,42.940498,-78.732201,728.0,16.688896633415297,NY,KJFK_New_York,15.433333333333332,54.333333333333336,12.800000000000002,14.3,3.9,1010.0666666666666,1,High,2
Airplane,"(1000, 2000]",1,1,2010-05-13,2.0,New York,Approach,Medium,No Cloud,Unknown bird - medium,False,2000,False,2010,5,JOHN F KENNEDY INTL,40.639447,-73.779317,13.0,285.81600722845906,NY,KJFK_New_York,10.75,72.5,4.8,14.8,0.0,1014.4,1,Low,0
Airplane,"(-1, 0]",1,1,2010-05-15,2.0,New York,Landing Roll,Medium,Some Cloud,Unknown bird - medium,True,0,False,2010,5,ALBANY INTL,42.748299,-73.801697,285.0,94.50065050780267,NY,KJFK_New_York,0.4500000000000002,75.5,3.6,16.1,0.0,1008.6,1,Medium,1
Airplane,"(2000, 3000]",1,1,2010-05-15,2.0,New York,Approach,Small,Some Cloud,Ovenbird,True,2500,True,2010,5,LAGUARDIA NY,40.777199,-73.872597,21.0,268.82670826154464,NY,KJFK_New_York,0.4500000000000002,75.5,3.6,16.1,0.0,1008.6,1,Low,0
Airplane,"(-1, 0]",1,1,2010-05-15,1.0,New York,Landing Roll,Small,Overcast,European starling,False,0,False,2010,5,REPUBLIC AIRPORT,40.728576,-73.414267,82.0,287.70671637970247,NY,KJFK_New_York,0.4500000000000002,75.5,3.6,16.1,0.0,1008.6,1,Low,0
Airplane,"(1000, 2000]",1,1,2010-05-17,2.0,Colorado,Climb,Small,Overcast,Unknown bird - small,True,2000,True,2010,5,DENVER INTL AIRPORT,39.52920150756836,-104.65799713134766,6295.0,27.573111187238812,CO,KDEN_Denver,9.4,60.0,12.8,13.633333333333333,0.0,1017.8,1,Medium,1
Airplane,"(30, 50]",1,1,2010-05-17,2.0,New York,Approach,Small,No Cloud,Laughing gull,True,50,False,2010,5,JOHN F KENNEDY INTL,40.639447,-73.779317,13.0,285.81600722845906,NY,KJFK_New_York,8.566666666666666,63.0,5.8,13.633333333333336,3.4,1011.5666666666666,1,Low,0
Airplane,"(100, 200]",1,1,2010-05-17,2.0,New York,Approach,Medium,No Cloud,Brant,True,200,False,2010,5,JOHN F KENNEDY INTL,40.639447,-73.779317,13.0,285.81600722845906,NY,KJFK_New_York,8.566666666666666,63.0,5.8,13.633333333333336,3.4,1011.5666666666666,1,Low,0
Airplane,"(200, 400]",1,1,2010-05-19,2.0,New York,Approach,Medium,Some Cloud,Unknown bird - medium,True,400,True,2010,5,JOHN F KENNEDY INTL,40.639447,-73.779317,13.0,285.81600722845906,NY,KJFK_New_York,7.4,43.0,6.5,16.1,6.3,1013.55,1,Low,0
Airplane,"(-1, 0]",1,1,2010-05-19,2.0,Colorado,Take-off run,Medium,Overcast,Ring-billed gull,False,0,False,2010,5,YAMPA VALLEY,40.481201,-107.218002,6606.0,180.83264488239317,CO,KDEN_Denver,14.9,89.5,3.1,11.9,0.1,1014.9,1,Medium,1
Airplane,"(-1, 0]",1,1,2010-05-19,2.0,Illinois,Landing Roll,Medium,No Cloud,Ring-billed gull,True,0,False,2010,5,CHICAGO O'HARE INTL ARPT,41.9786,-87.9048,680.0,4.16460023622371,IL,KORD_Chicago,8.75,70.0,10.05,13.15,0.0,1011.2,1,High,2
Airplane,"(50, 100]",1,1,2010-05-22,2.0,Illinois,Climb,Small,No Cloud,Unknown bird - small,False,100,True,2010,5,CHICAGO O'HARE INTL ARPT,41.9786,-87.9048,680.0,4.16460023622371,IL,KORD_Chicago,5.2,65.0,9.65,16.1,0.0,1019.2,1,Medium,1
Airplane,"(10, 30]",1,1,2010-05-23,2.0,New York,Climb,Large,Some Cloud,Canada goose,False,20,False,2010,5,STEWART INTL AIRPORT,41.85419845581055,-89.08760070800781,770.0,772.6270946133457,NY,KJFK_New_York,18.2,67.33333333333333,7.2,11.533333333333331,0.0,1005.9666666666668,1,Medium,1
Airplane,"(-1, 0]",1,1,2010-05-24,2.0,Illinois,Take-off run,Small,Some Cloud,American robin,False,0,False,2010,5,ST LOUIS DOWNTOWN,38.570701599100005,-90.1561965942,413.0,106.7209972741952,IL,KORD_Chicago,16.3,76.5,16.9,12.95,0.0,1015.7,1,Medium,1
Airplane,"(30, 50]",1,1,2010-05-25,2.0,New York,Approach,Small,No Cloud,Unknown bird - small,False,50,False,2010,5,JOHN F KENNEDY INTL,40.639447,-73.779317,13.0,285.81600722845906,NY,KJFK_New_York,17.45,52.5,17.35,11.0,0.0,1012.1,1,Medium,1
Airplane,"(-1, 0]",1,1,2010-05-25,2.0,Illinois,Take-off run,Small,Some Cloud,Rock pigeon,True,0,False,2010,5,CHICAGO O'HARE INTL ARPT,41.9786,-87.9048,680.0,4.16460023622371,IL,KORD_Chicago,13.65,50.0,13.1,11.05,2.3,1018.3,1,High,2
Airplane,"(400, 600]",1,1,2010-05-27,2.0,Colorado,Approach,Small,Some Cloud,Unknown bird - small,False,500,False,2010,5,DENVER INTL AIRPORT,39.52920150756836,-104.65799713134766,6295.0,27.573111187238812,CO,KDEN_Denver,14.7,64.0,5.15,11.8,0.0,1015.35,1,Low,0
Airplane,"(100, 200]",1,1,2010-05-27,2.0,Colorado,Climb,Medium,Some Cloud,Red-tailed hawk,True,150,False,2010,5,DENVER INTL AIRPORT,39.52920150756836,-104.65799713134766,6295.0,27.573111187238812,CO,KDEN_Denver,14.7,64.0,5.15,11.8,0.0,1015.35,1,Medium,1
Airplane,"(2000, 3000]",1,1,2010-05-30,2.0,New York,Climb,Small,Some Cloud,Northern waterthrush,True,3000,False,2010,5,JOHN F KENNEDY INTL,40.639447,-73.779317,13.0,285.81600722845906,NY,KJFK_New_York,23.75,51.5,7.3,13.65,0.1,1019.35,1,Low,0
Airplane,"(400, 600]",1,1,2010-06-01,2.0,Illinois,Approach,Small,Overcast,Blackbirds,False,500,True,2010,6,CHICAGO MIDWAY INTL ARPT,41.785999,-87.752403,620.0,8.607490552607114,IL,KORD_Chicago,1.7999999999999998,51.5,15.5,12.95,2.6,1008.9,1,Medium,1
Airplane,"(0, 10]",1,1,2010-06-01,2.0,New York,Approach,Small,Some Cloud,Unknown bird - small,True,10,True,2010,6,BUFFALO-NIAGARA INTL,42.940498,-78.732201,728.0,16.688896633415297,NY,KJFK_New_York,16.85,51.5,4.3,16.1,0.0,1009.15,1,Low,0
Airplane,"(50, 100]",1,1,2010-06-02,2.0,New York,Climb,Small,No Cloud,Sparrows,True,100,False,2010,6,ALBANY INTL,42.748299,-73.801697,285.0,94.50065050780267,NY,KJFK_New_York,9.1,44.5,5.300000000000001,13.25,0.0,1011.4,1,Low,0
Airplane,"(100, 200]",1,1,2010-06-02,2.0,Colorado,Approach,Small,No Cloud,Perching birds (y),False,200,False,2010,6,MONTROSE REGIONAL ARPT,38.5098,-107.893997,5759.0,277.2383550365057,CO,KDEN_Denver,17.5,57.0,11.9,10.2,3.5,1007.0,1,Medium,1
Airplane,"(200, 400]",1,1,2010-06-03,2.0,New York,Approach,Small,No Cloud,Unknown bird - small,False,400,False,2010,6,BUFFALO-NIAGARA INTL,42.940498,-78.732201,728.0,16.688896633415297,NY,KJFK_New_York,12.7,85.33333333333333,8.633333333333333,12.2,0.0,1014.9666666666668,1,Low,0
Airplane,"(-1, 0]",1,1,2010-06-03,2.0,Colorado,Take-off run,Medium,Some Cloud,Unknown bird - medium,True,0,False,2010,6,DENVER INTL AIRPORT,39.52920150756836,-104.65799713134766,6295.0,27.573111187238812,CO,KDEN_Denver,10.033333333333331,74.0,19.8,14.133333333333336,0.0,1011.6666666666666,1,High,2
Airplane,"(-1, 0]",1,1,2010-06-05,2.0,Illinois,Landing Roll,Small,Some Cloud,Red-winged blackbird,True,0,False,2010,6,CHICAGO O'HARE INTL ARPT,41.9786,-87.9048,680.0,4.16460023622371,IL,KORD_Chicago,14.0,50.5,6.75,14.7,0.0,1017.2,1,Medium,1
Airplane,"(30, 50]",1,1,2010-06-08,2.0,Illinois,Climb,Small,No Cloud,Unknown bird - small,False,50,True,2010,6,CHICAGO O'HARE INTL ARPT,41.9786,-87.9048,680.0,4.16460023622371,IL,KORD_Chicago,15.466666666666669,69.66666666666667,13.066666666666668,14.300000000000002,0.1,1008.1,1,High,2
Airplane,"(-1, 0]",1,1,2010-06-10,2.0,Colorado,Landing Roll,Small,No Cloud,Unknown bird - small,False,0,True,2010,6,DENVER INTL AIRPORT,39.52920150756836,-104.65799713134766,6295.0,27.573111187238812,CO,KDEN_Denver,9.75,69.5,4.1,13.6,0.0,1004.2,1,Medium,1
Airplane,"(3000, 5000]",1,1,2010-06-14,2.0,Illinois,Climb,Small,No Cloud,Unknown bird - small,False,5000,True,2010,6,CHICAGO MIDWAY INTL ARPT,41.785999,-87.752403,620.0,8.607490552607114,IL,KORD_Chicago,20.2,56.0,8.666666666666666,13.033333333333331,0.0,1011.3666666666668,1,Low,0
Airplane,"(100, 200]",1,1,2010-06-14,2.0,Illinois,Approach,Small,Overcast,Rock pigeon,False,150,False,2010,6,CHICAGO O'HARE INTL ARPT,41.9786,-87.9048,680.0,4.16460023622371,IL,KORD_Chicago,20.2,56.0,8.666666666666666,13.033333333333331,0.0,1011.3666666666668,1,Medium,1
Airplane,"(100, 200]",1,1,2010-06-17,2.0,Illinois,Climb,Small,No Cloud,Horned lark,True,200,False,2010,6,DUPAGE AIRPORT,41.90779877,-88.24859619,759.0,32.15621751349237,IL,KORD_Chicago,17.0,94.5,3.7,14.1,0.0,1014.45,1,Low,0
Airplane,"(-1, 0]",1,1,2010-06-18,2.0,New York,Landing Roll,Large,No Cloud,Wild turkey,False,0,False,2010,6,POTSDAM MUNICIPAL ARPT,40.924255,-88.62447,666.0,753.3013700119471,NY,KJFK_New_York,6.0,60.5,8.35,11.15,0.1,1009.95,1,High,2
Airplane,"(-1, 0]",1,1,2010-06-22,2.0,Illinois,Landing Roll,Small,Some Cloud,Sparrows,True,0,False,2010,6,QUAD CITY ARPT,39.6431007385,-89.14450073239999,630.0,33.991848342153304,IL,KORD_Chicago,8.450000000000001,66.5,13.25,15.3,2.8,1024.1,1,High,2
Airplane,"(-1, 0]",1,1,2010-06-22,2.0,Illinois,Take-off run,Small,Some Cloud,American robin,False,0,False,2010,6,GREATER PEORIA REGIONAL ARPT,38.812906,-106.120062,7946.0,1287.5633843304047,IL,KORD_Chicago,8.450000000000001,66.5,13.25,15.3,2.8,1024.1,1,Low,0
Airplane,"(50, 100]",1,1,2010-06-24,2.0,Colorado,Climb,Small,No Cloud,Mourning dove,False,100,False,2010,6,COLORADO SPRINGS MUNICIPAL,38.805801,-104.700996,6187.0,38.3672452711314,CO,KDEN_Denver,7.55,75.5,5.25,11.05,2.0,1012.65,1,Medium,1
Airplane,"(50, 100]",1,1,2010-06-25,2.0,Illinois,Climb,Small,Some Cloud,Unknown bird - small,False,100,True,2010,6,CHICAGO MIDWAY INTL ARPT,41.785999,-87.752403,620.0,8.607490552607114,IL,KORD_Chicago,22.5,63.66666666666666,8.799999999999999,10.5,0.0,1007.8666666666668,1,Medium,1
Airplane,"(-1, 0]",1,1,2010-06-25,2.0,Illinois,Take-off run,Small,No Cloud,American kestrel,True,0,False,2010,6,CHICAGO O'HARE INTL ARPT,41.9786,-87.9048,680.0,4.16460023622371,IL,KORD_Chicago,22.5,63.66666666666666,8.799999999999999,10.5,0.0,1007.8666666666668,1,High,2
Airplane,"(-1, 0]",1,1,2010-06-25,2.0,Illinois,Landing Roll,Medium,No Cloud,Ring-billed gull,False,0,False,2010,6,CHICAGO MIDWAY INTL ARPT,41.785999,-87.752403,620.0,8.607490552607114,IL,KORD_Chicago,22.5,63.66666666666666,8.799999999999999,10.5,0.0,1007.8666666666668,1,High,2
Airplane,"(100, 200]",1,1,2010-06-26,2.0,Illinois,Approach,Small,Some Cloud,Unknown bird - small,True,150,False,2010,6,CHICAGO O'HARE INTL ARPT,41.9786,-87.9048,680.0,4.16460023622371,IL,KORD_Chicago,22.35,67.5,2.9,15.45,0.2,1005.6,1,Low,0
Airplane,"(-1, 0]",1,1,2010-06-26,2.0,Illinois,Take-off run,Small,Some Cloud,Unknown bird - small,False,0,True,2010,6,CHICAGO MIDWAY INTL ARPT,41.785999,-87.752403,620.0,8.607490552607114,IL,KORD_Chicago,22.35,67.5,2.9,15.45,0.2,1005.6,1,Medium,1
Airplane,"(-1, 0]",1,1,2010-06-26,2.0,New York,Landing Roll,Medium,Overcast,Ring-billed gull,True,0,False,2010,6,BUFFALO-NIAGARA INTL,42.940498,-78.732201,728.0,16.688896633415297,NY,KJFK_New_York,16.5,46.0,12.95,15.45,0.2,1013.05,1,High,2
Airplane,"(-1, 0]",1,1,2010-06-29,2.0,Illinois,Take-off run,Medium,No Cloud,Unknown bird - medium,True,0,False,2010,6,QUAD CITY ARPT,39.6431007385,-89.14450073239999,630.0,33.991848342153304,IL,KORD_Chicago,7.6,37.5,10.0,13.85,0.0,1010.45,1,Medium,1
Airplane,"(50, 100]",1,1,2010-06-30,2.0,Illinois,Approach,Small,No Cloud,American kestrel,False,100,True,2010,6,CHICAGO O'HARE INTL ARPT,41.9786,-87.9048,680.0,4.16460023622371,IL,KORD_Chicago,19.8,62.0,3.333333333333333,14.766666666666666,0.0,1014.0666666666666,1,Low,0
Airplane,"(50, 100]",1,1,2010-06-30,2.0,New York,Climb,Small,Some Cloud,Barn swallow,True,100,False,2010,6,ALBANY INTL,42.748299,-73.801697,285.0,94.50065050780267,NY,KJFK_New_York,14.633333333333336,64.66666666666667,8.799999999999999,12.4,0.0,1017.1666666666666,1,Medium,1
Airplane,"(3000, 5000]",1,1,2010-07-01,2.0,New York,Approach,Medium,No Cloud,Unknown bird - medium,True,5000,False,2010,7,JOHN F KENNEDY INTL,40.639447,-73.779317,13.0,285.81600722845906,NY,KJFK_New_York,16.75,77.5,13.25,11.8,1.6,1014.3,1,Medium,1
Airplane,"(-1, 0]",1,1,2010-07-02,2.0,Illinois,Landing Roll,Small,No Cloud,Killdeer,True,0,False,2010,7,CHICAGO O'HARE INTL ARPT,41.9786,-87.9048,680.0,4.16460023622371,IL,KORD_Chicago,18.3,49.5,1.9,12.75,2.7,1009.5,1,High,2
Airplane,"(-1, 0]",1,1,2010-07-03,2.0,Colorado,Landing Roll,Small,Some Cloud,Unknown bird - small,True,0,True,2010,7,DENVER INTL AIRPORT,39.52920150756836,-104.65799713134766,6295.0,27.573111187238812,CO,KDEN_Denver,21.05,75.0,3.45,14.05,0.0,1009.55,1,Medium,1
Airplane,"(50, 100]",1,1,2010-07-03,2.0,New York,Climb,Small,No Cloud,Barn swallow,False,100,False,2010,7,JOHN F KENNEDY INTL,40.639447,-73.779317,13.0,285.81600722845906,NY,KJFK_New_York,5.449999999999999,71.0,6.85,15.35,0.0,1014.95,1,Low,0
Airplane,"(-1, 0]",1,1,2010-07-04,2.0,Illinois,Landing Roll,Small,Some Cloud,American kestrel,False,0,True,2010,7,CHICAGO MIDWAY INTL ARPT,41.785999,-87.752403,620.0,8.607490552607114,IL,KORD_Chicago,12.25,60.5,19.9,13.55,0.0,1008.15,1,High,2
Airplane,"(50, 100]",1,1,2010-07-05,2.0,Illinois,Climb,Small,No Cloud,Unknown bird - small,False,100,True,2010,7,CHICAGO MIDWAY INTL ARPT,41.785999,-87.752403,620.0,8.607490552607114,IL,KORD_Chicago,16.6,83.5,4.4,11.35,0.0,1012.7,1,Medium,1
Airplane,"(-1, 0]",1,1,2010-07-06,2.0,Illinois,Take-off run,Small,Some Cloud,American robin,True,0,False,2010,7,CHICAGO O'HARE INTL ARPT,41.9786,-87.9048,680.0,4.16460023622371,IL,KORD_Chicago,8.466666666666667,72.66666666666667,6.066666666666666,12.266666666666667,1.6,1013.2666666666668,1,Medium,1
Airplane,"(600, 1000]",1,1,2010-07-06,2.0,Illinois,Approach,Small,Some Cloud,Unknown bird - small,True,1000,False,2010,7,CHICAGO MIDWAY INTL ARPT,41.785999,-87.752403,620.0,8.607490552607114,IL,KORD_Chicago,8.466666666666667,72.66666666666667,6.066666666666666,12.266666666666667,1.6,1013.2666666666668,1,Low,0
Airplane,"(1000, 2000]",1,1,2010-07-07,2.0,New York,Approach,Small,No Cloud,Unknown bird - small,True,2000,True,2010,7,LONG ISLAND MAC ARTHUR,40.796324,-73.101703,99.0,292.8807816425768,NY,KJFK_New_York,13.65,71.5,11.8,13.55,1.2,1004.65,1,Low,0
Airplane,"(-1, 0]",1,1,2010-07-07,2.0,Illinois,Landing Roll,Small,Overcast,Barn swallow,True,0,False,2010,7,CHICAGO O'HARE INTL ARPT,41.9786,-87.9048,680.0,4.16460023622371,IL,KORD_Chicago,18.8,70.0,10.7,15.5,0.2,1007.9,1,High,2
Airplane,"(-1, 0]",1,1,2010-07-09,2.0,Colorado,Take-off run,Small,No Cloud,Unknown bird - small,False,0,False,2010,7,DENVER INTL AIRPORT,39.52920150756836,-104.65799713134766,6295.0,27.573111187238812,CO,KDEN_Denver,17.4,64.0,9.7,15.25,0.0,1029.75,1,Medium,1
Airplane,"(-1, 0]",1,1,2010-07-10,2.0,Illinois,Landing Roll,Small,Some Cloud,Tree swallow,True,0,False,2010,7,CHICAGO O'HARE INTL ARPT,41.9786,-87.9048,680.0,4.16460023622371,IL,KORD_Chicago,9.1,77.5,6.9,14.5,4.6,1012.95,1,Medium,1
Airplane,"(-1, 0]",1,1,2010-07-10,2.0,Illinois,Take-off run,Small,No Cloud,Mourning dove,True,0,False,2010,7,CHICAGO O'HARE INTL ARPT,41.9786,-87.9048,680.0,4.16460023622371,IL,KORD_Chicago,9.1,77.5,6.9,14.5,4.6,1012.95,1,Medium,1
Airplane,"(-1, 0]",1,1,2010-07-10,2.0,Illinois,Take-off run,Small,Some Cloud,Unknown bird - small,True,0,False,2010,7,CHICAGO MIDWAY INTL ARPT,41.785999,-87.752403,620.0,8.607490552607114,IL,KORD_Chicago,9.1,77.5,6.9,14.5,4.6,1012.95,1,Medium,1
Airplane,"(-1, 0]",1,1,2010-07-11,2.0,New York,Landing Roll,Small,No Cloud,Unknown bird - small,True,0,False,2010,7,BUFFALO-NIAGARA INTL,42.940498,-78.732201,728.0,16.688896633415297,NY,KJFK_New_York,7.099999999999999,59.0,7.133333333333334,12.0,0.0,1013.4666666666668,1,High,2
Airplane,"(100, 200]",1,1,2010-07-13,2.0,Illinois,Approach,Small,No Cloud,Unknown bird - small,True,200,False,2010,7,CHICAGO O'HARE INTL ARPT,41.9786,-87.9048,680.0,4.16460023622371,IL,KORD_Chicago,16.8,86.0,7.699999999999999,14.2,0.0,1014.65,1,Medium,1
Airplane,"(30, 50]",1,1,2010-07-13,2.0,Colorado,Approach,Small,No Cloud,Unknown bird - small,True,35,True,2010,7,DENVER INTL AIRPORT,39.52920150756836,-104.65799713134766,6295.0,27.573111187238812,CO,KDEN_Denver,-0.7500000000000004,67.0,4.85,12.9,0.0,1017.15,1,Low,0
Airplane,"(-1, 0]",1,1,2010-07-14,2.0,Illinois,Landing Roll,Small,Some Cloud,Sparrows,True,0,False,2010,7,QUAD CITY ARPT,39.6431007385,-89.14450073239999,630.0,33.991848342153304,IL,KORD_Chicago,2.35,76.5,3.8,14.45,1.4,1014.25,1,Medium,1
Airplane,"(-1, 0]",1,1,2010-07-15,2.0,Colorado,Landing Roll,Small,No Cloud,Unknown bird - small,False,0,False,2010,7,DENVER INTL AIRPORT,39.52920150756836,-104.65799713134766,6295.0,27.573111187238812,CO,KDEN_Denver,13.4,73.0,7.8,16.05,0.0,1016.15,1,Medium,1
Airplane,"(-1, 0]",1,1,2010-07-15,2.0,Illinois,Landing Roll,Small,No Cloud,European starling,False,0,False,2010,7,WAUKEGAN REGIONAL ARPT,42.422199249268,-87.867897033691,727.0,47.79741233555611,IL,KORD_Chicago,-1.15,47.0,7.65,12.3,0.0,1014.55,1,High,2
Airplane,"(-1, 0]",1,1,2010-07-15,2.0,Illinois,Landing Roll,Small,No Cloud,American kestrel,False,0,True,2010,7,CHICAGO MIDWAY INTL ARPT,41.785999,-87.752403,620.0,8.607490552607114,IL,KORD_Chicago,-1.15,47.0,7.65,12.3,0.0,1014.55,1,High,2
Airplane,"(-1, 0]",1,1,2010-07-15,2.0,New York,Take-off run,Small,Some Cloud,Barn swallow,True,0,False,2010,7,LAGUARDIA NY,40.777199,-73.872597,21.0,268.82670826154464,NY,KJFK_New_York,17.5,86.0,4.95,14.1,0.8,1018.5,1,Low,0
Airplane,"(1000, 2000]",1,1,2010-07-16,2.0,Illinois,Approach,Small,Some Cloud,Unknown bird - small,False,1500,True,2010,7,CHICAGO MIDWAY INTL ARPT,41.785999,-87.752403,620.0,8.607490552607114,IL,KORD_Chicago,9.6,66.0,9.95,14.2,0.0,1007.5,1,Low,0
Airplane,"(50, 100]",1,1,2010-07-17,2.0,Illinois,Climb,Medium,No Cloud,Unknown bird - medium,True,100,False,2010,7,QUAD CITY ARPT,39.6431007385,-89.14450073239999,630.0,33.991848342153304,IL,KORD_Chicago,8.066666666666668,70.66666666666667,11.6,11.1,5.0,1014.0666666666666,1,High,2
Airplane,"(-1, 0]",1,1,2010-07-17,2.0,New York,Take-off run,Small,No Cloud,Unknown bird - small,True,0,False,2010,7,BUFFALO-NIAGARA INTL,42.940498,-78.732201,728.0,16.688896633415297,NY,KJFK_New_York,18.73333333333333,59.0,15.166666666666666,11.066666666666668,0.3,1005.4,1,High,2
Airplane,"(-1, 0]",1,1,2010-07-19,2.0,Colorado,Landing Roll,Small,No Cloud,Western kingbird,False,0,False,2010,7,PUEBLO MEMORIAL ARPT,38.289101,-104.497002,4726.0,17.704292706523976,CO,KDEN_Denver,10.45,48.0,13.9,13.75,0.0,1015.15,1,High,2
Airplane,"(-1, 0]",1,1,2010-07-20,2.0,Colorado,Take-off run,Small,Some Cloud,Unknown bird - small,False,0,False,2010,7,DENVER INTL AIRPORT,39.52920150756836,-104.65799713134766,6295.0,27.573111187238812,CO,KDEN_Denver,17.8,60.5,16.6,13.65,2.0,1010.25,1,High,2
Airplane,"(30, 50]",1,1,2010-07-20,2.0,New York,Climb,Medium,No Cloud,Unknown bird - medium,False,50,True,2010,7,JOHN F KENNEDY INTL,40.639447,-73.779317,13.0,285.81600722845906,NY,KJFK_New_York,0.3000000000000002,49.0,3.6,13.9,0.0,1013.7,1,Low,0
Airplane,"(-1, 0]",1,1,2010-07-20,2.0,New York,Take-off run,Small,No Cloud,Unknown bird - small,False,0,False,2010,7,STEWART INTL AIRPORT,41.85419845581055,-89.08760070800781,770.0,772.6270946133457,NY,KJFK_New_York,0.3000000000000002,49.0,3.6,13.9,0.0,1013.7,1,Low,0
Airplane,"(-1, 0]",1,1,2010-07-20,2.0,New York,Landing Roll,Small,Some Cloud,Swallows,True,0,False,2010,7,BUFFALO-NIAGARA INTL,42.940498,-78.732201,728.0,16.688896633415297,NY,KJFK_New_York,0.3000000000000002,49.0,3.6,13.9,0.0,1013.7,1,Medium,1
Airplane,"(-1, 0]",1,1,2010-07-21,2.0,New York,Take-off run,Small,No Cloud,Unknown bird - small,False,0,False,2010,7,BUFFALO-NIAGARA INTL,42.940498,-78.732201,728.0,16.688896633415297,NY,KJFK_New_York,11.05,48.5,19.5,13.2,0.0,1005.75,1,High,2
Airplane,"(-1, 0]",1,1,2010-07-21,2.0,Colorado,Take-off run,Small,No Cloud,Unknown bird - small,False,0,True,2010,7,DENVER INTL AIRPORT,39.52920150756836,-104.65799713134766,6295.0,27.573111187238812,CO,KDEN_Denver,7.25,59.5,9.4,9.85,0.0,1015.45,1,High,2
Airplane,"(100, 200]",1,1,2010-07-21,2.0,New York,Approach,Small,No Cloud,Unknown bird - small,True,200,True,2010,7,BUFFALO-NIAGARA INTL,42.940498,-78.732201,728.0,16.688896633415297,NY,KJFK_New_York,11.05,48.5,19.5,13.2,0.0,1005.75,1,Medium,1
Airplane,"(-1, 0]",1,1,2010-07-21,2.0,New York,Landing Roll,Small,Some Cloud,American kestrel,False,0,False,2010,7,GREATER BINGHAMTON ARPT,39.9734,-90.403702,465.0,928.1562052517568,NY,KJFK_New_York,11.05,48.5,19.5,13.2,0.0,1005.75,1,Medium,1
Airplane,"(-1, 0]",1,1,2010-07-22,2.0,Illinois,Landing Roll,Small,Some Cloud,American kestrel,False,0,True,2010,7,CHICAGO MIDWAY INTL ARPT,41.785999,-87.752403,620.0,8.607490552607114,IL,KORD_Chicago,17.3,72.0,2.2666666666666666,11.7,0.0,1013.8333333333334,1,High,2
Airplane,"(-1, 0]",1,1,2010-07-23,2.0,Illinois,Landing Roll,Small,Some Cloud,American crow,True,0,False,2010,7,CHICAGO O'HARE INTL ARPT,41.9786,-87.9048,680.0,4.16460023622371,IL,KORD_Chicago,13.5,63.0,9.2,14.9,0.0,1008.4,1,Medium,1
Airplane,"(-1, 0]",1,1,2010-07-23,2.0,New York,Landing Roll,Medium,Overcast,Gulls,False,0,True,2010,7,BUFFALO-NIAGARA INTL,42.940498,-78.732201,728.0,16.688896633415297,NY,KJFK_New_York,10.6,85.5,14.0,10.15,0.0,1017.4,1,High,2
Airplane,"(400, 600]",1,1,2010-07-24,2.0,Illinois,Approach,Medium,Overcast,Unknown bird - medium,True,600,False,2010,7,CHICAGO O'HARE INTL ARPT,41.9786,-87.9048,680.0,4.16460023622371,IL,KORD_Chicago,9.35,46.0,9.4,15.6,0.2,1016.5,1,Medium,1
Airplane,"(0, 10]",1,1,2010-07-26,2.0,Colorado,Approach,Small,No Cloud,Unknown bird - small,False,10,False,2010,7,FORT COLLINS-LOVELAND,40.41207,-105.11256,5080.0,56.340696739404464,CO,KDEN_Denver,19.7,89.5,7.550000000000001,12.8,0.2,1014.45,1,Medium,1
Airplane,"(100, 200]",1,1,2010-07-26,2.0,Illinois,Approach,Small,No Cloud,Unknown bird - small,True,200,False,2010,7,CHICAGO O'HARE INTL ARPT,41.9786,-87.9048,680.0,4.16460023622371,IL,KORD_Chicago,12.15,60.0,2.3,14.45,0.0,1014.35,1,Low,0
Airplane,"(-1, 0]",1,1,2010-07-26,2.0,New York,Landing Roll,Small,No Cloud,American kestrel,True,0,False,2010,7,LAGUARDIA NY,40.777199,-73.872597,21.0,268.82670826154464,NY,KJFK_New_York,18.15,40.5,13.9,14.3,0.0,1012.95,1,Medium,1
Airplane,"(-1, 0]",1,1,2010-07-27,2.0,Illinois,Landing Roll,Small,No Cloud,Barn swallow,True,0,False,2010,7,QUAD CITY ARPT,39.6431007385,-89.14450073239999,630.0,33.991848342153304,IL,KORD_Chicago,-1.0499999999999998,72.0,4.1,14.05,0.0,1016.1,1,Medium,1
Airplane,"(-1, 0]",1,1,2010-07-28,2.0,New York,Take-off run,Small,No Cloud,Unknown bird - small,True,0,False,2010,7,WESTCHESTER COUNTY ARPT,41.06700134277344,-73.70760345458984,439.0,243.3503200617849,NY,KJFK_New_York,16.7,77.0,13.433333333333332,13.233333333333334,0.0,1014.6666666666666,1,Medium,1
Airplane,"(-1, 0]",1,1,2010-07-29,2.0,Illinois,Take-off run,Small,No Cloud,Unknown bird - small,False,0,False,2010,7,BLOOMINGTON/NORMAL,40.4771,-88.915901,871.0,9.96741417120628,IL,KORD_Chicago,14.4,85.0,7.45,11.55,1.5,1007.95,1,High,2
Airplane,"(-1, 0]",1,1,2010-07-30,2.0,New York,Take-off run,Small,No Cloud,Unknown bird - small,False,0,True,2010,7,ALBANY INTL,42.748299,-73.801697,285.0,94.50065050780267,NY,KJFK_New_York,5.5,39.0,19.75,16.1,0.0,1011.4,1,Medium,1
Airplane,"(1000, 2000]",1,1,2010-07-30,2.0,Illinois,Approach,Small,No Cloud,Unknown bird - small,True,2000,True,2010,7,CHICAGO O'HARE INTL ARPT,41.9786,-87.9048,680.0,4.16460023622371,IL,KORD_Chicago,13.75,69.0,7.1,11.85,0.1,1008.4,1,Low,0
Airplane,"(-1, 0]",1,1,2010-07-30,2.0,New York,Landing Roll,Small,No Cloud,Mourning dove,True,0,False,2010,7,JOHN F KENNEDY INTL,40.639447,-73.779317,13.0,285.81600722845906,NY,KJFK_New_York,5.5,39.0,19.75,16.1,0.0,1011.4,1,Medium,1
Airplane,"(-1, 0]",1,1,2010-07-30,2.0,Illinois,Take-off run,Small,Some Cloud,Unknown bird - small,False,0,False,2010,7,GREATER PEORIA REGIONAL ARPT,38.812906,-106.120062,7946.0,1287.5633843304047,IL,KORD_Chicago,13.75,69.0,7.1,11.85,0.1,1008.4,1,Low,0
Airplane,"(-1, 0]",1,1,2010-08-01,2.0,Illinois,Take-off run,Small,Some Cloud,Unknown bird - small,False,0,True,2010,8,CHICAGO MIDWAY INTL ARPT,41.785999,-87.752403,620.0,8.607490552607114,IL,KORD_Chicago,5.05,74.0,18.7,12.65,0.0,1014.35,1,High,2
Airplane,"(-1, 0]",1,1,2010-08-01,2.0,Illinois,Landing Roll,Small,Some Cloud,Barn swallow,False,0,False,2010,8,UNIV OF ILLINOIS -WILLARD ARPT,40.039819,-88.276249,755.0,25.148499963897123,IL,KORD_Chicago,5.05,74.0,18.7,12.65,0.0,1014.35,1,High,2
Airplane,"(-1, 0]",1,1,2010-08-01,2.0,New York,Landing Roll,Small,Some Cloud,American kestrel,False,0,False,2010,8,JOHN F KENNEDY INTL,40.639447,-73.779317,13.0,285.81600722845906,NY,KJFK_New_York,14.25,71.0,14.95,15.15,1.7000000000000002,1018.05,1,Medium,1
Airplane,"(400, 600]",1,1,2010-08-02,2.0,Colorado,Approach,Small,No Cloud,Unknown bird - small,False,500,True,2010,8,DENVER INTL AIRPORT,39.52920150756836,-104.65799713134766,6295.0,27.573111187238812,CO,KDEN_Denver,4.733333333333333,51.333333333333336,15.3,13.766666666666666,0.0,1009.4666666666668,1,Medium,1
Airplane,"(30, 50]",1,1,2010-08-02,2.0,Illinois,Climb,Small,No Cloud,Barn swallow,False,50,False,2010,8,CHICAGO O'HARE INTL ARPT,41.9786,-87.9048,680.0,4.16460023622371,IL,KORD_Chicago,14.433333333333335,81.0,5.966666666666666,13.866666666666667,0.0,1015.0,1,Low,0
Airplane,"(600, 1000]",1,1,2010-08-03,2.0,Illinois,Approach,Medium,No Cloud,Unknown bird - medium,False,800,True,2010,8,CHICAGO MIDWAY INTL ARPT,41.785999,-87.752403,620.0,8.607490552607114,IL,KORD_Chicago,13.25,59.5,17.3,16.1,0.0,1022.85,1,Medium,1
Airplane,"(50, 100]",1,1,2010-08-03,2.0,New York,Approach,Medium,Some Cloud,Unknown bird - medium,True,55,False,2010,8,BUFFALO-NIAGARA INTL,42.940498,-78.732201,728.0,16.688896633415297,NY,KJFK_New_York,14.45,33.5,9.05,14.35,1.2,1011.0,1,High,2
Airplane,"(-1, 0]",1,1,2010-08-05,2.0,Colorado,Take-off run,Small,Overcast,Unknown bird - small,False,0,True,2010,8,COLORADO SPRINGS MUNICIPAL,38.805801,-104.700996,6187.0,38.3672452711314,CO,KDEN_Denver,16.15,57.0,10.75,15.05,0.0,1014.05,1,Low,0
Airplane,"(30, 50]",1,1,2010-08-05,2.0,Illinois,Approach,Small,No Cloud,Barn swallow,False,50,False,2010,8,CHICAGO O'HARE INTL ARPT,41.9786,-87.9048,680.0,4.16460023622371,IL,KORD_Chicago,10.0,71.5,9.65,15.5,0.0,1003.6,1,Medium,1
Airplane,"(50, 100]",1,1,2010-08-07,2.0,New York,Approach,Large,No Cloud,Unknown bird - large,True,100,False,2010,8,LAGUARDIA NY,40.777199,-73.872597,21.0,268.82670826154464,NY,KJFK_New_York,26.4,55.0,18.55,9.05,0.0,1015.0,1,High,2
Airplane,"(-1, 0]",1,1,2010-08-08,2.0,Illinois,Take-off run,Small,Some Cloud,Unknown bird - small,True,0,True,2010,8,CHICAGO O'HARE INTL ARPT,41.9786,-87.9048,680.0,4.16460023622371,IL,KORD_Chicago,17.5,66.66666666666667,6.233333333333333,11.7,0.0,1009.5,1,Medium,1
Airplane,"(10, 30]",1,1,2010-08-10,2.0,Illinois,Climb,Small,No Cloud,Unknown bird - small,False,20,False,2010,8,CHICAGO O'HARE INTL ARPT,41.9786,-87.9048,680.0,4.16460023622371,IL,KORD_Chicago,16.15,85.0,5.949999999999999,15.4,0.0,1010.55,1,Low,0
Airplane,"(-1, 0]",1,1,2010-08-10,2.0,New York,Take-off run,Small,Overcast,European starling,True,0,False,2010,8,BUFFALO-NIAGARA INTL,42.940498,-78.732201,728.0,16.688896633415297,NY,KJFK_New_York,3.4,64.5,8.55,9.15,0.0,1009.35,1,High,2
Airplane,"(50, 100]",1,1,2010-08-10,2.0,New York,Approach,Small,Overcast,Sparrows,True,100,False,2010,8,BUFFALO-NIAGARA INTL,42.940498,-78.732201,728.0,16.688896633415297,NY,KJFK_New_York,3.4,64.5,8.55,9.15,0.0,1009.35,1,Medium,1
Airplane,"(-1, 0]",1,1,2010-08-10,2.0,Illinois,Landing Roll,Small,Some Cloud,Barn swallow,True,0,False,2010,8,CHICAGO O'HARE INTL ARPT,41.9786,-87.9048,680.0,4.16460023622371,IL,KORD_Chicago,16.15,85.0,5.949999999999999,15.4,0.0,1010.55,1,Medium,1
Airplane,"(50, 100]",1,1,2010-08-12,2.0,Illinois,Approach,Small,No Cloud,Unknown bird - small,False,100,True,2010,8,CHICAGO O'HARE INTL ARPT,41.9786,-87.9048,680.0,4.16460023622371,IL,KORD_Chicago,19.55,39.5,16.0,12.45,0.0,1023.5,1,Medium,1
Airplane,"(30, 50]",1,1,2010-08-13,2.0,Illinois,Climb,Medium,Some Cloud,Unknown bird - medium,False,50,False,2010,8,CHICAGO O'HARE INTL ARPT,41.9786,-87.9048,680.0,4.16460023622371,IL,KORD_Chicago,6.933333333333334,92.66666666666669,5.633333333333333,16.0,0.0,1012.5666666666666,1,Medium,1
Airplane,"(30, 50]",1,1,2010-08-15,2.0,Illinois,Approach,Small,No Cloud,Unknown bird - small,True,40,False,2010,8,QUAD CITY ARPT,39.6431007385,-89.14450073239999,630.0,33.991848342153304,IL,KORD_Chicago,19.55,50.5,12.1,13.1,0.0,1013.55,1,Medium,1
Airplane,"(100, 200]",1,1,2010-08-16,2.0,Illinois,Approach,Small,No Cloud,Unknown bird - small,False,150,True,2010,8,CHICAGO MIDWAY INTL ARPT,41.785999,-87.752403,620.0,8.607490552607114,IL,KORD_Chicago,23.950000000000003,44.5,3.6,14.9,2.6,1023.7,1,Low,0
Airplane,"(0, 10]",1,1,2010-08-17,2.0,New York,Climb,Small,No Cloud,Unknown bird - small,False,10,True,2010,8,BUFFALO-NIAGARA INTL,42.940498,-78.732201,728.0,16.688896633415297,NY,KJFK_New_York,3.1,53.0,11.8,13.2,0.0,1014.05,1,Medium,1
Airplane,"(-1, 0]",1,1,2010-08-17,2.0,Illinois,Landing Roll,Small,Some Cloud,Brown-headed cowbird,True,0,True,2010,8,CHICAGO O'HARE INTL ARPT,41.9786,-87.9048,680.0,4.16460023622371,IL,KORD_Chicago,20.700000000000003,65.5,16.75,12.55,0.0,1019.2,1,High,2
Airplane,"(-1, 0]",1,1,2010-08-17,2.0,New York,Landing Roll,Small,Some Cloud,Barn owl,True,0,False,2010,8,JOHN F KENNEDY INTL,40.639447,-73.779317,13.0,285.81600722845906,NY,KJFK_New_York,3.1,53.0,11.8,13.2,0.0,1014.05,1,Medium,1
Airplane,"(-1, 0]",1,1,2010-08-17,2.0,New York,Take-off run,Small,No Cloud,Killdeer,True,0,False,2010,8,GREATER BINGHAMTON ARPT,39.9734,-90.403702,465.0,928.1562052517568,NY,KJFK_New_York,3.1,53.0,11.8,13.2,0.0,1014.05,1,Medium,1
Airplane,"(30, 50]",1,1,2010-08-17,2.0,New York,Approach,Small,Some Cloud,Semipalmated plover,True,50,False,2010,8,JOHN F KENNEDY INTL,40.639447,-73.779317,13.0,285.81600722845906,NY,KJFK_New_York,3.1,53.0,11.8,13.2,0.0,1014.05,1,Low,0
Airplane,"(-1, 0]",1,1,2010-08-20,2.0,Illinois,Landing Roll,Small,Some Cloud,Unknown bird - small,False,0,False,2010,8,UNIV OF ILLINOIS -WILLARD ARPT,40.039819,-88.276249,755.0,25.148499963897123,IL,KORD_Chicago,9.2,57.5,4.5,9.55,3.0,1009.15,1,High,2
Airplane,"(100, 200]",1,1,2010-08-21,2.0,New York,Approach,Small,Overcast,Unknown bird - small,True,150,True,2010,8,JOHN F KENNEDY INTL,40.639447,-73.779317,13.0,285.81600722845906,NY,KJFK_New_York,15.3,58.5,9.4,13.4,0.6,1013.85,1,Low,0
Airplane,"(100, 200]",1,1,2010-08-22,2.0,Colorado,Approach,Large,Some Cloud,Golden eagle,False,200,False,2010,8,YAMPA VALLEY,40.481201,-107.218002,6606.0,180.83264488239317,CO,KDEN_Denver,26.05,73.0,10.1,10.85,0.0,1011.75,1,High,2
Airplane,"(200, 400]",1,1,2010-08-24,2.0,Illinois,Approach,Small,Some Cloud,Unknown bird - small,True,400,False,2010,8,CHICAGO O'HARE INTL ARPT,41.9786,-87.9048,680.0,4.16460023622371,IL,KORD_Chicago,11.733333333333334,55.66666666666666,9.233333333333333,13.433333333333335,0.7,1016.6666666666666,1,Low,0
Airplane,"(50, 100]",1,1,2010-08-24,2.0,New York,Approach,Small,Overcast,Least sandpiper,True,100,False,2010,8,LAGUARDIA NY,40.777199,-73.872597,21.0,268.82670826154464,NY,KJFK_New_York,16.733333333333334,47.0,13.9,14.266666666666666,11.3,1006.6333333333332,1,Medium,1
Airplane,"(2000, 3000]",1,1,2010-08-25,2.0,Illinois,Approach,Medium,Some Cloud,Unknown bird - medium,True,2300,False,2010,8,CHICAGO O'HARE INTL ARPT,41.9786,-87.9048,680.0,4.16460023622371,IL,KORD_Chicago,7.1,58.5,15.8,12.4,0.0,1014.55,1,Medium,1
Airplane,"(-1, 0]",1,1,2010-08-25,2.0,New York,Landing Roll,Small,Overcast,Barn swallow,False,0,False,2010,8,GREATER BINGHAMTON ARPT,39.9734,-90.403702,465.0,928.1562052517568,NY,KJFK_New_York,9.2,85.5,5.449999999999999,16.1,0.0,1008.7,1,Low,0
Airplane,"(50, 100]",1,1,2010-08-25,2.0,New York,Approach,Small,Some Cloud,Semipalmated plover,True,100,False,2010,8,LAGUARDIA NY,40.777199,-73.872597,21.0,268.82670826154464,NY,KJFK_New_York,9.2,85.5,5.449999999999999,16.1,0.0,1008.7,1,Low,0
Airplane,"(400, 600]",1,1,2010-08-26,2.0,Illinois,Approach,Small,Some Cloud,Unknown bird - small,False,500,True,2010,8,CHICAGO MIDWAY INTL ARPT,41.785999,-87.752403,620.0,8.607490552607114,IL,KORD_Chicago,12.3,64.0,13.75,15.6,0.0,1016.95,1,Low,0
Airplane,"(100, 200]",1,1,2010-08-26,2.0,New York,Approach,Medium,No Cloud,Ring-billed gull,False,200,False,2010,8,LAGUARDIA NY,40.777199,-73.872597,21.0,268.82670826154464,NY,KJFK_New_York,11.25,50.5,14.45,13.65,0.0,1012.7,1,Medium,1
Airplane,"(-1, 0]",1,1,2010-08-28,2.0,New York,Take-off run,Small,No Cloud,Barn swallow,True,0,False,2010,8,JOHN F KENNEDY INTL,40.639447,-73.779317,13.0,285.81600722845906,NY,KJFK_New_York,8.65,80.0,15.0,11.9,0.0,1017.85,1,Medium,1
Airplane,"(-1, 0]",1,1,2010-08-28,2.0,Illinois,Take-off run,Small,No Cloud,Mourning dove,True,0,False,2010,8,CHICAGO O'HARE INTL ARPT,41.9786,-87.9048,680.0,4.16460023622371,IL,KORD_Chicago,19.05,76.0,9.9,14.35,0.0,1020.95,1,Medium,1
Airplane,"(-1, 0]",1,1,2010-08-30,2.0,New York,Landing Roll,Small,No Cloud,Perching birds (y),True,0,False,2010,8,JOHN F KENNEDY INTL,40.639447,-73.779317,13.0,285.81600722845906,NY,KJFK_New_York,11.9,58.0,22.46666666666667,11.166666666666666,0.6,1018.5333333333332,1,High,2
Airplane,"(50, 100]",1,1,2010-08-31,2.0,Illinois,Climb,Small,Some Cloud,Mourning dove,True,100,False,2010,8,CHICAGO O'HARE INTL ARPT,41.9786,-87.9048,680.0,4.16460023622371,IL,KORD_Chicago,9.1,44.0,6.05,15.0,0.0,1008.65,1,Low,0
Airplane,"(1000, 2000]",1,1,2010-09-01,2.0,Colorado,Climb,Small,No Cloud,Unknown bird - small,False,1200,True,2010,9,DENVER INTL AIRPORT,39.52920150756836,-104.65799713134766,6295.0,27.573111187238812,CO,KDEN_Denver,11.75,75.5,11.15,12.25,0.0,1008.4,1,Low,0
Airplane,"(-1, 0]",1,1,2010-09-02,2.0,Illinois,Landing Roll,Small,Overcast,Common nighthawk,True,0,False,2010,9,BLOOMINGTON/NORMAL,40.4771,-88.915901,871.0,9.96741417120628,IL,KORD_Chicago,27.7,57.5,10.65,16.1,1.6,1022.2,1,High,2
Airplane,"(10, 30]",1,1,2010-09-02,2.0,Illinois,Climb,Small,Overcast,Meadowlarks,False,30,False,2010,9,WILLIAMSON COUNTY REGIONAL,39.64260101,-106.9179993,6548.0,1343.0822483629204,IL,KORD_Chicago,27.7,57.5,10.65,16.1,1.6,1022.2,1,Low,0
Airplane,"(1000, 2000]",1,1,2010-09-03,2.0,Illinois,Approach,Small,Some Cloud,Unknown bird - small,True,1200,False,2010,9,CHICAGO O'HARE INTL ARPT,41.9786,-87.9048,680.0,4.16460023622371,IL,KORD_Chicago,20.9,60.0,13.0,14.85,0.0,1019.4,1,Low,0
Airplane,"(-1, 0]",1,1,2010-09-03,2.0,Illinois,Landing Roll,Small,No Cloud,Unknown bird - small,False,0,True,2010,9,CHICAGO MIDWAY INTL ARPT,41.785999,-87.752403,620.0,8.607490552607114,IL,KORD_Chicago,20.9,60.0,13.0,14.85,0.0,1019.4,1,High,2
Airplane,"(1000, 2000]",1,1,2010-09-03,2.0,Illinois,Approach,Small,No Cloud,Unknown bird - small,False,2000,True,2010,9,CHICAGO MIDWAY INTL ARPT,41.785999,-87.752403,620.0,8.607490552607114,IL,KORD_Chicago,20.9,60.0,13.0,14.85,0.0,1019.4,1,Low,0
Airplane,"(-1, 0]",1,1,2010-09-03,2.0,Illinois,Take-off run,Small,Some Cloud,Mourning dove,True,0,False,2010,9,CHICAGO O'HARE INTL ARPT,41.9786,-87.9048,680.0,4.16460023622371,IL,KORD_Chicago,20.9,60.0,13.0,14.85,0.0,1019.4,1,Medium,1
Airplane,"(2000, 3000]",1,1,2010-09-03,2.0,New York,Approach,Small,No Cloud,Veery,True,3000,False,2010,9,LAGUARDIA NY,40.777199,-73.872597,21.0,268.82670826154464,NY,KJFK_New_York,15.7,62.0,4.65,14.35,0.0,1014.7,1,Low,0
Airplane,"(50, 100]",1,1,2010-09-05,2.0,New York,Approach,Small,No Cloud,Unknown bird - small,False,100,False,2010,9,BUFFALO-NIAGARA INTL,42.940498,-78.732201,728.0,16.688896633415297,NY,KJFK_New_York,14.9,53.5,4.45,12.75,0.0,1013.95,1,Low,0
Airplane,"(-1, 0]",1,1,2010-09-05,2.0,New York,Take-off run,Small,No Cloud,Unknown bird - small,True,0,True,2010,9,LONG ISLAND MAC ARTHUR,40.796324,-73.101703,99.0,292.8807816425768,NY,KJFK_New_York,14.9,53.5,4.45,12.75,0.0,1013.95,1,Low,0
Airplane,"(2000, 3000]",1,1,2010-09-05,2.0,Illinois,Approach,Small,Some Cloud,Unknown bird - small,True,2500,True,2010,9,CHICAGO MIDWAY INTL ARPT,41.785999,-87.752403,620.0,8.607490552607114,IL,KORD_Chicago,14.2,78.0,8.200000000000001,12.55,0.0,1019.75,1,Low,0
Airplane,"(-1, 0]",1,1,2010-09-06,2.0,Illinois,Landing Roll,Small,Overcast,Unknown bird - small,False,0,False,2010,9,CHICAGO O'HARE INTL ARPT,41.9786,-87.9048,680.0,4.16460023622371,IL,KORD_Chicago,3.35,67.5,9.25,14.85,0.0,1021.4,1,Medium,1
Airplane,"(5000, 18000]",1,1,2010-09-06,2.0,Colorado,Approach,Large,No Cloud,Unknown bird - large,True,5500,False,2010,9,DENVER INTL AIRPORT,39.52920150756836,-104.65799713134766,6295.0,27.573111187238812,CO,KDEN_Denver,20.1,71.5,3.6,15.45,0.0,1013.65,1,Low,0
Airplane,"(200, 400]",1,1,2010-09-08,2.0,Illinois,Approach,Small,No Cloud,Unknown bird - small,True,250,False,2010,9,CHICAGO O'HARE INTL ARPT,41.9786,-87.9048,680.0,4.16460023622371,IL,KORD_Chicago,4.4,56.5,6.15,13.3,3.6,1012.5,1,Medium,1
Airplane,"(-1, 0]",1,1,2010-09-09,2.0,Colorado,Take-off run,Small,No Cloud,Horned lark,True,0,False,2010,9,USAF ACADEMY BULLSEYE AUX AIRSTRIP,38.75830078125,-104.30699920654295,6036.0,18.785659703603432,CO,KDEN_Denver,12.8,72.0,5.05,9.2,0.0,1016.8,1,Medium,1
Airplane,"(1000, 2000]",1,1,2010-09-10,2.0,New York,Approach,Medium,Some Cloud,Unknown bird - medium,True,1500,False,2010,9,SYRACUSE HANCOCK INTL,43.11119842529297,-76.1063003540039,421.0,30.07276586498391,NY,KJFK_New_York,10.266666666666666,49.333333333333336,11.466666666666669,12.533333333333331,4.3,1007.5333333333332,1,Medium,1
Airplane,"(-1, 0]",1,1,2010-09-10,2.0,Colorado,Landing Roll,Small,No Cloud,Horned lark,False,0,True,2010,9,DENVER INTL AIRPORT,39.52920150756836,-104.65799713134766,6295.0,27.573111187238812,CO,KDEN_Denver,10.6,76.66666666666667,18.2,14.266666666666666,1.3,1012.3,1,High,2
Airplane,"(50, 100]",1,1,2010-09-11,2.0,Illinois,Approach,Small,Some Cloud,Unknown bird - small,True,100,False,2010,9,CHICAGO O'HARE INTL ARPT,41.9786,-87.9048,680.0,4.16460023622371,IL,KORD_Chicago,0.7,70.0,3.45,12.1,0.6,1019.2,1,Medium,1
Airplane,"(200, 400]",1,1,2010-09-13,2.0,Colorado,Approach,Small,No Cloud,Unknown bird - small,False,300,False,2010,9,DENVER INTL AIRPORT,39.52920150756836,-104.65799713134766,6295.0,27.573111187238812,CO,KDEN_Denver,21.75,67.0,8.95,11.8,0.0,1012.4,1,Medium,1
Airplane,"(50, 100]",1,1,2010-09-13,2.0,New York,Approach,Small,Some Cloud,European golden-plover,True,75,False,2010,9,JOHN F KENNEDY INTL,40.639447,-73.779317,13.0,285.81600722845906,NY,KJFK_New_York,18.1,46.0,4.7,14.35,0.0,1007.3,1,Low,0
Airplane,"(1000, 2000]",1,1,2010-09-13,2.0,Colorado,Approach,Medium,No Cloud,Unknown bird - medium,False,2000,False,2010,9,DENVER INTL AIRPORT,39.52920150756836,-104.65799713134766,6295.0,27.573111187238812,CO,KDEN_Denver,21.75,67.0,8.95,11.8,0.0,1012.4,1,Medium,1
Airplane,"(-1, 0]",1,1,2010-09-14,2.0,Colorado,Landing Roll,Small,No Cloud,Unknown bird - small,True,0,False,2010,9,COLORADO SPRINGS MUNICIPAL,38.805801,-104.700996,6187.0,38.3672452711314,CO,KDEN_Denver,7.05,63.0,9.4,10.25,0.0,1005.35,1,High,2
Airplane,"(600, 1000]",1,1,2010-09-14,2.0,Colorado,Approach,Small,No Cloud,American kestrel,True,800,False,2010,9,PUEBLO MEMORIAL ARPT,38.289101,-104.497002,4726.0,17.704292706523976,CO,KDEN_Denver,7.05,63.0,9.4,10.25,0.0,1005.35,1,Low,0
Airplane,"(-1, 0]",1,1,2010-09-15,2.0,Illinois,Take-off run,Small,No Cloud,Meadowlarks,True,0,False,2010,9,BLOOMINGTON/NORMAL,40.4771,-88.915901,871.0,9.96741417120628,IL,KORD_Chicago,17.766666666666666,80.33333333333333,11.133333333333333,13.6,2.7,1008.7666666666668,1,Medium,1
Airplane,"(400, 600]",1,1,2010-09-16,2.0,Illinois,Approach,Small,No Cloud,Unknown bird - small,False,600,True,2010,9,CHICAGO MIDWAY INTL ARPT,41.785999,-87.752403,620.0,8.607490552607114,IL,KORD_Chicago,15.45,48.5,5.9,16.1,3.3,1015.9,1,Low,0
Airplane,"(-1, 0]",1,1,2010-09-18,2.0,Colorado,Landing Roll,Large,No Cloud,Red fox,False,0,False,2010,9,EAGLE COUNTY REGIONAL,39.64260101,-106.9179993,6548.0,147.4277066641531,CO,KDEN_Denver,1.5,63.0,5.45,15.0,0.0,1016.55,1,Medium,1
Airplane,"(50, 100]",1,1,2010-09-18,2.0,New York,Approach,Small,No Cloud,European starling,True,100,True,2010,9,BUFFALO-NIAGARA INTL,42.940498,-78.732201,728.0,16.688896633415297,NY,KJFK_New_York,16.9,88.5,12.3,11.95,1.7,1012.7,1,High,2
Airplane,"(3000, 5000]",1,1,2010-09-18,2.0,Illinois,Climb,Small,Some Cloud,Gray-cheeked thrush,True,3500,False,2010,9,CHICAGO O'HARE INTL ARPT,41.9786,-87.9048,680.0,4.16460023622371,IL,KORD_Chicago,13.0,42.0,2.95,9.1,0.0,1017.05,1,Low,0
Airplane,"(200, 400]",1,1,2010-09-19,2.0,Illinois,Approach,Small,Some Cloud,Unknown bird - small,False,400,True,2010,9,CHICAGO MIDWAY INTL ARPT,41.785999,-87.752403,620.0,8.607490552607114,IL,KORD_Chicago,5.05,91.5,9.5,13.7,0.0,1017.85,1,Low,0
Airplane,"(0, 10]",1,1,2010-09-19,2.0,Illinois,Climb,Medium,Overcast,Peregrine falcon,True,10,False,2010,9,CHICAGO O'HARE INTL ARPT,41.9786,-87.9048,680.0,4.16460023622371,IL,KORD_Chicago,5.05,91.5,9.5,13.7,0.0,1017.85,1,Medium,1
Airplane,"(3000, 5000]",1,1,2010-09-20,2.0,New York,Descent,Small,No Cloud,Unknown bird - small,True,4000,False,2010,9,WESTCHESTER COUNTY ARPT,41.06700134277344,-73.70760345458984,439.0,243.3503200617849,NY,KJFK_New_York,8.55,78.5,14.7,10.6,0.0,1017.9,1,Low,0
Airplane,"(-1, 0]",1,1,2010-09-20,2.0,New York,Landing Roll,Small,No Cloud,Mourning dove,False,0,False,2010,9,LONG ISLAND MAC ARTHUR,40.796324,-73.101703,99.0,292.8807816425768,NY,KJFK_New_York,8.55,78.5,14.7,10.6,0.0,1017.9,1,Medium,1
Airplane,"(600, 1000]",1,1,2010-09-21,2.0,New York,Approach,Small,No Cloud,Unknown bird - small,True,1000,False,2010,9,STEWART INTL AIRPORT,41.85419845581055,-89.08760070800781,770.0,772.6270946133457,NY,KJFK_New_York,18.9,79.0,8.866666666666665,12.833333333333334,0.0,1015.5666666666666,1,Low,0
Airplane,"(400, 600]",1,1,2010-09-21,2.0,Colorado,Approach,Small,No Cloud,Unknown bird - small,True,500,True,2010,9,DENVER INTL AIRPORT,39.52920150756836,-104.65799713134766,6295.0,27.573111187238812,CO,KDEN_Denver,9.3,67.0,13.166666666666666,11.966666666666669,0.0,1020.3333333333334,1,Medium,1
Airplane,"(1000, 2000]",1,1,2010-09-21,2.0,New York,Climb,Large,No Cloud,Unknown bird - large,False,1500,False,2010,9,LAGUARDIA NY,40.777199,-73.872597,21.0,268.82670826154464,NY,KJFK_New_York,18.9,79.0,8.866666666666665,12.833333333333334,0.0,1015.5666666666666,1,Low,0
Airplane,"(10, 30]",1,1,2010-09-23,2.0,Colorado,Climb,Small,No Cloud,Unknown bird - small,False,20,False,2010,9,COLORADO SPRINGS MUNICIPAL,38.805801,-104.700996,6187.0,38.3672452711314,CO,KDEN_Denver,10.6,48.5,7.6,16.05,1.9,1017.45,1,Low,0
Airplane,"(30, 50]",1,1,2010-09-23,2.0,New York,Approach,Small,Some Cloud,Unknown bird - small,True,50,False,2010,9,JOHN F KENNEDY INTL,40.639447,-73.779317,13.0,285.81600722845906,NY,KJFK_New_York,3.8,59.5,11.1,13.05,0.0,1009.65,1,Low,0
Airplane,"(600, 1000]",1,1,2010-09-23,2.0,New York,Approach,Small,Some Cloud,American kestrel,True,1000,True,2010,9,LAGUARDIA NY,40.777199,-73.872597,21.0,268.82670826154464,NY,KJFK_New_York,3.8,59.5,11.1,13.05,0.0,1009.65,1,Low,0
Airplane,"(30, 50]",1,1,2010-09-24,2.0,Colorado,Approach,Small,No Cloud,Unknown bird - small,False,50,False,2010,9,DENVER INTL AIRPORT,39.52920150756836,-104.65799713134766,6295.0,27.573111187238812,CO,KDEN_Denver,10.3,55.0,4.9,8.95,0.0,1017.3,1,Medium,1
Airplane,"(30, 50]",1,1,2010-09-24,2.0,Colorado,Climb,Medium,No Cloud,Unknown bird - medium,True,50,False,2010,9,DENVER INTL AIRPORT,39.52920150756836,-104.65799713134766,6295.0,27.573111187238812,CO,KDEN_Denver,10.3,55.0,4.9,8.95,0.0,1017.3,1,Medium,1
Airplane,"(2000, 3000]",1,1,2010-09-24,2.0,Illinois,Approach,Small,No Cloud,Unknown bird - small,True,2500,True,2010,9,CHICAGO MIDWAY INTL ARPT,41.785999,-87.752403,620.0,8.607490552607114,IL,KORD_Chicago,8.0,83.5,12.45,12.35,0.0,1015.25,1,Medium,1
Airplane,"(0, 10]",1,1,2010-09-25,2.0,Colorado,Approach,Small,No Cloud,Unknown bird - small,True,10,False,2010,9,DENVER INTL AIRPORT,39.52920150756836,-104.65799713134766,6295.0,27.573111187238812,CO,KDEN_Denver,16.150000000000002,75.5,5.5,10.55,0.0,1014.8,1,Medium,1
Airplane,"(3000, 5000]",1,1,2010-09-25,2.0,Illinois,Descent,Small,No Cloud,Unknown bird - small,False,3200,True,2010,9,CHICAGO MIDWAY INTL ARPT,41.785999,-87.752403,620.0,8.607490552607114,IL,KORD_Chicago,1.6999999999999993,51.0,5.25,14.8,0.0,1012.75,1,Low,0
Airplane,"(-1, 0]",1,1,2010-09-26,2.0,Illinois,Take-off run,Small,Some Cloud,Unknown bird - small,False,0,False,2010,9,UNIV OF ILLINOIS -WILLARD ARPT,40.039819,-88.276249,755.0,25.148499963897123,IL,KORD_Chicago,12.366666666666667,71.33333333333333,8.600000000000001,14.0,2.4,1020.1,1,Medium,1
Airplane,"(1000, 2000]",1,1,2010-09-26,2.0,Illinois,Climb,Small,No Cloud,Ovenbird,True,1400,True,2010,9,CHICAGO MIDWAY INTL ARPT,41.785999,-87.752403,620.0,8.607490552607114,IL,KORD_Chicago,12.366666666666667,71.33333333333333,8.600000000000001,14.0,2.4,1020.1,1,Low,0
Airplane,"(-1, 0]",1,1,2010-09-27,2.0,New York,Landing Roll,Medium,Overcast,Herring gull,True,0,False,2010,9,REPUBLIC AIRPORT,40.728576,-73.414267,82.0,287.70671637970247,NY,KJFK_New_York,17.35,75.0,9.45,16.1,0.0,1009.6,1,Medium,1
Airplane,"(30, 50]",1,1,2010-09-27,2.0,New York,Approach,Small,Overcast,European starling,False,50,False,2010,9,LAGUARDIA NY,40.777199,-73.872597,21.0,268.82670826154464,NY,KJFK_New_York,17.35,75.0,9.45,16.1,0.0,1009.6,1,Low,0
Airplane,"(1000, 2000]",1,1,2010-09-29,2.0,Colorado,Approach,Small,No Cloud,Unknown bird - small,False,1500,True,2010,9,DENVER INTL AIRPORT,39.52920150756836,-104.65799713134766,6295.0,27.573111187238812,CO,KDEN_Denver,13.4,41.5,6.4,12.3,0.2,1009.15,1,Low,0
Airplane,"(600, 1000]",1,1,2010-09-29,2.0,New York,Approach,Medium,No Cloud,Ring-billed gull,True,800,False,2010,9,LAGUARDIA NY,40.777199,-73.872597,21.0,268.82670826154464,NY,KJFK_New_York,17.7,71.0,6.199999999999999,13.35,3.4,1011.7,1,Low,0
Airplane,"(3000, 5000]",1,1,2010-09-30,2.0,Illinois,Approach,Small,No Cloud,Unknown bird - small,False,4000,True,2010,9,CHICAGO MIDWAY INTL ARPT,41.785999,-87.752403,620.0,8.607490552607114,IL,KORD_Chicago,-7.25,63.0,8.4,12.25,0.0,1006.1,1,Low,0
Airplane,"(2000, 3000]",1,1,2010-10-01,2.0,New York,Approach,Small,No Cloud,Unknown bird - small,False,3000,False,2010,10,JOHN F KENNEDY INTL,40.639447,-73.779317,13.0,285.81600722845906,NY,KJFK_New_York,20.8,89.0,3.1,11.15,0.0,1011.15,1,Low,0
Airplane,"(2000, 3000]",1,1,2010-10-01,2.0,New York,Approach,Small,Overcast,Blackpoll warbler,True,2500,True,2010,10,LAGUARDIA NY,40.777199,-73.872597,21.0,268.82670826154464,NY,KJFK_New_York,20.8,89.0,3.1,11.15,0.0,1011.15,1,Low,0
Airplane,"(2000, 3000]",1,1,2010-10-02,2.0,New York,Approach,Small,No Cloud,Indigo bunting,True,2500,True,2010,10,LAGUARDIA NY,40.777199,-73.872597,21.0,268.82670826154464,NY,KJFK_New_York,5.366666666666667,52.0,4.133333333333333,14.766666666666666,0.1,1009.3666666666668,1,Low,0
Airplane,"(-1, 0]",1,1,2010-10-03,2.0,Colorado,Landing Roll,Small,No Cloud,Unknown bird - small,True,0,True,2010,10,DENVER INTL AIRPORT,39.52920150756836,-104.65799713134766,6295.0,27.573111187238812,CO,KDEN_Denver,8.2,88.0,0.4,7.75,1.4,1014.9,1,High,2
Airplane,"(5000, 18000]",1,1,2010-10-03,2.0,Colorado,Climb,Small,Some Cloud,Unknown bird - small,False,6100,True,2010,10,DENVER INTL AIRPORT,39.52920150756836,-104.65799713134766,6295.0,27.573111187238812,CO,KDEN_Denver,8.2,88.0,0.4,7.75,1.4,1014.9,1,Low,0
Airplane,"(-1, 0]",1,1,2010-10-03,2.0,Colorado,Take-off run,Small,No Cloud,Horned lark,False,0,False,2010,10,COLORADO SPRINGS MUNICIPAL,38.805801,-104.700996,6187.0,38.3672452711314,CO,KDEN_Denver,8.2,88.0,0.4,7.75,1.4,1014.9,1,Medium,1
Airplane,"(100, 200]",1,1,2010-10-05,2.0,Illinois,Climb,Small,No Cloud,White-throated sparrow,False,200,True,2010,10,CHICAGO MIDWAY INTL ARPT,41.785999,-87.752403,620.0,8.607490552607114,IL,KORD_Chicago,12.1,59.5,6.95,15.95,4.9,1014.55,1,Low,0
Airplane,"(100, 200]",1,1,2010-10-05,2.0,New York,Approach,Small,Overcast,Rock pigeon,True,200,True,2010,10,LAGUARDIA NY,40.777199,-73.872597,21.0,268.82670826154464,NY,KJFK_New_York,14.15,57.0,9.05,15.6,0.0,1013.9,1,Low,0
Airplane,"(0, 10]",1,1,2010-10-05,2.0,New York,Approach,Medium,Overcast,Ring-billed gull,True,10,False,2010,10,FLOYD BENNETT MEMORIAL,43.3412017822,-73.6102981567,328.0,104.30487108890428,NY,KJFK_New_York,14.15,57.0,9.05,15.6,0.0,1013.9,1,Medium,1
Airplane,"(100, 200]",1,1,2010-10-06,2.0,Illinois,Approach,Small,No Cloud,Unknown bird - small,False,200,True,2010,10,CHICAGO MIDWAY INTL ARPT,41.785999,-87.752403,620.0,8.607490552607114,IL,KORD_Chicago,19.35,38.0,10.8,12.25,0.5,1017.7,1,High,2
Airplane,"(400, 600]",1,1,2010-10-07,2.0,New York,Approach,Small,No Cloud,Unknown bird - small,False,500,True,2010,10,JOHN F KENNEDY INTL,40.639447,-73.779317,13.0,285.81600722845906,NY,KJFK_New_York,11.933333333333332,77.33333333333333,8.033333333333333,11.866666666666667,11.6,1020.6333333333332,1,Low,0
Airplane,"(-1, 0]",1,1,2010-10-07,2.0,New York,Take-off run,Small,Some Cloud,American kestrel,True,0,False,2010,10,LAGUARDIA NY,40.777199,-73.872597,21.0,268.82670826154464,NY,KJFK_New_York,11.933333333333332,77.33333333333333,8.033333333333333,11.866666666666667,11.6,1020.6333333333332,1,Medium,1
Airplane,"(50, 100]",1,1,2010-10-09,2.0,New York,Climb,Medium,No Cloud,American kestrel,True,100,False,2010,10,WESTCHESTER COUNTY ARPT,41.06700134277344,-73.70760345458984,439.0,243.3503200617849,NY,KJFK_New_York,13.45,53.5,13.85,12.25,0.0,1009.3,1,High,2
Airplane,"(200, 400]",1,1,2010-10-10,2.0,New York,Approach,Small,No Cloud,Purple finch,True,300,False,2010,10,LAGUARDIA NY,40.777199,-73.872597,21.0,268.82670826154464,NY,KJFK_New_York,10.6,78.0,2.3,16.1,0.0,1011.95,1,Low,0
Airplane,"(2000, 3000]",1,1,2010-10-11,2.0,Illinois,Approach,Medium,No Cloud,Unknown bird - medium,False,3000,True,2010,10,CHICAGO MIDWAY INTL ARPT,41.785999,-87.752403,620.0,8.607490552607114,IL,KORD_Chicago,15.95,60.5,5.0,15.8,0.0,1006.8,1,Low,0
Airplane,"(-1, 0]",1,1,2010-10-11,2.0,New York,Take-off run,Small,Some Cloud,American kestrel,True,0,False,2010,10,WESTCHESTER COUNTY ARPT,41.06700134277344,-73.70760345458984,439.0,243.3503200617849,NY,KJFK_New_York,7.45,52.0,11.8,14.25,0.0,1007.3,1,Medium,1
Airplane,"(200, 400]",1,1,2010-10-12,2.0,Illinois,Approach,Small,Some Cloud,Unknown bird - small,True,300,False,2010,10,CHICAGO O'HARE INTL ARPT,41.9786,-87.9048,680.0,4.16460023622371,IL,KORD_Chicago,4.85,84.5,10.8,14.75,0.0,1013.05,1,Medium,1
Airplane,"(3000, 5000]",1,1,2010-10-12,2.0,New York,Approach,Small,Some Cloud,Unknown bird - small,True,4600,True,2010,10,BUFFALO-NIAGARA INTL,42.940498,-78.732201,728.0,16.688896633415297,NY,KJFK_New_York,11.05,65.5,17.15,14.8,0.0,1008.85,1,Low,0
Airplane,"(1000, 2000]",1,1,2010-10-12,2.0,New York,Approach,Small,Some Cloud,Unknown bird - small,True,2000,True,2010,10,JOHN F KENNEDY INTL,40.639447,-73.779317,13.0,285.81600722845906,NY,KJFK_New_York,11.05,65.5,17.15,14.8,0.0,1008.85,1,Low,0
Airplane,"(400, 600]",1,1,2010-10-13,2.0,New York,Approach,Small,No Cloud,Unknown bird - small,True,600,False,2010,10,WESTCHESTER COUNTY ARPT,41.06700134277344,-73.70760345458984,439.0,243.3503200617849,NY,KJFK_New_York,18.6,68.66666666666667,4.166666666666667,9.8,0.0,1014.2333333333332,1,Low,0
Airplane,"(1000, 2000]",1,1,2010-10-13,2.0,New York,Approach,Small,No Cloud,Unknown bird - small,True,1200,False,2010,10,JOHN F KENNEDY INTL,40.639447,-73.779317,13.0,285.81600722845906,NY,KJFK_New_York,18.6,68.66666666666667,4.166666666666667,9.8,0.0,1014.2333333333332,1,Low,0
Airplane,"(0, 10]",1,1,2010-10-13,2.0,Colorado,Climb,Small,No Cloud,Horned lark,False,10,False,2010,10,FOWLER ARPT,38.0724983215332,-104.0459976196289,4428.0,43.49352315786575,CO,KDEN_Denver,6.0,73.0,8.766666666666666,13.566666666666668,0.9,1014.6333333333332,1,Medium,1
Airplane,"(2000, 3000]",1,1,2010-10-13,2.0,New York,Approach,Small,No Cloud,Unknown bird - small,False,3000,False,2010,10,JOHN F KENNEDY INTL,40.639447,-73.779317,13.0,285.81600722845906,NY,KJFK_New_York,18.6,68.66666666666667,4.166666666666667,9.8,0.0,1014.2333333333332,1,Low,0
Airplane,"(400, 600]",1,1,2010-10-14,2.0,New York,Approach,Small,No Cloud,Unknown bird - small,False,600,False,2010,10,WESTCHESTER COUNTY ARPT,41.06700134277344,-73.70760345458984,439.0,243.3503200617849,NY,KJFK_New_York,8.8,60.0,4.65,14.25,0.0,1011.3,1,Low,0
Airplane,"(0, 10]",1,1,2010-10-15,2.0,Colorado,Approach,Small,No Cloud,Killdeer,True,10,False,2010,10,DENVER INTL AIRPORT,39.52920150756836,-104.65799713134766,6295.0,27.573111187238812,CO,KDEN_Denver,22.15,73.5,16.5,15.0,0.6,1006.65,1,Medium,1
Airplane,"(200, 400]",1,1,2010-10-16,2.0,New York,Approach,Small,No Cloud,Unknown bird - small,False,300,False,2010,10,JOHN F KENNEDY INTL,40.639447,-73.779317,13.0,285.81600722845906,NY,KJFK_New_York,11.85,64.0,5.5,12.0,0.0,1014.8,1,Low,0
Airplane,"(10, 30]",1,1,2010-10-16,2.0,Colorado,Approach,Small,No Cloud,Unknown bird - small,True,30,False,2010,10,DENVER INTL AIRPORT,39.52920150756836,-104.65799713134766,6295.0,27.573111187238812,CO,KDEN_Denver,14.7,48.0,8.55,13.75,7.2,1011.75,1,Medium,1
Airplane,"(-1, 0]",1,1,2010-10-17,1.0,New York,Take-off run,Medium,No Cloud,Unknown bird - medium,True,0,False,2010,10,LONG ISLAND MAC ARTHUR,40.796324,-73.101703,99.0,292.8807816425768,NY,KJFK_New_York,21.15,72.0,7.6,8.9,0.0,1004.35,1,Medium,1
Airplane,"(3000, 5000]",1,1,2010-10-17,2.0,New York,Approach,Small,Some Cloud,Black-throated blue warbler,False,3400,False,2010,10,LAGUARDIA NY,40.777199,-73.872597,21.0,268.82670826154464,NY,KJFK_New_York,21.15,72.0,7.6,8.9,0.0,1004.35,1,Low,0
Airplane,"(600, 1000]",1,1,2010-10-18,2.0,New York,Climb,Medium,No Cloud,Unknown bird - medium,False,800,False,2010,10,JOHN F KENNEDY INTL,40.639447,-73.779317,13.0,285.81600722845906,NY,KJFK_New_York,19.23333333333333,59.333333333333336,6.633333333333333,15.933333333333332,0.0,1018.1333333333332,1,Low,0
Airplane,"(600, 1000]",1,1,2010-10-19,2.0,New York,Climb,Small,No Cloud,Unknown bird - small,False,800,False,2010,10,JOHN F KENNEDY INTL,40.639447,-73.779317,13.0,285.81600722845906,NY,KJFK_New_York,13.65,61.0,7.1,16.1,0.0,1020.85,1,Low,0
Airplane,"(3000, 5000]",1,1,2010-10-21,2.0,Illinois,Approach,Medium,No Cloud,Unknown bird - medium,False,5000,True,2010,10,CHICAGO MIDWAY INTL ARPT,41.785999,-87.752403,620.0,8.607490552607114,IL,KORD_Chicago,7.899999999999999,52.0,10.9,11.35,0.0,1021.1,1,Medium,1
Airplane,"(3000, 5000]",1,1,2010-10-21,2.0,Illinois,Approach,Small,No Cloud,Unknown bird - small,False,4000,True,2010,10,CHICAGO MIDWAY INTL ARPT,41.785999,-87.752403,620.0,8.607490552607114,IL,KORD_Chicago,7.899999999999999,52.0,10.9,11.35,0.0,1021.1,1,Low,0
Airplane,"(100, 200]",1,1,2010-10-22,2.0,New York,Approach,Medium,Some Cloud,Ring-billed gull,False,175,False,2010,10,BUFFALO-NIAGARA INTL,42.940498,-78.732201,728.0,16.688896633415297,NY,KJFK_New_York,12.25,56.5,15.75,12.15,0.0,1022.65,1,High,2
Airplane,"(2000, 3000]",1,1,2010-10-22,2.0,New York,Approach,Small,No Cloud,Hermit thrush,False,3000,False,2010,10,DUTCHESS COUNTY ARPT,41.6265983581543,-73.88420104980469,165.0,180.6127204688489,NY,KJFK_New_York,12.25,56.5,15.75,12.15,0.0,1022.65,1,Low,0
Airplane,"(600, 1000]",1,1,2010-10-24,2.0,New York,Approach,Small,No Cloud,Unknown bird - small,False,1000,False,2010,10,JOHN F KENNEDY INTL,40.639447,-73.779317,13.0,285.81600722845906,NY,KJFK_New_York,11.733333333333334,48.0,12.7,14.533333333333331,0.6,1016.3,1,Low,0
Airplane,"(-1, 0]",1,1,2010-10-26,2.0,New York,Take-off run,Small,No Cloud,Unknown bird - small,True,0,True,2010,10,ALBANY INTL,42.748299,-73.801697,285.0,94.50065050780267,NY,KJFK_New_York,14.05,63.5,4.25,15.25,0.8,1012.35,1,Low,0
Airplane,"(1000, 2000]",1,1,2010-10-27,2.0,Colorado,Approach,Medium,No Cloud,Unknown bird - medium,False,1200,True,2010,10,DENVER INTL AIRPORT,39.52920150756836,-104.65799713134766,6295.0,27.573111187238812,CO,KDEN_Denver,7.05,71.0,5.75,10.75,2.5,1004.6,1,Medium,1
Airplane,"(3000, 5000]",1,1,2010-10-28,2.0,New York,Approach,Medium,No Cloud,Unknown bird - medium,False,4000,False,2010,10,JOHN F KENNEDY INTL,40.639447,-73.779317,13.0,285.81600722845906,NY,KJFK_New_York,11.35,40.5,8.25,14.95,0.0,1015.4,1,Low,0
Airplane,"(3000, 5000]",1,1,2010-10-28,2.0,New York,Climb,Small,Some Cloud,Unknown bird - small,False,4000,False,2010,10,JOHN F KENNEDY INTL,40.639447,-73.779317,13.0,285.81600722845906,NY,KJFK_New_York,11.35,40.5,8.25,14.95,0.0,1015.4,1,Low,0
Airplane,"(600, 1000]",1,1,2010-10-28,2.0,New York,Approach,Small,Some Cloud,American robin,True,900,False,2010,10,LAGUARDIA NY,40.777199,-73.872597,21.0,268.82670826154464,NY,KJFK_New_York,11.35,40.5,8.25,14.95,0.0,1015.4,1,Low,0
Airplane,"(1000, 2000]",1,1,2010-10-28,2.0,Colorado,Approach,Large,No Cloud,Snow goose,False,2000,True,2010,10,DENVER INTL AIRPORT,39.52920150756836,-104.65799713134766,6295.0,27.573111187238812,CO,KDEN_Denver,3.55,71.5,5.8,10.45,0.0,1010.9,1,Medium,1
Airplane,"(2000, 3000]",1,1,2010-10-28,2.0,Illinois,Climb,Large,No Cloud,Unknown bird - large,True,3000,True,2010,10,CHICAGO MIDWAY INTL ARPT,41.785999,-87.752403,620.0,8.607490552607114,IL,KORD_Chicago,1.6999999999999995,48.0,1.85,16.1,0.0,1003.65,1,Low,0
Airplane,"(3000, 5000]",1,1,2010-10-29,2.0,New York,Approach,Medium,No Cloud,Unknown bird - medium,False,4000,False,2010,10,LAGUARDIA NY,40.777199,-73.872597,21.0,268.82670826154464,NY,KJFK_New_York,15.1,42.0,3.9,12.866666666666667,0.5,1018.3333333333334,1,Low,0
Airplane,"(3000, 5000]",1,1,2010-10-29,2.0,New York,Approach,Small,Some Cloud,Unknown bird - small,False,4000,False,2010,10,JOHN F KENNEDY INTL,40.639447,-73.779317,13.0,285.81600722845906,NY,KJFK_New_York,15.1,42.0,3.9,12.866666666666667,0.5,1018.3333333333334,1,Low,0
Airplane,"(200, 400]",1,1,2010-10-29,2.0,New York,Approach,Small,Some Cloud,Yellow-rumped warbler,True,400,True,2010,10,JOHN F KENNEDY INTL,40.639447,-73.779317,13.0,285.81600722845906,NY,KJFK_New_York,15.1,42.0,3.9,12.866666666666667,0.5,1018.3333333333334,1,Low,0
Airplane,"(2000, 3000]",1,1,2010-10-31,2.0,Colorado,Descent,Small,No Cloud,Unknown bird - small,True,3000,False,2010,10,DENVER INTL AIRPORT,39.52920150756836,-104.65799713134766,6295.0,27.573111187238812,CO,KDEN_Denver,16.95,46.0,18.65,15.0,0.1,1024.9,1,Low,0
Airplane,"(1000, 2000]",1,1,2010-10-31,2.0,New York,Approach,Small,No Cloud,Unknown bird - small,True,2000,False,2010,10,JOHN F KENNEDY INTL,40.639447,-73.779317,13.0,285.81600722845906,NY,KJFK_New_York,25.35,64.5,9.85,9.6,0.0,1010.75,1,Low,0
Airplane,"(1000, 2000]",1,1,2010-11-01,2.0,Illinois,Approach,Small,No Cloud,Unknown bird - small,False,1500,True,2010,11,CHICAGO MIDWAY INTL ARPT,41.785999,-87.752403,620.0,8.607490552607114,IL,KORD_Chicago,10.65,73.5,7.0,11.65,0.0,1013.85,1,Low,0
Airplane,"(30, 50]",1,1,2010-11-01,2.0,New York,Approach,Medium,Some Cloud,Herring gull,True,50,True,2010,11,LAGUARDIA NY,40.777199,-73.872597,21.0,268.82670826154464,NY,KJFK_New_York,0.6,38.5,7.8,12.0,0.0,1006.15,1,Medium,1
Airplane,"(600, 1000]",1,1,2010-11-01,2.0,New York,Approach,Small,No Cloud,White-throated sparrow,True,1000,True,2010,11,JOHN F KENNEDY INTL,40.639447,-73.779317,13.0,285.81600722845906,NY,KJFK_New_York,0.6,38.5,7.8,12.0,0.0,1006.15,1,Low,0
Airplane,"(5000, 18000]",1,1,2010-11-01,2.0,New York,Approach,Small,Some Cloud,American robin,False,7000,True,2010,11,LAGUARDIA NY,40.777199,-73.872597,21.0,268.82670826154464,NY,KJFK_New_York,0.6,38.5,7.8,12.0,0.0,1006.15,1,Low,0
Airplane,"(1000, 2000]",1,1,2010-11-01,2.0,New York,Approach,Small,No Cloud,Dark-eyed junco,True,1400,False,2010,11,JOHN F KENNEDY INTL,40.639447,-73.779317,13.0,285.81600722845906,NY,KJFK_New_York,0.6,38.5,7.8,12.0,0.0,1006.15,1,Low,0
Airplane,"(3000, 5000]",1,1,2010-11-01,2.0,New York,Approach,Small,Some Cloud,American robin,True,4000,False,2010,11,LAGUARDIA NY,40.777199,-73.872597,21.0,268.82670826154464,NY,KJFK_New_York,0.6,38.5,7.8,12.0,0.0,1006.15,1,Low,0
Airplane,"(3000, 5000]",1,1,2010-11-01,2.0,New York,Descent,Small,Some Cloud,American robin,True,5000,False,2010,11,LAGUARDIA NY,40.777199,-73.872597,21.0,268.82670826154464,NY,KJFK_New_York,0.6,38.5,7.8,12.0,0.0,1006.15,1,Low,0
Airplane,"(1000, 2000]",1,1,2010-11-01,4.0,New York,Approach,Small,No Cloud,Dark-eyed junco,True,1100,False,2010,11,JOHN F KENNEDY INTL,40.639447,-73.779317,13.0,285.81600722845906,NY,KJFK_New_York,0.6,38.5,7.8,12.0,0.0,1006.15,1,Low,0
Airplane,"(2000, 3000]",1,1,2010-11-01,4.0,New York,Approach,Medium,No Cloud,Unknown bird - medium,True,2500,False,2010,11,JOHN F KENNEDY INTL,40.639447,-73.779317,13.0,285.81600722845906,NY,KJFK_New_York,0.6,38.5,7.8,12.0,0.0,1006.15,1,Low,0
Airplane,"(1000, 2000]",1,1,2010-11-02,2.0,New York,Approach,Small,No Cloud,Unknown bird - small,True,2000,True,2010,11,JOHN F KENNEDY INTL,40.639447,-73.779317,13.0,285.81600722845906,NY,KJFK_New_York,12.65,69.0,12.95,16.1,1.5,1016.45,1,Low,0
Airplane,"(10, 30]",1,1,2010-11-02,2.0,Colorado,Approach,Small,No Cloud,Unknown bird - small,False,20,False,2010,11,DENVER INTL AIRPORT,39.52920150756836,-104.65799713134766,6295.0,27.573111187238812,CO,KDEN_Denver,11.65,69.5,8.049999999999999,11.1,5.7,1012.1,1,High,2
Airplane,"(200, 400]",1,1,2010-11-02,2.0,New York,Approach,Large,No Cloud,Unknown bird - large,False,300,False,2010,11,JOHN F KENNEDY INTL,40.639447,-73.779317,13.0,285.81600722845906,NY,KJFK_New_York,12.65,69.0,12.95,16.1,1.5,1016.45,1,Medium,1
Airplane,"(3000, 5000]",1,1,2010-11-02,2.0,New York,Approach,Large,No Cloud,Unknown bird - large,False,4000,False,2010,11,JOHN F KENNEDY INTL,40.639447,-73.779317,13.0,285.81600722845906,NY,KJFK_New_York,12.65,69.0,12.95,16.1,1.5,1016.45,1,Low,0
Airplane,"(200, 400]",1,1,2010-11-03,2.0,New York,Approach,Small,Some Cloud,American robin,True,400,True,2010,11,JOHN F KENNEDY INTL,40.639447,-73.779317,13.0,285.81600722845906,NY,KJFK_New_York,11.45,73.0,3.1,14.75,0.1,1013.75,1,Low,0
Airplane,"(3000, 5000]",1,1,2010-11-05,2.0,Illinois,Approach,Medium,No Cloud,Unknown bird - medium,False,5000,True,2010,11,CHICAGO MIDWAY INTL ARPT,41.785999,-87.752403,620.0,8.607490552607114,IL,KORD_Chicago,7.55,72.0,9.8,14.1,0.4,1025.75,1,Medium,1
Airplane,"(-1, 0]",1,1,2010-11-07,2.0,New York,Landing Roll,Small,Some Cloud,American robin,True,0,False,2010,11,LAGUARDIA NY,40.777199,-73.872597,21.0,268.82670826154464,NY,KJFK_New_York,12.15,60.5,9.7,11.1,2.4,1006.05,1,Medium,1
Airplane,"(-1, 0]",1,1,2010-11-09,2.0,New York,Take-off run,Small,Some Cloud,Horned lark,True,0,False,2010,11,JOHN F KENNEDY INTL,40.639447,-73.779317,13.0,285.81600722845906,NY,KJFK_New_York,15.266666666666667,73.66666666666667,10.366666666666667,11.833333333333334,0.0,1010.3333333333334,1,Low,0
Airplane,"(100, 200]",1,1,2010-11-09,2.0,Illinois,Approach,Medium,No Cloud,Hawks,True,150,True,2010,11,CHICAGO O'HARE INTL ARPT,41.9786,-87.9048,680.0,4.16460023622371,IL,KORD_Chicago,15.2,79.66666666666667,13.0,12.833333333333334,0.0,1012.3666666666668,1,High,2
Airplane,"(200, 400]",1,1,2010-11-15,2.0,New York,Approach,Small,Some Cloud,Savannah sparrow,False,300,False,2010,11,JOHN F KENNEDY INTL,40.639447,-73.779317,13.0,285.81600722845906,NY,KJFK_New_York,10.533333333333331,70.33333333333333,9.1,11.433333333333332,0.0,1010.4,1,Low,0
Airplane,"(100, 200]",1,1,2010-11-16,2.0,Colorado,Approach,Small,No Cloud,Unknown bird - small,True,200,True,2010,11,DENVER INTL AIRPORT,39.52920150756836,-104.65799713134766,6295.0,27.573111187238812,CO,KDEN_Denver,5.95,46.5,9.8,10.8,2.3,1015.2,1,High,2
Airplane,"(5000, 18000]",1,1,2010-11-18,2.0,Illinois,Approach,Large,Some Cloud,Unknown bird - large,False,7000,False,2010,11,CHICAGO O'HARE INTL ARPT,41.9786,-87.9048,680.0,4.16460023622371,IL,KORD_Chicago,4.95,57.0,11.35,14.25,1.6,1018.4,1,Medium,1
Airplane,"(100, 200]",1,1,2010-11-21,2.0,Colorado,Approach,Small,No Cloud,Unknown bird - small,True,150,False,2010,11,DENVER INTL AIRPORT,39.52920150756836,-104.65799713134766,6295.0,27.573111187238812,CO,KDEN_Denver,20.75,80.0,8.25,16.1,0.0,1012.7,1,Medium,1
Airplane,"(200, 400]",1,1,2010-11-22,2.0,Colorado,Approach,Small,No Cloud,Unknown bird - small,True,400,False,2010,11,DENVER INTL AIRPORT,39.52920150756836,-104.65799713134766,6295.0,27.573111187238812,CO,KDEN_Denver,4.65,59.0,17.55,9.2,0.0,1013.5,1,Medium,1
Airplane,"(-1, 0]",1,1,2010-11-22,2.0,Illinois,Take-off run,Medium,Some Cloud,Red-tailed hawk,True,0,True,2010,11,CHICAGO O'HARE INTL ARPT,41.9786,-87.9048,680.0,4.16460023622371,IL,KORD_Chicago,6.65,77.0,7.7,11.75,1.6,1008.6,1,High,2
Airplane,"(600, 1000]",1,1,2010-11-29,2.0,New York,Climb,Small,No Cloud,Unknown bird - small,False,800,False,2010,11,REPUBLIC AIRPORT,40.728576,-73.414267,82.0,287.70671637970247,NY,KJFK_New_York,28.3,56.0,24.35,14.6,0.0,1013.35,1,Low,0
Airplane,"(0, 10]",1,1,2010-12-02,4.0,New York,Approach,Small,Some Cloud,Horned lark,True,10,False,2010,12,JOHN F KENNEDY INTL,40.639447,-73.779317,13.0,285.81600722845906,NY,KJFK_New_York,7.999999999999999,57.5,11.05,15.3,0.0,1012.45,1,Low,0
Airplane,"(400, 600]",1,1,2010-12-04,2.0,New York,Approach,Medium,Some Cloud,Herring gull,True,500,True,2010,12,LAGUARDIA NY,40.777199,-73.872597,21.0,268.82670826154464,NY,KJFK_New_York,15.05,51.0,10.55,10.3,0.0,1021.5,1,Low,0
Airplane,"(30, 50]",1,1,2010-12-11,2.0,Colorado,Approach,Small,No Cloud,Unknown bird - small,False,50,True,2010,12,DENVER INTL AIRPORT,39.52920150756836,-104.65799713134766,6295.0,27.573111187238812,CO,KDEN_Denver,16.35,55.5,8.5,8.25,0.0,1013.5,1,Medium,1
Airplane,"(-1, 0]",1,1,2010-12-13,2.0,New York,Landing Roll,Large,Overcast,Black-tailed jackrabbit,False,0,True,2010,12,JOHN F KENNEDY INTL,40.639447,-73.779317,13.0,285.81600722845906,NY,KJFK_New_York,32.35,72.0,7.4,3.05,0.0,1008.9,1,High,2
Airplane,"(-1, 0]",1,1,2010-12-15,2.0,New York,Take-off run,Small,Some Cloud,Unknown bird - small,False,0,False,2010,12,JOHN F KENNEDY INTL,40.639447,-73.779317,13.0,285.81600722845906,NY,KJFK_New_York,9.1,72.0,12.55,16.1,0.0,1026.5,1,Low,0
Airplane,"(-1, 0]",1,1,2010-12-16,2.0,New York,Take-off run,Small,Overcast,Unknown bird - small,True,0,True,2010,12,JOHN F KENNEDY INTL,40.639447,-73.779317,13.0,285.81600722845906,NY,KJFK_New_York,4.050000000000001,81.5,5.55,15.9,0.0,1015.05,1,Low,0
Airplane,"(100, 200]",1,1,2010-12-30,2.0,New York,Approach,Medium,No Cloud,Herring gull,True,200,True,2010,12,LAGUARDIA NY,40.777199,-73.872597,21.0,268.82670826154464,NY,KJFK_New_York,14.6,64.0,13.5,15.15,0.3,1002.6,1,Medium,1
Airplane,"(-1, 0]",1,1,2010-12-31,2.0,Colorado,Landing Roll,Small,Some Cloud,Unknown bird - small,False,0,True,2010,12,DENVER INTL AIRPORT,39.52920150756836,-104.65799713134766,6295.0,27.573111187238812,CO,KDEN_Denver,17.25,73.5,11.25,12.35,0.0,1011.15,1,High,2
Airplane,"(30, 50]",1,1,2011-01-01,2.0,Colorado,Climb,Small,Some Cloud,Unknown bird - small,False,50,True,2011,1,EAGLE COUNTY REGIONAL,39.64260101,-106.9179993,6548.0,147.4277066641531,CO,KDEN_Denver,16.75,63.5,13.15,11.8,1.0,1000.65,1,Medium,1
Airplane,"(0, 10]",1,1,2011-01-01,2.0,Colorado,Approach,Small,No Cloud,Unknown bird - small,False,5,False,2011,1,DENVER INTL AIRPORT,39.52920150756836,-104.65799713134766,6295.0,27.573111187238812,CO,KDEN_Denver,16.75,63.5,13.15,11.8,1.0,1000.65,1,High,2
Airplane,"(-1, 0]",1,1,2011-01-01,2.0,Illinois,Landing Roll,Medium,Overcast,Barred owl,True,0,True,2011,1,GREATER ROCKFORD,42.1954,-89.097198,742.0,37.23938268045538,IL,KORD_Chicago,7.55,41.5,6.7,16.1,0.0,1014.65,1,Medium,1
Airplane,"(-1, 0]",1,1,2011-01-10,2.0,Colorado,Landing Roll,Small,Some Cloud,Unknown bird - small,True,0,False,2011,1,DENVER INTL AIRPORT,39.52920150756836,-104.65799713134766,6295.0,27.573111187238812,CO,KDEN_Denver,14.8,66.0,18.25,14.25,0.0,1016.2,1,High,2
Airplane,"(400, 600]",1,1,2011-01-13,2.0,Colorado,Climb,Small,No Cloud,Unknown bird - small,False,500,True,2011,1,DENVER INTL AIRPORT,39.52920150756836,-104.65799713134766,6295.0,27.573111187238812,CO,KDEN_Denver,2.25,60.0,6.2,11.3,0.0,1029.65,1,Low,0
Airplane,"(50, 100]",1,1,2011-01-21,2.0,Colorado,Approach,Medium,No Cloud,Red-tailed hawk,False,75,False,2011,1,DENVER INTL AIRPORT,39.52920150756836,-104.65799713134766,6295.0,27.573111187238812,CO,KDEN_Denver,15.4,34.0,6.35,15.3,2.6,1008.15,1,Medium,1
Airplane,"(200, 400]",1,1,2011-01-22,2.0,Colorado,Approach,Medium,Overcast,Mallard,False,300,True,2011,1,GUNNISON COUNTY,38.534672,-106.934566,7680.0,202.30237680810586,CO,KDEN_Denver,9.85,67.5,4.15,15.2,0.0,1010.2,1,Low,0
Airplane,"(1000, 2000]",1,1,2011-01-27,2.0,Illinois,Approach,Medium,Overcast,Unknown bird - medium,False,1500,True,2011,1,CHICAGO MIDWAY INTL ARPT,41.785999,-87.752403,620.0,8.607490552607114,IL,KORD_Chicago,12.45,73.5,9.85,16.1,0.0,1018.5,1,Low,0
Airplane,"(30, 50]",1,1,2011-02-03,2.0,Colorado,Climb,Small,No Cloud,Horned lark,False,50,False,2011,2,FOWLER ARPT,38.0724983215332,-104.0459976196289,4428.0,43.49352315786575,CO,KDEN_Denver,12.2,91.5,9.65,8.95,0.0,1017.75,1,Medium,1
Airplane,"(600, 1000]",1,1,2011-02-10,2.0,Illinois,Climb,Large,No Cloud,Canada goose,True,900,False,2011,2,CHICAGO MIDWAY INTL ARPT,41.785999,-87.752403,620.0,8.607490552607114,IL,KORD_Chicago,8.6,60.5,7.449999999999999,15.25,0.0,1013.5,1,Low,0
Airplane,"(100, 200]",1,1,2011-02-14,2.0,Colorado,Climb,Small,Some Cloud,Unknown bird - small,False,200,True,2011,2,DENVER INTL AIRPORT,39.52920150756836,-104.65799713134766,6295.0,27.573111187238812,CO,KDEN_Denver,-3.9,47.5,8.95,13.45,0.0,1011.35,1,Medium,1
Airplane,"(600, 1000]",1,1,2011-02-14,2.0,Colorado,Climb,Medium,No Cloud,Mallard,True,800,False,2011,2,DENVER INTL AIRPORT,39.52920150756836,-104.65799713134766,6295.0,27.573111187238812,CO,KDEN_Denver,-3.9,47.5,8.95,13.45,0.0,1011.35,1,Medium,1
Airplane,"(-1, 0]",1,1,2011-02-15,2.0,Colorado,Take-off run,Small,No Cloud,Western meadowlark,False,0,True,2011,2,DENVER INTL AIRPORT,39.52920150756836,-104.65799713134766,6295.0,27.573111187238812,CO,KDEN_Denver,5.1,70.5,10.15,12.85,2.8,1021.05,1,Medium,1
Airplane,"(400, 600]",1,1,2011-02-16,2.0,New York,Climb,Medium,Overcast,Unknown bird - medium,True,500,False,2011,2,JOHN F KENNEDY INTL,40.639447,-73.779317,13.0,285.81600722845906,NY,KJFK_New_York,4.733333333333333,79.0,6.366666666666667,11.233333333333334,1.6,1012.9,1,Low,0
Airplane,"(-1, 0]",1,1,2011-02-20,2.0,Colorado,Taxi,Small,No Cloud,Unknown bird - small,True,0,False,2011,2,DENVER INTL AIRPORT,39.52920150756836,-104.65799713134766,6295.0,27.573111187238812,CO,KDEN_Denver,11.1,51.0,14.1,16.1,14.7,1005.1,1,Medium,1
Airplane,"(200, 400]",1,1,2011-03-01,2.0,Colorado,Climb,Small,No Cloud,Unknown bird - small,True,400,False,2011,3,DENVER INTL AIRPORT,39.52920150756836,-104.65799713134766,6295.0,27.573111187238812,CO,KDEN_Denver,4.9,71.0,13.8,12.35,0.0,1018.1,1,Medium,1
Airplane,"(-1, 0]",1,1,2011-03-06,2.0,Illinois,Landing Roll,Small,Some Cloud,American robin,False,0,False,2011,3,GREATER PEORIA REGIONAL ARPT,38.812906,-106.120062,7946.0,1287.5633843304047,IL,KORD_Chicago,2.45,84.5,12.2,12.6,0.0,1013.35,1,Medium,1
Airplane,"(0, 10]",1,1,2011-03-07,2.0,Illinois,Climb,Medium,Overcast,Red-tailed hawk,True,10,True,2011,3,CHICAGO MIDWAY INTL ARPT,41.785999,-87.752403,620.0,8.607490552607114,IL,KORD_Chicago,0.6499999999999999,48.5,3.75,12.2,0.0,1016.85,1,Medium,1
Airplane,"(600, 1000]",1,1,2011-03-09,2.0,Colorado,Approach,Small,No Cloud,Unknown bird - small,True,1000,True,2011,3,DENVER INTL AIRPORT,39.52920150756836,-104.65799713134766,6295.0,27.573111187238812,CO,KDEN_Denver,-1.7999999999999998,41.0,8.55,14.4,0.0,1016.8,1,Low,0
Airplane,"(-1, 0]",1,1,2011-03-09,2.0,Colorado,Landing Roll,Large,No Cloud,White-tailed jackrabbit,False,0,False,2011,3,PUEBLO MEMORIAL ARPT,38.289101,-104.497002,4726.0,17.704292706523976,CO,KDEN_Denver,-1.7999999999999998,41.0,8.55,14.4,0.0,1016.8,1,High,2
Airplane,"(-1, 0]",1,1,2011-03-09,2.0,Colorado,Landing Roll,Small,No Cloud,Horned lark,True,0,True,2011,3,DENVER INTL AIRPORT,39.52920150756836,-104.65799713134766,6295.0,27.573111187238812,CO,KDEN_Denver,-1.7999999999999998,41.0,8.55,14.4,0.0,1016.8,1,Medium,1
Airplane,"(400, 600]",1,1,2011-03-18,2.0,New York,Climb,Small,Some Cloud,Unknown bird - small,True,500,False,2011,3,JOHN F KENNEDY INTL,40.639447,-73.779317,13.0,285.81600722845906,NY,KJFK_New_York,10.2,54.5,3.9,14.65,0.0,1012.05,1,Low,0
Airplane,"(-1, 0]",1,1,2011-03-20,2.0,Colorado,Take-off run,Small,No Cloud,Unknown bird - small,False,0,False,2011,3,COLORADO SPRINGS MUNICIPAL,38.805801,-104.700996,6187.0,38.3672452711314,CO,KDEN_Denver,10.3,78.5,8.95,14.1,0.0,1016.15,1,Medium,1
Airplane,"(-1, 0]",1,1,2011-03-20,2.0,New York,Landing Roll,Small,Some Cloud,Horned lark,True,0,False,2011,3,JOHN F KENNEDY INTL,40.639447,-73.779317,13.0,285.81600722845906,NY,KJFK_New_York,25.6,77.5,6.4,10.9,0.0,1018.5,1,Medium,1
Airplane,"(600, 1000]",1,1,2011-03-21,2.0,Illinois,Approach,Medium,Overcast,Unknown bird - medium,False,1000,True,2011,3,CHICAGO O'HARE INTL ARPT,41.9786,-87.9048,680.0,4.16460023622371,IL,KORD_Chicago,16.8,76.33333333333333,4.233333333333333,14.933333333333335,6.1,1022.9333333333334,1,Low,0
Airplane,"(50, 100]",1,1,2011-03-22,2.0,New York,Climb,Medium,Some Cloud,Herring gull,True,100,False,2011,3,LAGUARDIA NY,40.777199,-73.872597,21.0,268.82670826154464,NY,KJFK_New_York,13.0,74.0,9.95,13.2,0.0,1013.15,1,Low,0
Airplane,"(50, 100]",1,1,2011-03-22,2.0,New York,Approach,Medium,No Cloud,Lesser scaup,True,100,False,2011,3,JOHN F KENNEDY INTL,40.639447,-73.779317,13.0,285.81600722845906,NY,KJFK_New_York,13.0,74.0,9.95,13.2,0.0,1013.15,1,Low,0
Airplane,"(200, 400]",1,1,2011-03-23,2.0,Colorado,Approach,Small,No Cloud,Unknown bird - small,True,400,False,2011,3,DENVER INTL AIRPORT,39.52920150756836,-104.65799713134766,6295.0,27.573111187238812,CO,KDEN_Denver,0.5,70.0,13.6,13.8,0.0,1010.7,1,Medium,1
Airplane,"(-1, 0]",1,1,2011-03-23,2.0,New York,Take-off run,Small,Overcast,Horned lark,True,0,False,2011,3,JOHN F KENNEDY INTL,40.639447,-73.779317,13.0,285.81600722845906,NY,KJFK_New_York,6.3,65.0,3.7,12.05,0.0,1011.55,1,Low,0
Airplane,"(50, 100]",1,1,2011-03-24,4.0,New York,Approach,Large,Some Cloud,Mute swan,True,100,False,2011,3,JOHN F KENNEDY INTL,40.639447,-73.779317,13.0,285.81600722845906,NY,KJFK_New_York,11.9,79.0,7.35,13.55,0.0,1004.0,1,Medium,1
Airplane,"(-1, 0]",1,1,2011-03-27,2.0,New York,Take-off run,Medium,Some Cloud,Ring-billed gull,True,0,False,2011,3,LAGUARDIA NY,40.777199,-73.872597,21.0,268.82670826154464,NY,KJFK_New_York,6.099999999999999,46.66666666666666,11.266666666666666,15.866666666666667,0.0,1017.3333333333334,1,Low,0
Airplane,"(100, 200]",1,1,2011-03-28,2.0,Illinois,Approach,Medium,No Cloud,Unknown bird - medium,False,150,False,2011,3,GREATER ROCKFORD,42.1954,-89.097198,742.0,37.23938268045538,IL,KORD_Chicago,27.55,46.5,15.45,12.6,0.0,1010.6,1,Medium,1
Airplane,"(400, 600]",1,1,2011-04-03,2.0,Illinois,Approach,Medium,Overcast,Unknown bird - medium,True,500,False,2011,4,CHICAGO O'HARE INTL ARPT,41.9786,-87.9048,680.0,4.16460023622371,IL,KORD_Chicago,6.949999999999999,63.0,7.199999999999999,12.65,0.0,1007.45,1,Low,0
Airplane,"(2000, 3000]",1,1,2011-04-04,2.0,New York,Approach,Small,No Cloud,Unknown bird - small,False,3000,True,2011,4,JOHN F KENNEDY INTL,40.639447,-73.779317,13.0,285.81600722845906,NY,KJFK_New_York,17.45,64.0,12.65,9.5,0.0,1008.95,1,Low,0
Airplane,"(600, 1000]",1,1,2011-04-04,2.0,New York,Approach,Small,Overcast,Perching birds (y),True,1000,False,2011,4,LAGUARDIA NY,40.777199,-73.872597,21.0,268.82670826154464,NY,KJFK_New_York,17.45,64.0,12.65,9.5,0.0,1008.95,1,Low,0
Airplane,"(2000, 3000]",1,1,2011-04-05,2.0,New York,Approach,Small,Some Cloud,Yellow-bellied sapsucker,True,3000,True,2011,4,JOHN F KENNEDY INTL,40.639447,-73.779317,13.0,285.81600722845906,NY,KJFK_New_York,15.35,87.5,6.5,14.1,0.0,1011.1,1,Low,0
Airplane,"(0, 10]",1,1,2011-04-05,1.0,Illinois,Approach,Large,Some Cloud,Canada goose,False,6,False,2011,4,LAKE IN THE HILLS,42.206799,-88.322998,888.0,11.3397245202521,IL,KORD_Chicago,12.55,65.5,10.7,13.35,0.0,1010.95,1,High,2
Airplane,"(30, 50]",1,1,2011-04-06,2.0,New York,Approach,Small,No Cloud,Unknown bird - small,False,50,False,2011,4,BUFFALO-NIAGARA INTL,42.940498,-78.732201,728.0,16.688896633415297,NY,KJFK_New_York,11.55,90.5,10.3,14.45,0.0,1013.7,1,Medium,1
Airplane,"(-1, 0]",1,1,2011-04-07,2.0,New York,Take-off run,Medium,Some Cloud,Ring-billed gull,False,0,False,2011,4,CHAUTAUQUA COUNTY/JAMESTOWN ARPT,42.15425,-79.254008,1723.0,25.38013056554259,NY,KJFK_New_York,14.966666666666669,52.66666666666666,9.566666666666666,13.966666666666669,0.0,1010.7666666666668,1,High,2
Airplane,"(0, 10]",1,1,2011-04-08,2.0,Illinois,Climb,Large,Overcast,Unknown bird - large,False,10,True,2011,4,CHICAGO O'HARE INTL ARPT,41.9786,-87.9048,680.0,4.16460023622371,IL,KORD_Chicago,16.35,60.0,6.5,12.0,0.0,1011.9,1,High,2
Airplane,"(0, 10]",1,1,2011-04-09,2.0,New York,Approach,Medium,No Cloud,Brant,False,10,False,2011,4,JOHN F KENNEDY INTL,40.639447,-73.779317,13.0,285.81600722845906,NY,KJFK_New_York,18.35,91.5,10.4,15.55,0.0,1012.6,1,Low,0
Airplane,"(-1, 0]",1,1,2011-04-09,2.0,Illinois,Take-off run,Medium,Overcast,Ring-billed gull,True,0,False,2011,4,CHICAGO MIDWAY INTL ARPT,41.785999,-87.752403,620.0,8.607490552607114,IL,KORD_Chicago,25.3,68.5,9.8,12.3,0.1,1004.15,1,High,2
Airplane,"(-1, 0]",1,1,2011-04-11,2.0,Colorado,Take-off run,Small,No Cloud,Unknown bird - small,False,0,False,2011,4,DENVER INTL AIRPORT,39.52920150756836,-104.65799713134766,6295.0,27.573111187238812,CO,KDEN_Denver,12.65,83.0,19.6,9.35,0.0,1007.2,1,High,2
Airplane,"(2000, 3000]",1,1,2011-04-11,2.0,New York,Approach,Small,Overcast,Hermit thrush,True,2200,False,2011,4,LAGUARDIA NY,40.777199,-73.872597,21.0,268.82670826154464,NY,KJFK_New_York,16.95,50.0,9.25,14.85,0.1,1020.45,1,Low,0
Airplane,"(-1, 0]",1,1,2011-04-12,2.0,Illinois,Landing Roll,Medium,No Cloud,Unknown bird - medium,True,0,False,2011,4,CHICAGO O'HARE INTL ARPT,41.9786,-87.9048,680.0,4.16460023622371,IL,KORD_Chicago,11.333333333333334,67.33333333333333,4.2,14.866666666666667,0.2,1014.6333333333332,1,High,2
Airplane,"(1000, 2000]",1,1,2011-04-13,2.0,Colorado,Approach,Small,Some Cloud,Unknown bird - small,True,1900,False,2011,4,DENVER INTL AIRPORT,39.52920150756836,-104.65799713134766,6295.0,27.573111187238812,CO,KDEN_Denver,8.2,45.0,13.2,14.0,0.0,1020.95,1,Medium,1
Airplane,"(0, 10]",1,1,2011-04-18,2.0,Colorado,Approach,Small,Some Cloud,Western meadowlark,True,5,False,2011,4,DENVER INTL AIRPORT,39.52920150756836,-104.65799713134766,6295.0,27.573111187238812,CO,KDEN_Denver,12.366666666666667,39.0,6.533333333333334,14.766666666666667,0.0,1010.6333333333332,1,Low,0
Airplane,"(30, 50]",1,1,2011-04-20,2.0,New York,Approach,Medium,Overcast,Ring-billed gull,False,40,False,2011,4,WATERTOWN INTL ARPT,43.991901,-76.021698,325.0,27.397214953568803,NY,KJFK_New_York,5.2,45.5,14.15,8.05,5.2,1014.9,1,High,2
Airplane,"(-1, 0]",1,1,2011-04-22,2.0,Colorado,Landing Roll,Small,No Cloud,Unknown bird - small,False,0,False,2011,4,FORT COLLINS-LOVELAND,40.41207,-105.11256,5080.0,56.340696739404464,CO,KDEN_Denver,18.15,64.0,10.05,10.5,3.7,1008.55,1,High,2
Airplane,"(2000, 3000]",1,1,2011-04-22,2.0,Colorado,Approach,Small,No Cloud,Unknown bird - small,False,3000,False,2011,4,COLORADO SPRINGS MUNICIPAL,38.805801,-104.700996,6187.0,38.3672452711314,CO,KDEN_Denver,18.15,64.0,10.05,10.5,3.7,1008.55,1,Low,0
Airplane,"(50, 100]",1,1,2011-04-24,2.0,New York,Approach,Medium,Some Cloud,Ring-billed gull,False,75,False,2011,4,STEWART INTL AIRPORT,41.85419845581055,-89.08760070800781,770.0,772.6270946133457,NY,KJFK_New_York,6.050000000000001,89.0,4.6,11.8,1.2,1013.8,1,Medium,1
Airplane,"(1000, 2000]",1,1,2011-04-26,2.0,New York,Approach,Small,Overcast,Unknown bird - small,False,2000,False,2011,4,JOHN F KENNEDY INTL,40.639447,-73.779317,13.0,285.81600722845906,NY,KJFK_New_York,14.4,65.0,5.1,13.15,0.7,1021.5,1,Low,0
Airplane,"(-1, 0]",1,1,2011-04-26,2.0,New York,Take-off run,Large,No Cloud,Osprey,True,0,True,2011,4,JOHN F KENNEDY INTL,40.639447,-73.779317,13.0,285.81600722845906,NY,KJFK_New_York,14.4,65.0,5.1,13.15,0.7,1021.5,1,Medium,1
Airplane,"(100, 200]",1,1,2011-04-27,2.0,New York,Approach,Small,Overcast,Laughing gull,False,200,False,2011,4,JOHN F KENNEDY INTL,40.639447,-73.779317,13.0,285.81600722845906,NY,KJFK_New_York,21.0,59.0,21.45,13.3,0.0,1007.9,1,Low,0
Airplane,"(1000, 2000]",1,1,2011-04-28,2.0,Colorado,Approach,Small,No Cloud,Unknown bird - small,True,1500,False,2011,4,DENVER INTL AIRPORT,39.52920150756836,-104.65799713134766,6295.0,27.573111187238812,CO,KDEN_Denver,16.8,49.0,5.5,16.1,0.0,1018.25,1,Low,0
Airplane,"(0, 10]",1,1,2011-04-29,2.0,Colorado,Approach,Small,No Cloud,Unknown bird - small,True,10,False,2011,4,DENVER INTL AIRPORT,39.52920150756836,-104.65799713134766,6295.0,27.573111187238812,CO,KDEN_Denver,11.5,68.33333333333333,8.566666666666668,14.7,0.0,1011.7,1,Medium,1
Airplane,"(-1, 0]",1,1,2011-04-29,2.0,Illinois,Landing Roll,Medium,Some Cloud,Ring-billed gull,True,0,True,2011,4,CHICAGO MIDWAY INTL ARPT,41.785999,-87.752403,620.0,8.607490552607114,IL,KORD_Chicago,10.033333333333331,56.0,20.6,13.366666666666667,0.3,1013.9333333333334,1,High,2
Airplane,"(2000, 3000]",1,1,2011-04-30,2.0,Illinois,Approach,Large,No Cloud,Unknown bird - large,True,2300,True,2011,4,CHICAGO MIDWAY INTL ARPT,41.785999,-87.752403,620.0,8.607490552607114,IL,KORD_Chicago,20.35,80.5,4.4,13.15,0.4,1016.8,1,Medium,1
Airplane,"(200, 400]",1,1,2011-05-01,2.0,Illinois,Approach,Small,No Cloud,Unknown bird - small,True,300,True,2011,5,CHICAGO MIDWAY INTL ARPT,41.785999,-87.752403,620.0,8.607490552607114,IL,KORD_Chicago,12.15,71.0,12.15,12.2,0.0,1014.35,1,High,2
Airplane,"(3000, 5000]",1,1,2011-05-02,2.0,New York,Approach,Small,No Cloud,Unknown bird - small,False,4000,True,2011,5,LONG ISLAND MAC ARTHUR,40.796324,-73.101703,99.0,292.8807816425768,NY,KJFK_New_York,13.25,59.5,6.25,14.5,0.0,1028.35,1,Low,0
Airplane,"(0, 10]",1,1,2011-05-03,2.0,New York,Approach,Small,Overcast,House sparrow,True,10,False,2011,5,ALBANY INTL,42.748299,-73.801697,285.0,94.50065050780267,NY,KJFK_New_York,5.949999999999999,57.5,7.5,9.45,0.0,1015.1,1,Medium,1
Airplane,"(-1, 0]",1,1,2011-05-06,2.0,New York,Take-off run,Small,Some Cloud,Unknown bird - small,True,0,False,2011,5,WESTCHESTER COUNTY ARPT,41.06700134277344,-73.70760345458984,439.0,243.3503200617849,NY,KJFK_New_York,14.6,63.0,7.550000000000001,15.3,0.0,1012.8,1,Low,0
Airplane,"(3000, 5000]",1,1,2011-05-07,2.0,Illinois,Approach,Medium,No Cloud,Unknown bird - medium,False,4000,True,2011,5,CHICAGO MIDWAY INTL ARPT,41.785999,-87.752403,620.0,8.607490552607114,IL,KORD_Chicago,20.3,94.5,9.0,6.15,0.0,1004.1,1,Medium,1
Airplane,"(600, 1000]",1,1,2011-05-07,2.0,New York,Approach,Small,No Cloud,Unknown bird - small,False,800,False,2011,5,GREATER ROCHESTER INTL,43.1189,-77.672401,559.0,27.86996070509405,NY,KJFK_New_York,4.85,30.5,12.8,12.7,0.0,1009.45,1,Low,0
Airplane,"(3000, 5000]",1,1,2011-05-08,2.0,New York,Approach,Small,Some Cloud,Yellow-billed cuckoo,True,5000,False,2011,5,LAGUARDIA NY,40.777199,-73.872597,21.0,268.82670826154464,NY,KJFK_New_York,3.1,78.0,4.45,14.45,0.0,1011.7,1,Low,0
Airplane,"(-1, 0]",1,1,2011-05-10,2.0,New York,Landing Roll,Small,No Cloud,Barn swallow,True,0,False,2011,5,JOHN F KENNEDY INTL,40.639447,-73.779317,13.0,285.81600722845906,NY,KJFK_New_York,15.766666666666666,65.33333333333333,14.333333333333334,13.633333333333333,0.0,1013.3333333333334,1,Medium,1
Airplane,"(1000, 2000]",1,1,2011-05-12,2.0,New York,Approach,Small,Some Cloud,Unknown bird - small,False,2000,False,2011,5,WESTCHESTER COUNTY ARPT,41.06700134277344,-73.70760345458984,439.0,243.3503200617849,NY,KJFK_New_York,1.5999999999999996,59.0,11.45,12.55,0.0,1016.65,1,Low,0
Airplane,"(-1, 0]",1,1,2011-05-14,2.0,New York,Take-off run,Medium,Some Cloud,Herring gull,True,0,False,2011,5,JOHN F KENNEDY INTL,40.639447,-73.779317,13.0,285.81600722845906,NY,KJFK_New_York,4.050000000000001,84.5,6.25,13.55,0.0,1012.1,1,Low,0
Airplane,"(400, 600]",1,1,2011-05-15,2.0,Colorado,Approach,Small,Overcast,Unknown bird - small,False,500,False,2011,5,DENVER INTL AIRPORT,39.52920150756836,-104.65799713134766,6295.0,27.573111187238812,CO,KDEN_Denver,19.7,60.66666666666666,7.133333333333333,13.366666666666667,0.2,1017.4666666666668,1,Low,0
Airplane,"(10, 30]",1,1,2011-05-15,2.0,New York,Approach,Small,Overcast,Unknown bird - small,True,30,False,2011,5,LAGUARDIA NY,40.777199,-73.872597,21.0,268.82670826154464,NY,KJFK_New_York,15.633333333333333,59.333333333333336,14.933333333333332,12.133333333333336,3.0,1010.6,1,Medium,1
Airplane,"(1000, 2000]",1,1,2011-05-17,2.0,Colorado,Approach,Small,Some Cloud,Unknown bird - small,True,1200,False,2011,5,DENVER INTL AIRPORT,39.52920150756836,-104.65799713134766,6295.0,27.573111187238812,CO,KDEN_Denver,18.15,85.0,5.1,11.75,0.0,1007.15,1,Low,0
Airplane,"(-1, 0]",1,1,2011-05-18,2.0,Colorado,Take-off run,Small,Overcast,Horned lark,False,0,False,2011,5,COLORADO SPRINGS MUNICIPAL,38.805801,-104.700996,6187.0,38.3672452711314,CO,KDEN_Denver,6.6,73.5,19.4,13.85,0.0,1006.0,1,Medium,1
Airplane,"(600, 1000]",1,1,2011-05-19,2.0,New York,Climb,Small,Some Cloud,Unknown bird - small,True,1000,True,2011,5,JOHN F KENNEDY INTL,40.639447,-73.779317,13.0,285.81600722845906,NY,KJFK_New_York,23.05,84.5,2.0,15.85,0.0,1013.75,1,Low,0
Airplane,"(2000, 3000]",1,1,2011-05-22,2.0,New York,Approach,Medium,Overcast,Unknown bird - medium,False,2200,True,2011,5,ALBANY INTL,42.748299,-73.801697,285.0,94.50065050780267,NY,KJFK_New_York,18.0,54.0,10.5,15.35,0.0,1018.1,1,Low,0
Airplane,"(50, 100]",1,1,2011-05-22,2.0,New York,Approach,Large,Some Cloud,Gulls,True,100,False,2011,5,JOHN F KENNEDY INTL,40.639447,-73.779317,13.0,285.81600722845906,NY,KJFK_New_York,18.0,54.0,10.5,15.35,0.0,1018.1,1,Medium,1
Airplane,"(50, 100]",1,1,2011-05-22,2.0,New York,Approach,Small,Overcast,European starling,True,100,False,2011,5,JOHN F KENNEDY INTL,40.639447,-73.779317,13.0,285.81600722845906,NY,KJFK_New_York,18.0,54.0,10.5,15.35,0.0,1018.1,1,Low,0
Airplane,"(30, 50]",1,1,2011-05-23,2.0,Colorado,Climb,Small,No Cloud,Horned lark,False,50,False,2011,5,FOWLER ARPT,38.0724983215332,-104.0459976196289,4428.0,43.49352315786575,CO,KDEN_Denver,16.7,96.5,5.85,12.35,0.0,1018.75,1,Low,0
Airplane,"(10, 30]",1,1,2011-05-23,2.0,Illinois,Approach,Small,Some Cloud,Unknown bird - small,False,20,True,2011,5,CHICAGO MIDWAY INTL ARPT,41.785999,-87.752403,620.0,8.607490552607114,IL,KORD_Chicago,13.65,87.5,13.95,14.75,0.0,1007.65,1,Medium,1
Airplane,"(200, 400]",1,1,2011-05-23,2.0,Colorado,Climb,Small,No Cloud,Horned lark,False,300,False,2011,5,PUEBLO MEMORIAL ARPT,38.289101,-104.497002,4726.0,17.704292706523976,CO,KDEN_Denver,16.7,96.5,5.85,12.35,0.0,1018.75,1,Medium,1
Airplane,"(-1, 0]",1,1,2011-05-23,2.0,New York,Landing Roll,Large,Overcast,Osprey,True,0,False,2011,5,JOHN F KENNEDY INTL,40.639447,-73.779317,13.0,285.81600722845906,NY,KJFK_New_York,0.9,62.5,7.5,15.95,0.0,1009.3,1,Medium,1
Airplane,"(1000, 2000]",1,1,2011-05-24,2.0,Illinois,Approach,Small,No Cloud,Unknown bird - small,False,2000,False,2011,5,GREATER ROCKFORD,42.1954,-89.097198,742.0,37.23938268045538,IL,KORD_Chicago,13.25,75.5,13.95,12.7,0.0,1003.85,1,Low,0
Airplane,"(-1, 0]",1,1,2011-05-24,3.0,New York,Take-off run,Small,Overcast,Spotted sandpiper,False,0,False,2011,5,STEWART INTL AIRPORT,41.85419845581055,-89.08760070800781,770.0,772.6270946133457,NY,KJFK_New_York,3.0500000000000003,87.0,16.1,14.15,7.2,1012.9,1,Medium,1
Airplane,"(600, 1000]",1,1,2011-05-25,2.0,Colorado,Approach,Small,No Cloud,Unknown bird - small,False,1000,False,2011,5,COLORADO SPRINGS MUNICIPAL,38.805801,-104.700996,6187.0,38.3672452711314,CO,KDEN_Denver,7.800000000000001,66.5,8.799999999999999,13.9,0.0,1003.3,1,Low,0
Airplane,"(-1, 0]",1,1,2011-05-25,2.0,Colorado,Take-off run,Small,Some Cloud,Unknown bird - small,False,0,False,2011,5,DENVER INTL AIRPORT,39.52920150756836,-104.65799713134766,6295.0,27.573111187238812,CO,KDEN_Denver,7.800000000000001,66.5,8.799999999999999,13.9,0.0,1003.3,1,Medium,1
Airplane,"(100, 200]",1,1,2011-05-26,2.0,Colorado,Approach,Large,No Cloud,Unknown bird - large,False,200,True,2011,5,DENVER INTL AIRPORT,39.52920150756836,-104.65799713134766,6295.0,27.573111187238812,CO,KDEN_Denver,10.8,74.33333333333333,11.0,12.566666666666668,0.1,1014.5666666666666,1,High,2
Airplane,"(50, 100]",1,1,2011-05-26,2.0,New York,Approach,Medium,Overcast,Unknown bird - medium,False,100,False,2011,5,JOHN F KENNEDY INTL,40.639447,-73.779317,13.0,285.81600722845906,NY,KJFK_New_York,16.266666666666666,71.66666666666667,7.633333333333333,15.3,0.2,1012.4333333333334,1,Low,0
Airplane,"(0, 10]",1,1,2011-05-27,2.0,New York,Climb,Small,No Cloud,Unknown bird - small,True,10,True,2011,5,JOHN F KENNEDY INTL,40.639447,-73.779317,13.0,285.81600722845906,NY,KJFK_New_York,32.15,52.5,21.15,15.6,0.0,1011.05,1,Low,0
Airplane,"(-1, 0]",1,1,2011-05-29,2.0,Illinois,Landing Roll,Small,Overcast,Unknown bird - small,True,0,False,2011,5,CHICAGO MIDWAY INTL ARPT,41.785999,-87.752403,620.0,8.607490552607114,IL,KORD_Chicago,19.4,79.0,10.4,14.85,8.1,1014.7,1,High,2
Airplane,"(-1, 0]",1,1,2011-05-30,2.0,Illinois,Take-off run,Small,No Cloud,Unknown bird - small,False,0,False,2011,5,CHICAGO MIDWAY INTL ARPT,41.785999,-87.752403,620.0,8.607490552607114,IL,KORD_Chicago,30.35,65.5,3.85,12.55,0.0,1014.65,1,Medium,1
Airplane,"(600, 1000]",1,1,2011-05-30,2.0,Illinois,Climb,Small,No Cloud,Unknown bird - small,True,800,True,2011,5,CHICAGO MIDWAY INTL ARPT,41.785999,-87.752403,620.0,8.607490552607114,IL,KORD_Chicago,30.35,65.5,3.85,12.55,0.0,1014.65,1,Low,0
Airplane,"(-1, 0]",1,1,2011-05-31,2.0,New York,Take-off run,Medium,No Cloud,Gulls,True,0,False,2011,5,BUFFALO-NIAGARA INTL,42.940498,-78.732201,728.0,16.688896633415297,NY,KJFK_New_York,18.9,92.5,17.15,14.05,0.0,1003.4,1,High,2
Airplane,"(3000, 5000]",1,1,2011-06-01,2.0,New York,Approach,Small,Some Cloud,Cedar waxwing,False,4000,False,2011,6,LAGUARDIA NY,40.777199,-73.872597,21.0,268.82670826154464,NY,KJFK_New_York,4.066666666666666,59.333333333333336,12.2,15.533333333333331,0.3,1013.2,1,Low,0
Airplane,"(30, 50]",1,1,2011-06-02,2.0,Colorado,Approach,Small,Some Cloud,Unknown bird - small,False,50,False,2011,6,GRAND JUNCTION REGIONAL ARPT,39.126663,-108.529387,4858.0,296.1860966635,CO,KDEN_Denver,2.45,68.0,10.9,15.1,0.0,1019.65,1,Low,0
Airplane,"(-1, 0]",1,1,2011-06-02,2.0,Colorado,Take-off run,Small,No Cloud,European starling,False,0,True,2011,6,DENVER INTL AIRPORT,39.52920150756836,-104.65799713134766,6295.0,27.573111187238812,CO,KDEN_Denver,2.45,68.0,10.9,15.1,0.0,1019.65,1,Medium,1
Airplane,"(-1, 0]",1,1,2011-06-02,2.0,Colorado,Take-off run,Small,No Cloud,Common nighthawk,False,0,False,2011,6,FOWLER ARPT,38.0724983215332,-104.0459976196289,4428.0,43.49352315786575,CO,KDEN_Denver,2.45,68.0,10.9,15.1,0.0,1019.65,1,Low,0
Airplane,"(-1, 0]",1,1,2011-06-02,2.0,Illinois,Take-off run,Small,Some Cloud,Killdeer,True,0,False,2011,6,CHICAGO O'HARE INTL ARPT,41.9786,-87.9048,680.0,4.16460023622371,IL,KORD_Chicago,4.15,44.5,9.2,15.25,0.0,1021.55,1,Medium,1
Airplane,"(50, 100]",1,1,2011-06-03,2.0,Colorado,Approach,Small,No Cloud,Western kingbird,True,100,False,2011,6,DENVER INTL AIRPORT,39.52920150756836,-104.65799713134766,6295.0,27.573111187238812,CO,KDEN_Denver,0.35,41.5,20.3,16.1,0.0,1007.7,1,Medium,1
Airplane,"(3000, 5000]",1,1,2011-06-05,2.0,Illinois,Climb,Medium,No Cloud,Unknown bird - medium,False,3100,False,2011,6,CHICAGO O'HARE INTL ARPT,41.9786,-87.9048,680.0,4.16460023622371,IL,KORD_Chicago,14.1,94.0,7.0,10.1,0.0,1015.25,1,Medium,1
Airplane,"(-1, 0]",1,1,2011-06-06,2.0,New York,Landing Roll,Small,No Cloud,European starling,True,0,False,2011,6,JOHN F KENNEDY INTL,40.639447,-73.779317,13.0,285.81600722845906,NY,KJFK_New_York,20.0,73.0,8.0,15.366666666666667,0.0,1017.7333333333332,1,Low,0
Airplane,"(-1, 0]",1,1,2011-06-07,2.0,Colorado,Take-off run,Small,No Cloud,Unknown bird - small,True,0,False,2011,6,DENVER INTL AIRPORT,39.52920150756836,-104.65799713134766,6295.0,27.573111187238812,CO,KDEN_Denver,11.15,37.0,6.699999999999999,16.1,0.8,1023.05,1,Medium,1
Airplane,"(-1, 0]",1,1,2011-06-08,2.0,Illinois,Landing Roll,Small,No Cloud,Barn swallow,False,0,False,2011,6,GREATER PEORIA REGIONAL ARPT,38.812906,-106.120062,7946.0,1287.5633843304047,IL,KORD_Chicago,8.25,42.5,8.5,7.5,0.0,1011.75,1,Medium,1
Airplane,"(-1, 0]",1,1,2011-06-10,2.0,Illinois,Take-off run,Small,Overcast,American kestrel,True,0,False,2011,6,CHICAGO O'HARE INTL ARPT,41.9786,-87.9048,680.0,4.16460023622371,IL,KORD_Chicago,5.4,63.5,9.9,10.4,0.0,1012.9,1,High,2
Airplane,"(600, 1000]",1,1,2011-06-13,2.0,Colorado,Climb,Small,Some Cloud,Unknown bird - small,False,1000,True,2011,6,DENVER INTL AIRPORT,39.52920150756836,-104.65799713134766,6295.0,27.573111187238812,CO,KDEN_Denver,13.4,64.0,5.7,7.8,0.0,1012.35,1,Low,0
Airplane,"(100, 200]",1,1,2011-06-14,2.0,New York,Climb,Small,No Cloud,Unknown bird - small,False,200,False,2011,6,BUFFALO-NIAGARA INTL,42.940498,-78.732201,728.0,16.688896633415297,NY,KJFK_New_York,15.15,47.0,9.75,16.1,0.0,1013.95,1,Medium,1
Airplane,"(-1, 0]",1,1,2011-06-14,2.0,New York,Take-off run,Small,No Cloud,Unknown bird - small,True,0,False,2011,6,BUFFALO-NIAGARA INTL,42.940498,-78.732201,728.0,16.688896633415297,NY,KJFK_New_York,15.15,47.0,9.75,16.1,0.0,1013.95,1,Medium,1
Airplane,"(10, 30]",1,1,2011-06-16,2.0,New York,Climb,Small,No Cloud,Unknown bird - small,True,30,False,2011,6,BUFFALO-NIAGARA INTL,42.940498,-78.732201,728.0,16.688896633415297,NY,KJFK_New_York,23.05,67.0,6.05,10.8,0.0,1019.7,1,Medium,1
Airplane,"(-1, 0]",1,1,2011-06-16,3.0,New York,Take-off run,Small,Some Cloud,Killdeer,False,0,False,2011,6,STEWART INTL AIRPORT,41.85419845581055,-89.08760070800781,770.0,772.6270946133457,NY,KJFK_New_York,23.05,67.0,6.05,10.8,0.0,1019.7,1,Low,0
Airplane,"(10, 30]",1,1,2011-06-16,2.0,New York,Approach,Small,No Cloud,House sparrow,True,30,False,2011,6,JOHN F KENNEDY INTL,40.639447,-73.779317,13.0,285.81600722845906,NY,KJFK_New_York,23.05,67.0,6.05,10.8,0.0,1019.7,1,Low,0
Airplane,"(-1, 0]",1,1,2011-06-16,2.0,Colorado,Landing Roll,Small,Some Cloud,Unknown bird - small,True,0,False,2011,6,DENVER INTL AIRPORT,39.52920150756836,-104.65799713134766,6295.0,27.573111187238812,CO,KDEN_Denver,5.1,60.5,12.2,16.1,0.8,1012.7,1,High,2
Airplane,"(-1, 0]",1,1,2011-06-19,2.0,Colorado,Take-off run,Small,Overcast,Lark bunting,False,0,True,2011,6,DENVER INTL AIRPORT,39.52920150756836,-104.65799713134766,6295.0,27.573111187238812,CO,KDEN_Denver,8.8,49.5,11.2,14.1,0.0,1006.75,1,Medium,1
Airplane,"(-1, 0]",1,1,2011-06-19,2.0,Colorado,Landing Roll,Small,Some Cloud,Lark bunting,True,0,False,2011,6,DENVER INTL AIRPORT,39.52920150756836,-104.65799713134766,6295.0,27.573111187238812,CO,KDEN_Denver,8.8,49.5,11.2,14.1,0.0,1006.75,1,High,2
Airplane,"(-1, 0]",1,1,2011-06-19,2.0,New York,Landing Roll,Small,No Cloud,Eastern meadowlark,True,0,False,2011,6,ALBANY INTL,42.748299,-73.801697,285.0,94.50065050780267,NY,KJFK_New_York,16.3,47.5,12.7,10.95,0.0,1009.6,1,High,2
Airplane,"(2000, 3000]",1,1,2011-06-20,2.0,Illinois,Approach,Medium,Some Cloud,Unknown bird - medium,False,3000,True,2011,6,CHICAGO MIDWAY INTL ARPT,41.785999,-87.752403,620.0,8.607490552607114,IL,KORD_Chicago,12.4,68.0,5.95,12.05,0.0,1007.8,1,Medium,1
Airplane,"(-1, 0]",1,1,2011-06-21,2.0,New York,Landing Roll,Small,Some Cloud,Unknown bird - small,True,0,True,2011,6,JOHN F KENNEDY INTL,40.639447,-73.779317,13.0,285.81600722845906,NY,KJFK_New_York,11.1,81.5,7.4,13.3,0.0,1015.45,1,Low,0
Airplane,"(-1, 0]",1,1,2011-06-22,2.0,Illinois,Landing Roll,Small,Some Cloud,Northern rough-winged swallow,True,0,False,2011,6,CHICAGO O'HARE INTL ARPT,41.9786,-87.9048,680.0,4.16460023622371,IL,KORD_Chicago,7.649999999999999,62.5,9.05,16.1,0.0,1017.05,1,Medium,1
Airplane,"(-1, 0]",1,1,2011-06-23,2.0,Illinois,Take-off run,Small,Overcast,Unknown bird - small,True,0,False,2011,6,QUAD CITY ARPT,39.6431007385,-89.14450073239999,630.0,33.991848342153304,IL,KORD_Chicago,7.133333333333333,65.33333333333333,18.2,11.033333333333331,0.0,1010.5666666666666,1,Medium,1
Airplane,"(-1, 0]",1,1,2011-06-23,2.0,Colorado,Landing Roll,Small,No Cloud,Horned lark,False,0,False,2011,6,DENVER INTL AIRPORT,39.52920150756836,-104.65799713134766,6295.0,27.573111187238812,CO,KDEN_Denver,9.133333333333333,57.333333333333336,12.133333333333333,11.4,0.0,1014.1666666666666,1,High,2
Airplane,"(0, 10]",1,1,2011-06-24,2.0,New York,Climb,Small,Overcast,Unknown bird - small,True,10,True,2011,6,JOHN F KENNEDY INTL,40.639447,-73.779317,13.0,285.81600722845906,NY,KJFK_New_York,7.0,67.0,6.5,12.2,0.0,1013.05,1,Low,0
Airplane,"(-1, 0]",1,1,2011-06-26,2.0,Colorado,Take-off run,Small,No Cloud,Unknown bird - small,False,0,True,2011,6,DENVER INTL AIRPORT,39.52920150756836,-104.65799713134766,6295.0,27.573111187238812,CO,KDEN_Denver,12.9,83.5,15.55,14.95,0.0,1016.2,1,Medium,1
Airplane,"(10, 30]",1,1,2011-06-27,2.0,New York,Approach,Small,Some Cloud,Barn swallow,True,20,False,2011,6,BUFFALO-NIAGARA INTL,42.940498,-78.732201,728.0,16.688896633415297,NY,KJFK_New_York,13.4,69.5,5.35,10.2,0.0,1012.65,1,Medium,1
Airplane,"(30, 50]",1,1,2011-06-28,2.0,Illinois,Climb,Medium,No Cloud,Unknown bird - medium,True,50,False,2011,6,QUAD CITY ARPT,39.6431007385,-89.14450073239999,630.0,33.991848342153304,IL,KORD_Chicago,13.266666666666666,73.33333333333333,12.433333333333332,14.766666666666667,0.0,1019.6666666666666,1,Medium,1
Airplane,"(30, 50]",1,1,2011-06-28,2.0,Colorado,Approach,Small,No Cloud,Mourning dove,True,50,True,2011,6,DENVER INTL AIRPORT,39.52920150756836,-104.65799713134766,6295.0,27.573111187238812,CO,KDEN_Denver,16.03333333333333,55.0,3.3000000000000003,13.833333333333334,0.0,1008.9333333333334,1,Low,0
Airplane,"(-1, 0]",1,1,2011-06-29,2.0,Colorado,Landing Roll,Small,Overcast,Horned lark,False,0,False,2011,6,YAMPA VALLEY,40.481201,-107.218002,6606.0,180.83264488239317,CO,KDEN_Denver,13.75,41.5,9.3,8.1,0.0,1014.7,1,High,2
Airplane,"(-1, 0]",1,1,2011-07-01,2.0,Colorado,Landing Roll,Small,No Cloud,Lark bunting,True,0,False,2011,7,DENVER INTL AIRPORT,39.52920150756836,-104.65799713134766,6295.0,27.573111187238812,CO,KDEN_Denver,23.8,64.0,7.5,13.2,0.0,1020.3,1,High,2
Airplane,"(1000, 2000]",1,1,2011-07-01,2.0,New York,Approach,Small,Some Cloud,Chimney swift,True,1100,False,2011,7,LAGUARDIA NY,40.777199,-73.872597,21.0,268.82670826154464,NY,KJFK_New_York,20.7,63.0,6.699999999999999,12.6,0.0,1006.3,1,Low,0
Airplane,"(100, 200]",1,1,2011-07-02,2.0,Illinois,Approach,Small,Some Cloud,Rock pigeon,True,200,True,2011,7,CHICAGO MIDWAY INTL ARPT,41.785999,-87.752403,620.0,8.607490552607114,IL,KORD_Chicago,18.65,56.0,8.35,12.5,0.9,1023.85,1,Medium,1
Airplane,"(-1, 0]",1,1,2011-07-03,2.0,Colorado,Take-off run,Small,No Cloud,Unknown bird - small,True,0,True,2011,7,DENVER INTL AIRPORT,39.52920150756836,-104.65799713134766,6295.0,27.573111187238812,CO,KDEN_Denver,2.4000000000000004,66.5,5.55,12.75,0.0,1006.85,1,Medium,1
Airplane,"(1000, 2000]",1,1,2011-07-03,2.0,Illinois,Approach,Small,Some Cloud,Unknown bird - small,False,1500,True,2011,7,CHICAGO MIDWAY INTL ARPT,41.785999,-87.752403,620.0,8.607490552607114,IL,KORD_Chicago,11.0,68.0,6.5,11.35,1.3,1011.4,1,Low,0
Airplane,"(-1, 0]",1,1,2011-07-03,2.0,Colorado,Landing Roll,Small,No Cloud,Horned lark,False,0,False,2011,7,COLORADO SPRINGS MUNICIPAL,38.805801,-104.700996,6187.0,38.3672452711314,CO,KDEN_Denver,2.4000000000000004,66.5,5.55,12.75,0.0,1006.85,1,Medium,1
Airplane,"(-1, 0]",1,1,2011-07-04,2.0,Illinois,Take-off run,Small,No Cloud,Unknown bird - small,True,0,False,2011,7,QUAD CITY ARPT,39.6431007385,-89.14450073239999,630.0,33.991848342153304,IL,KORD_Chicago,12.800000000000002,76.33333333333333,16.066666666666666,12.433333333333332,3.4,1012.3333333333334,1,Medium,1
Airplane,"(400, 600]",1,1,2011-07-07,2.0,Illinois,Approach,Small,No Cloud,Unknown bird - small,False,500,False,2011,7,CHICAGO O'HARE INTL ARPT,41.9786,-87.9048,680.0,4.16460023622371,IL,KORD_Chicago,5.9,40.0,4.65,14.95,0.3,1000.6,1,Low,0
Airplane,"(-1, 0]",1,1,2011-07-09,2.0,Illinois,Landing Roll,Medium,No Cloud,Red-tailed hawk,True,0,False,2011,7,BLOOMINGTON/NORMAL,40.4771,-88.915901,871.0,9.96741417120628,IL,KORD_Chicago,14.0,74.0,8.566666666666666,11.9,6.9,1012.7333333333332,1,High,2
Airplane,"(100, 200]",1,1,2011-07-11,2.0,New York,Approach,Small,No Cloud,Unknown bird - small,False,200,True,2011,7,BUFFALO-NIAGARA INTL,42.940498,-78.732201,728.0,16.688896633415297,NY,KJFK_New_York,10.8,46.5,8.75,16.1,1.6,1008.7,1,Medium,1
Airplane,"(-1, 0]",1,1,2011-07-13,2.0,New York,Landing Roll,Medium,Some Cloud,Red-tailed hawk,False,0,False,2011,7,BUFFALO-NIAGARA INTL,42.940498,-78.732201,728.0,16.688896633415297,NY,KJFK_New_York,19.6,41.5,14.25,12.2,0.0,1018.0,1,High,2
Airplane,"(-1, 0]",1,1,2011-07-13,2.0,New York,Landing Roll,Small,Some Cloud,Killdeer,True,0,False,2011,7,ALBANY INTL,42.748299,-73.801697,285.0,94.50065050780267,NY,KJFK_New_York,19.6,41.5,14.25,12.2,0.0,1018.0,1,High,2
Airplane,"(10, 30]",1,1,2011-07-17,2.0,Illinois,Approach,Medium,No Cloud,Unknown bird - medium,False,20,True,2011,7,CHICAGO MIDWAY INTL ARPT,41.785999,-87.752403,620.0,8.607490552607114,IL,KORD_Chicago,17.35,68.5,9.55,11.5,0.0,1015.05,1,High,2
Airplane,"(-1, 0]",1,1,2011-07-17,2.0,Illinois,Take-off run,Small,No Cloud,Unknown bird - small,True,0,False,2011,7,QUAD CITY ARPT,39.6431007385,-89.14450073239999,630.0,33.991848342153304,IL,KORD_Chicago,17.35,68.5,9.55,11.5,0.0,1015.05,1,Medium,1
Airplane,"(-1, 0]",1,1,2011-07-17,2.0,New York,Landing Roll,Small,No Cloud,Rock pigeon,False,0,False,2011,7,JOHN F KENNEDY INTL,40.639447,-73.779317,13.0,285.81600722845906,NY,KJFK_New_York,6.6000000000000005,76.0,8.9,11.5,0.0,1016.65,1,Medium,1
Airplane,"(0, 10]",1,1,2011-07-17,1.0,New York,Climb,Small,No Cloud,American kestrel,True,3,False,2011,7,LONG ISLAND MAC ARTHUR,40.796324,-73.101703,99.0,292.8807816425768,NY,KJFK_New_York,6.6000000000000005,76.0,8.9,11.5,0.0,1016.65,1,Low,0
Airplane,"(-1, 0]",1,1,2011-07-18,2.0,New York,Take-off run,Small,Some Cloud,Barn swallow,True,0,False,2011,7,JOHN F KENNEDY INTL,40.639447,-73.779317,13.0,285.81600722845906,NY,KJFK_New_York,18.0,60.0,5.0,13.5,2.4,1011.15,1,Low,0
Airplane,"(-1, 0]",1,1,2011-07-19,1.0,Colorado,Landing Roll,Small,Some Cloud,Unknown bird - small,False,0,False,2011,7,EAGLE COUNTY REGIONAL,39.64260101,-106.9179993,6548.0,147.4277066641531,CO,KDEN_Denver,9.9,59.5,4.35,16.05,0.0,1005.95,1,Low,0
Airplane,"(-1, 0]",1,1,2011-07-20,2.0,New York,Take-off run,Small,No Cloud,American kestrel,True,0,False,2011,7,WESTCHESTER COUNTY ARPT,41.06700134277344,-73.70760345458984,439.0,243.3503200617849,NY,KJFK_New_York,1.6666666666666663,57.333333333333336,13.4,14.633333333333336,0.0,1011.3,1,Medium,1
Airplane,"(-1, 0]",1,1,2011-07-20,2.0,New York,Take-off run,Small,No Cloud,Horned lark,True,0,False,2011,7,JOHN F KENNEDY INTL,40.639447,-73.779317,13.0,285.81600722845906,NY,KJFK_New_York,1.6666666666666663,57.333333333333336,13.4,14.633333333333336,0.0,1011.3,1,Low,0
Airplane,"(-1, 0]",1,1,2011-07-22,2.0,Illinois,Landing Roll,Small,Some Cloud,Unknown bird - small,True,0,False,2011,7,QUAD CITY ARPT,39.6431007385,-89.14450073239999,630.0,33.991848342153304,IL,KORD_Chicago,10.6,79.5,4.0,15.5,0.0,1014.9,1,Low,0
Airplane,"(-1, 0]",1,1,2011-07-22,2.0,New York,Landing Roll,Small,No Cloud,Barn swallow,False,0,False,2011,7,LAGUARDIA NY,40.777199,-73.872597,21.0,268.82670826154464,NY,KJFK_New_York,17.7,78.0,10.25,8.15,4.9,1008.0,1,Medium,1
Airplane,"(10, 30]",1,1,2011-07-22,3.0,New York,Approach,Small,No Cloud,Barn swallow,False,20,False,2011,7,STEWART INTL AIRPORT,41.85419845581055,-89.08760070800781,770.0,772.6270946133457,NY,KJFK_New_York,17.7,78.0,10.25,8.15,4.9,1008.0,1,Low,0
Airplane,"(-1, 0]",1,1,2011-07-23,2.0,Illinois,Take-off run,Small,Overcast,Unknown bird - small,True,0,False,2011,7,CHICAGO O'HARE INTL ARPT,41.9786,-87.9048,680.0,4.16460023622371,IL,KORD_Chicago,14.1,72.0,2.25,12.0,0.2,1012.3,1,Medium,1
Airplane,"(10, 30]",1,1,2011-07-23,2.0,New York,Approach,Small,Some Cloud,European starling,True,25,True,2011,7,JOHN F KENNEDY INTL,40.639447,-73.779317,13.0,285.81600722845906,NY,KJFK_New_York,0.1499999999999999,73.0,9.55,13.5,0.0,1008.75,1,Low,0
Airplane,"(0, 10]",1,1,2011-07-25,1.0,Illinois,Approach,Small,No Cloud,Unknown bird - small,False,10,False,2011,7,ST LOUIS DOWNTOWN,38.570701599100005,-90.1561965942,413.0,106.7209972741952,IL,KORD_Chicago,7.75,41.5,3.0,10.65,0.0,1010.2,1,Low,0
Airplane,"(50, 100]",1,1,2011-07-26,2.0,New York,Approach,Large,Some Cloud,Unknown bird - large,True,100,False,2011,7,LAGUARDIA NY,40.777199,-73.872597,21.0,268.82670826154464,NY,KJFK_New_York,13.933333333333332,60.0,2.6666666666666665,13.1,4.4,1017.0333333333332,1,Medium,1
Airplane,"(-1, 0]",1,1,2011-07-26,2.0,New York,Landing Roll,Small,No Cloud,Barn swallow,True,0,True,2011,7,JOHN F KENNEDY INTL,40.639447,-73.779317,13.0,285.81600722845906,NY,KJFK_New_York,13.933333333333332,60.0,2.6666666666666665,13.1,4.4,1017.0333333333332,1,Medium,1
Airplane,"(0, 10]",1,1,2011-07-27,2.0,New York,Climb,Small,Some Cloud,Unknown bird - small,False,10,False,2011,7,LAGUARDIA NY,40.777199,-73.872597,21.0,268.82670826154464,NY,KJFK_New_York,11.4,57.5,10.65,9.15,0.0,1013.15,1,Low,0
Airplane,"(-1, 0]",1,1,2011-07-27,2.0,New York,Landing Roll,Small,Overcast,Eastern phoebe,False,0,False,2011,7,GREATER BINGHAMTON ARPT,39.9734,-90.403702,465.0,928.1562052517568,NY,KJFK_New_York,11.4,57.5,10.65,9.15,0.0,1013.15,1,Medium,1
Airplane,"(30, 50]",1,1,2011-07-27,2.0,Illinois,Approach,Small,Some Cloud,Unknown bird - small,True,50,False,2011,7,CHICAGO EXECUTIVE ARPT,42.114222,-87.901494,647.0,17.90602076675677,IL,KORD_Chicago,17.799999999999997,75.5,2.55,14.25,0.0,1018.7,1,Low,0
Airplane,"(200, 400]",1,1,2011-07-28,2.0,New York,Approach,Small,No Cloud,Unknown bird - small,False,400,False,2011,7,JOHN F KENNEDY INTL,40.639447,-73.779317,13.0,285.81600722845906,NY,KJFK_New_York,15.75,53.0,14.1,15.3,0.0,1012.1,1,Low,0
Airplane,"(0, 10]",1,1,2011-07-28,2.0,Colorado,Approach,Medium,Some Cloud,Unknown bird - medium,True,10,True,2011,7,DENVER INTL AIRPORT,39.52920150756836,-104.65799713134766,6295.0,27.573111187238812,CO,KDEN_Denver,7.5,67.5,8.85,10.9,0.0,1017.55,1,High,2
Airplane,"(-1, 0]",1,1,2011-07-28,2.0,Colorado,Take-off run,Small,Some Cloud,Unknown bird - small,True,0,False,2011,7,DENVER INTL AIRPORT,39.52920150756836,-104.65799713134766,6295.0,27.573111187238812,CO,KDEN_Denver,7.5,67.5,8.85,10.9,0.0,1017.55,1,High,2
Airplane,"(30, 50]",1,1,2011-07-29,2.0,New York,Approach,Small,No Cloud,European starling,True,50,False,2011,7,GREATER ROCHESTER INTL,43.1189,-77.672401,559.0,27.86996070509405,NY,KJFK_New_York,-3.1,91.0,5.4,10.75,0.0,1007.65,1,Low,0
Airplane,"(50, 100]",1,1,2011-07-29,2.0,New York,Approach,Small,Overcast,American kestrel,False,100,False,2011,7,ELMIRA/CORNING MUNICIPAL,41.534901,-87.529503,620.0,649.5098008259092,NY,KJFK_New_York,-3.1,91.0,5.4,10.75,0.0,1007.65,1,Low,0
Airplane,"(400, 600]",1,1,2011-07-30,2.0,New York,Approach,Medium,No Cloud,Unknown bird - medium,False,500,True,2011,7,JOHN F KENNEDY INTL,40.639447,-73.779317,13.0,285.81600722845906,NY,KJFK_New_York,10.45,79.5,18.35,11.5,0.0,1013.2,1,Low,0
Airplane,"(400, 600]",1,1,2011-07-30,2.0,New York,Approach,Small,Some Cloud,Purple martin,True,500,True,2011,7,JOHN F KENNEDY INTL,40.639447,-73.779317,13.0,285.81600722845906,NY,KJFK_New_York,10.45,79.5,18.35,11.5,0.0,1013.2,1,Low,0
Airplane,"(0, 10]",1,1,2011-07-31,2.0,Colorado,Approach,Small,No Cloud,Horned lark,False,5,False,2011,7,DENVER INTL AIRPORT,39.52920150756836,-104.65799713134766,6295.0,27.573111187238812,CO,KDEN_Denver,-0.3666666666666665,67.66666666666667,5.066666666666666,12.466666666666669,2.1,1014.7666666666668,1,Medium,1
Airplane,"(10, 30]",1,1,2011-08-01,2.0,Colorado,Approach,Medium,Some Cloud,Unknown bird - medium,False,15,False,2011,8,PUEBLO MEMORIAL ARPT,38.289101,-104.497002,4726.0,17.704292706523976,CO,KDEN_Denver,17.75,76.0,19.35,13.1,0.0,1009.75,1,High,2
Airplane,"(-1, 0]",1,1,2011-08-01,2.0,Colorado,Take-off run,Small,Some Cloud,American kestrel,False,0,False,2011,8,ROCKY MOUNTAIN METROPOLITAN ARPT,39.908798,-105.116997,5673.0,8.792994069845067,CO,KDEN_Denver,17.75,76.0,19.35,13.1,0.0,1009.75,1,High,2
Airplane,"(0, 10]",1,1,2011-08-01,2.0,Colorado,Approach,Small,No Cloud,Horned lark,False,10,True,2011,8,DENVER INTL AIRPORT,39.52920150756836,-104.65799713134766,6295.0,27.573111187238812,CO,KDEN_Denver,17.75,76.0,19.35,13.1,0.0,1009.75,1,Medium,1
Airplane,"(-1, 0]",1,1,2011-08-01,2.0,New York,Take-off run,Small,Some Cloud,Barn swallow,True,0,False,2011,8,BUFFALO-NIAGARA INTL,42.940498,-78.732201,728.0,16.688896633415297,NY,KJFK_New_York,15.0,46.5,4.25,11.65,0.0,1018.65,1,Medium,1
Airplane,"(0, 10]",1,1,2011-08-02,2.0,Colorado,Climb,Medium,No Cloud,Unknown bird - medium,True,10,False,2011,8,DENVER INTL AIRPORT,39.52920150756836,-104.65799713134766,6295.0,27.573111187238812,CO,KDEN_Denver,22.2,57.5,5.35,11.25,0.0,1013.15,1,Medium,1
Airplane,"(-1, 0]",1,1,2011-08-02,2.0,New York,Landing Roll,Small,No Cloud,European starling,True,0,False,2011,8,BUFFALO-NIAGARA INTL,42.940498,-78.732201,728.0,16.688896633415297,NY,KJFK_New_York,11.7,47.5,10.7,9.8,0.0,1009.65,1,High,2
Airplane,"(3000, 5000]",1,1,2011-08-04,2.0,New York,Approach,Small,Some Cloud,Unknown bird - small,False,3500,False,2011,8,JOHN F KENNEDY INTL,40.639447,-73.779317,13.0,285.81600722845906,NY,KJFK_New_York,6.35,80.5,11.9,15.2,3.2,1004.5,1,Low,0
Airplane,"(1000, 2000]",1,1,2011-08-04,2.0,New York,Approach,Small,Some Cloud,Chimney swift,True,2000,False,2011,8,LAGUARDIA NY,40.777199,-73.872597,21.0,268.82670826154464,NY,KJFK_New_York,6.35,80.5,11.9,15.2,3.2,1004.5,1,Low,0
Airplane,"(-1, 0]",1,1,2011-08-05,2.0,New York,Take-off run,Small,No Cloud,Unknown bird - small,False,0,False,2011,8,GREATER ROCHESTER INTL,43.1189,-77.672401,559.0,27.86996070509405,NY,KJFK_New_York,1.75,95.0,8.95,13.95,0.0,1013.45,1,Medium,1
Airplane,"(-1, 0]",1,1,2011-08-05,2.0,Illinois,Take-off run,Small,Some Cloud,Unknown bird - small,True,0,True,2011,8,CHICAGO O'HARE INTL ARPT,41.9786,-87.9048,680.0,4.16460023622371,IL,KORD_Chicago,13.25,80.5,5.05,16.1,0.0,1013.0,1,Low,0
Airplane,"(-1, 0]",1,1,2011-08-05,2.0,New York,Landing Roll,Large,No Cloud,White-tailed deer,True,0,False,2011,8,EAST HAMPTON ARPT,40.959954,-72.25105,55.0,319.84235343585243,NY,KJFK_New_York,1.75,95.0,8.95,13.95,0.0,1013.45,1,High,2
Airplane,"(-1, 0]",1,1,2011-08-06,2.0,Illinois,Take-off run,Small,Overcast,European starling,True,0,False,2011,8,QUAD CITY ARPT,39.6431007385,-89.14450073239999,630.0,33.991848342153304,IL,KORD_Chicago,10.066666666666668,54.0,7.1000000000000005,15.9,0.0,1011.4666666666668,1,Low,0
Airplane,"(400, 600]",1,1,2011-08-06,2.0,Illinois,Approach,Small,Some Cloud,Unknown bird - small,True,500,False,2011,8,QUAD CITY ARPT,39.6431007385,-89.14450073239999,630.0,33.991848342153304,IL,KORD_Chicago,10.066666666666668,54.0,7.1000000000000005,15.9,0.0,1011.4666666666668,1,Low,0
Airplane,"(-1, 0]",1,1,2011-08-06,2.0,Illinois,Landing Roll,Small,Some Cloud,European starling,True,0,False,2011,8,QUAD CITY ARPT,39.6431007385,-89.14450073239999,630.0,33.991848342153304,IL,KORD_Chicago,10.066666666666668,54.0,7.1000000000000005,15.9,0.0,1011.4666666666668,1,Low,0
Airplane,"(600, 1000]",1,1,2011-08-07,2.0,Illinois,Climb,Medium,Some Cloud,Red-tailed hawk,False,1000,False,2011,8,WILLIAMSON COUNTY REGIONAL,39.64260101,-106.9179993,6548.0,1343.0822483629204,IL,KORD_Chicago,9.5,44.0,6.25,9.65,0.0,1014.85,1,Low,0
Airplane,"(-1, 0]",1,1,2011-08-08,2.0,New York,Landing Roll,Medium,Some Cloud,Laughing gull,True,0,False,2011,8,JOHN F KENNEDY INTL,40.639447,-73.779317,13.0,285.81600722845906,NY,KJFK_New_York,10.1,45.5,9.15,13.05,0.0,1006.55,1,Medium,1
Airplane,"(-1, 0]",1,1,2011-08-09,2.0,New York,Landing Roll,Small,Overcast,Unknown bird - small,True,0,True,2011,8,JOHN F KENNEDY INTL,40.639447,-73.779317,13.0,285.81600722845906,NY,KJFK_New_York,13.7,36.5,4.1,14.55,0.0,1018.2,1,Low,0
Airplane,"(-1, 0]",1,1,2011-08-10,2.0,New York,Take-off run,Small,No Cloud,Unknown bird - small,False,0,False,2011,8,JOHN F KENNEDY INTL,40.639447,-73.779317,13.0,285.81600722845906,NY,KJFK_New_York,-0.4499999999999999,57.5,12.6,12.45,0.0,1008.45,1,Medium,1
Airplane,"(-1, 0]",1,1,2011-08-10,2.0,New York,Take-off run,Small,No Cloud,Unknown bird - small,False,0,False,2011,8,GREATER ROCHESTER INTL,43.1189,-77.672401,559.0,27.86996070509405,NY,KJFK_New_York,-0.4499999999999999,57.5,12.6,12.45,0.0,1008.45,1,Medium,1
Airplane,"(400, 600]",1,1,2011-08-11,2.0,New York,Approach,Medium,No Cloud,Gulls,False,500,False,2011,8,JOHN F KENNEDY INTL,40.639447,-73.779317,13.0,285.81600722845906,NY,KJFK_New_York,11.766666666666666,74.33333333333333,6.933333333333334,6.066666666666666,4.3,999.5,1,Low,0
Airplane,"(-1, 0]",1,1,2011-08-11,2.0,Colorado,Take-off run,Small,No Cloud,Unknown bird - small,True,0,False,2011,8,DENVER INTL AIRPORT,39.52920150756836,-104.65799713134766,6295.0,27.573111187238812,CO,KDEN_Denver,15.366666666666667,70.66666666666667,8.333333333333334,14.233333333333334,0.6,1012.2,1,Medium,1
Airplane,"(-1, 0]",1,1,2011-08-11,2.0,New York,Landing Roll,Small,Some Cloud,Unknown bird - small,True,0,True,2011,8,LONG ISLAND MAC ARTHUR,40.796324,-73.101703,99.0,292.8807816425768,NY,KJFK_New_York,11.766666666666666,74.33333333333333,6.933333333333334,6.066666666666666,4.3,999.5,1,Medium,1
Airplane,"(0, 10]",1,1,2011-08-11,2.0,New York,Approach,Small,Some Cloud,European starling,True,10,False,2011,8,WESTCHESTER COUNTY ARPT,41.06700134277344,-73.70760345458984,439.0,243.3503200617849,NY,KJFK_New_York,11.766666666666666,74.33333333333333,6.933333333333334,6.066666666666666,4.3,999.5,1,Medium,1
Airplane,"(200, 400]",1,1,2011-08-11,2.0,New York,Approach,Small,Some Cloud,Unknown bird - small,True,400,False,2011,8,LAGUARDIA NY,40.777199,-73.872597,21.0,268.82670826154464,NY,KJFK_New_York,11.766666666666666,74.33333333333333,6.933333333333334,6.066666666666666,4.3,999.5,1,Low,0
Airplane,"(0, 10]",1,1,2011-08-12,2.0,Illinois,Climb,Small,Overcast,Unknown bird - small,False,10,True,2011,8,CHICAGO O'HARE INTL ARPT,41.9786,-87.9048,680.0,4.16460023622371,IL,KORD_Chicago,21.3,60.0,13.0,10.05,0.0,1014.55,1,High,2
Airplane,"(-1, 0]",1,1,2011-08-12,2.0,New York,Take-off run,Small,No Cloud,Barn swallow,True,0,False,2011,8,ALBANY INTL,42.748299,-73.801697,285.0,94.50065050780267,NY,KJFK_New_York,10.7,71.0,12.7,14.2,0.0,1008.05,1,Medium,1
Airplane,"(-1, 0]",1,1,2011-08-13,2.0,Illinois,Take-off run,Small,Some Cloud,Barn swallow,True,0,False,2011,8,BLOOMINGTON/NORMAL,40.4771,-88.915901,871.0,9.96741417120628,IL,KORD_Chicago,27.3,59.5,12.8,9.5,0.0,1015.2,1,High,2
Airplane,"(-1, 0]",1,1,2011-08-13,2.0,New York,Take-off run,Small,Some Cloud,European starling,True,0,False,2011,8,BUFFALO-NIAGARA INTL,42.940498,-78.732201,728.0,16.688896633415297,NY,KJFK_New_York,2.3,61.0,4.1,16.1,0.0,1020.85,1,Low,0
Airplane,"(50, 100]",1,1,2011-08-14,2.0,Illinois,Approach,Small,Overcast,Unknown bird - small,False,100,True,2011,8,CHICAGO MIDWAY INTL ARPT,41.785999,-87.752403,620.0,8.607490552607114,IL,KORD_Chicago,8.5,67.5,3.8,16.1,0.0,1015.55,1,Low,0
Airplane,"(100, 200]",1,1,2011-08-14,2.0,New York,Approach,Medium,Overcast,Gulls,True,200,False,2011,8,LAGUARDIA NY,40.777199,-73.872597,21.0,268.82670826154464,NY,KJFK_New_York,24.6,43.0,12.15,15.3,0.0,1010.4,1,Low,0
Airplane,"(-1, 0]",1,1,2011-08-14,2.0,New York,Take-off run,Medium,Overcast,Herring gull,True,0,True,2011,8,LAGUARDIA NY,40.777199,-73.872597,21.0,268.82670826154464,NY,KJFK_New_York,24.6,43.0,12.15,15.3,0.0,1010.4,1,Medium,1
Airplane,"(10, 30]",1,1,2011-08-14,2.0,Colorado,Approach,Medium,No Cloud,Western meadowlark,True,25,False,2011,8,DENVER INTL AIRPORT,39.52920150756836,-104.65799713134766,6295.0,27.573111187238812,CO,KDEN_Denver,14.6,76.0,13.1,12.95,0.0,1019.5,1,High,2
Airplane,"(-1, 0]",1,1,2011-08-14,2.0,Colorado,Take-off run,Small,No Cloud,Western kingbird,True,0,False,2011,8,DENVER INTL AIRPORT,39.52920150756836,-104.65799713134766,6295.0,27.573111187238812,CO,KDEN_Denver,14.6,76.0,13.1,12.95,0.0,1019.5,1,High,2
Airplane,"(0, 10]",1,1,2011-08-16,2.0,New York,Climb,Small,Some Cloud,Unknown bird - small,True,10,False,2011,8,JOHN F KENNEDY INTL,40.639447,-73.779317,13.0,285.81600722845906,NY,KJFK_New_York,11.2,71.0,8.899999999999999,14.15,0.0,1002.3,1,Low,0
Airplane,"(0, 10]",1,1,2011-08-17,2.0,New York,Approach,Small,No Cloud,American kestrel,False,10,False,2011,8,STEWART INTL AIRPORT,41.85419845581055,-89.08760070800781,770.0,772.6270946133457,NY,KJFK_New_York,10.3,80.33333333333333,9.3,14.800000000000002,4.0,1020.0333333333332,1,Low,0
Airplane,"(-1, 0]",1,1,2011-08-19,2.0,Colorado,Landing Roll,Small,No Cloud,Mourning dove,False,0,False,2011,8,DENVER INTL AIRPORT,39.52920150756836,-104.65799713134766,6295.0,27.573111187238812,CO,KDEN_Denver,14.1,60.0,8.1,15.75,0.0,1009.0,1,Medium,1
Airplane,"(2000, 3000]",1,1,2011-08-20,2.0,Illinois,Approach,Small,Some Cloud,Unknown bird - small,True,2200,False,2011,8,CHICAGO O'HARE INTL ARPT,41.9786,-87.9048,680.0,4.16460023622371,IL,KORD_Chicago,3.65,59.5,4.95,13.25,0.0,1012.05,1,Low,0
Airplane,"(3000, 5000]",1,1,2011-08-20,2.0,Illinois,Approach,Small,Overcast,Unknown bird - small,False,4000,False,2011,8,CHICAGO O'HARE INTL ARPT,41.9786,-87.9048,680.0,4.16460023622371,IL,KORD_Chicago,3.65,59.5,4.95,13.25,0.0,1012.05,1,Low,0
Airplane,"(-1, 0]",1,1,2011-08-20,2.0,Illinois,Take-off run,Small,Some Cloud,Killdeer,True,0,False,2011,8,BLOOMINGTON/NORMAL,40.4771,-88.915901,871.0,9.96741417120628,IL,KORD_Chicago,3.65,59.5,4.95,13.25,0.0,1012.05,1,Medium,1
Airplane,"(-1, 0]",1,1,2011-08-22,2.0,Illinois,Take-off run,Small,No Cloud,Unknown bird - small,False,0,False,2011,8,UNIV OF ILLINOIS -WILLARD ARPT,40.039819,-88.276249,755.0,25.148499963897123,IL,KORD_Chicago,15.4,73.33333333333333,8.666666666666666,12.866666666666667,0.0,1005.5333333333332,1,Medium,1
Airplane,"(-1, 0]",1,1,2011-08-24,2.0,Colorado,Take-off run,Small,No Cloud,Unknown bird - small,True,0,True,2011,8,DENVER INTL AIRPORT,39.52920150756836,-104.65799713134766,6295.0,27.573111187238812,CO,KDEN_Denver,-2.2,91.5,13.3,16.0,0.0,1005.4,1,Medium,1
Airplane,"(-1, 0]",1,1,2011-08-24,2.0,New York,Landing Roll,Small,Some Cloud,Unknown bird - small,True,0,True,2011,8,ALBANY INTL,42.748299,-73.801697,285.0,94.50065050780267,NY,KJFK_New_York,18.25,66.5,5.0,16.1,0.0,1013.35,1,Low,0
Airplane,"(3000, 5000]",1,1,2011-08-24,2.0,Illinois,Climb,Small,No Cloud,Unknown bird - small,False,4500,True,2011,8,CHICAGO MIDWAY INTL ARPT,41.785999,-87.752403,620.0,8.607490552607114,IL,KORD_Chicago,12.6,58.0,5.8,10.7,0.0,1013.65,1,Low,0
Airplane,"(-1, 0]",1,1,2011-08-27,2.0,New York,Take-off run,Small,No Cloud,Unknown bird - small,False,0,True,2011,8,BUFFALO-NIAGARA INTL,42.940498,-78.732201,728.0,16.688896633415297,NY,KJFK_New_York,16.1,95.5,8.7,15.7,0.0,1010.4,1,Medium,1
Airplane,"(-1, 0]",1,1,2011-08-28,2.0,New York,Take-off run,Small,Some Cloud,Sparrows,True,0,False,2011,8,BUFFALO-NIAGARA INTL,42.940498,-78.732201,728.0,16.688896633415297,NY,KJFK_New_York,12.8,74.0,6.133333333333334,16.1,7.6,1008.0,1,Medium,1
Airplane,"(10, 30]",1,1,2011-08-29,2.0,New York,Approach,Small,Some Cloud,Semipalmated plover,True,20,False,2011,8,LAGUARDIA NY,40.777199,-73.872597,21.0,268.82670826154464,NY,KJFK_New_York,5.85,63.0,10.5,11.2,0.0,1016.15,1,Low,0
Airplane,"(50, 100]",1,1,2011-08-29,2.0,New York,Approach,Small,No Cloud,American woodcock,True,100,True,2011,8,ALBANY INTL,42.748299,-73.801697,285.0,94.50065050780267,NY,KJFK_New_York,5.85,63.0,10.5,11.2,0.0,1016.15,1,Medium,1
Airplane,"(600, 1000]",1,1,2011-08-30,2.0,New York,Approach,Small,No Cloud,Unknown bird - small,False,700,False,2011,8,JOHN F KENNEDY INTL,40.639447,-73.779317,13.0,285.81600722845906,NY,KJFK_New_York,23.8,60.5,26.3,16.1,0.0,1007.05,1,Low,0
Airplane,"(0, 10]",1,1,2011-08-30,2.0,New York,Approach,Large,No Cloud,Peregrine falcon,True,10,False,2011,8,JOHN F KENNEDY INTL,40.639447,-73.779317,13.0,285.81600722845906,NY,KJFK_New_York,23.8,60.5,26.3,16.1,0.0,1007.05,1,Medium,1
Airplane,"(400, 600]",1,1,2011-08-30,2.0,New York,Approach,Large,Some Cloud,Osprey,True,600,False,2011,8,LAGUARDIA NY,40.777199,-73.872597,21.0,268.82670826154464,NY,KJFK_New_York,23.8,60.5,26.3,16.1,0.0,1007.05,1,Low,0
Airplane,"(400, 600]",1,1,2011-08-31,2.0,New York,Approach,Small,Some Cloud,Ovenbird,True,500,False,2011,8,LAGUARDIA NY,40.777199,-73.872597,21.0,268.82670826154464,NY,KJFK_New_York,3.25,57.0,8.15,13.05,0.0,1016.25,1,Low,0
Airplane,"(200, 400]",1,1,2011-09-02,1.0,Illinois,Climb,Small,No Cloud,Unknown bird - small,False,300,False,2011,9,ST LOUIS DOWNTOWN,38.570701599100005,-90.1561965942,413.0,106.7209972741952,IL,KORD_Chicago,20.433333333333334,44.333333333333336,5.333333333333333,13.9,0.0,1017.6666666666666,1,Low,0
Airplane,"(200, 400]",1,1,2011-09-02,2.0,New York,Approach,Small,Some Cloud,Rock pigeon,True,400,False,2011,9,LAGUARDIA NY,40.777199,-73.872597,21.0,268.82670826154464,NY,KJFK_New_York,12.699999999999998,57.0,7.666666666666667,12.766666666666666,0.0,1015.9666666666668,1,Low,0
Airplane,"(-1, 0]",1,1,2011-09-03,2.0,Illinois,Landing Roll,Small,Overcast,Killdeer,False,0,True,2011,9,GREATER ROCKFORD,42.1954,-89.097198,742.0,37.23938268045538,IL,KORD_Chicago,14.0,70.0,6.05,14.3,0.0,1014.9,1,Medium,1
Airplane,"(50, 100]",1,1,2011-09-03,2.0,New York,Approach,Large,No Cloud,Osprey,False,100,False,2011,9,LAGUARDIA NY,40.777199,-73.872597,21.0,268.82670826154464,NY,KJFK_New_York,5.800000000000001,78.5,3.15,14.7,0.0,1014.05,1,Low,0
Airplane,"(400, 600]",1,1,2011-09-04,2.0,New York,Approach,Small,No Cloud,Unknown bird - small,False,500,True,2011,9,JOHN F KENNEDY INTL,40.639447,-73.779317,13.0,285.81600722845906,NY,KJFK_New_York,21.7,38.5,13.25,13.95,2.0,1013.9,1,Low,0
Airplane,"(1000, 2000]",1,1,2011-09-04,2.0,Illinois,Approach,Small,Some Cloud,Unknown bird - small,False,2000,True,2011,9,CHICAGO MIDWAY INTL ARPT,41.785999,-87.752403,620.0,8.607490552607114,IL,KORD_Chicago,11.1,61.5,9.35,14.6,4.1,1016.9,1,Low,0
Airplane,"(3000, 5000]",1,1,2011-09-04,2.0,Illinois,Approach,Medium,Some Cloud,Unknown bird - medium,False,4500,True,2011,9,CHICAGO O'HARE INTL ARPT,41.9786,-87.9048,680.0,4.16460023622371,IL,KORD_Chicago,11.1,61.5,9.35,14.6,4.1,1016.9,1,Medium,1
Airplane,"(1000, 2000]",1,1,2011-09-04,2.0,Illinois,Approach,Small,No Cloud,Unknown bird - small,False,1500,True,2011,9,CHICAGO MIDWAY INTL ARPT,41.785999,-87.752403,620.0,8.607490552607114,IL,KORD_Chicago,11.1,61.5,9.35,14.6,4.1,1016.9,1,Low,0
Airplane,"(3000, 5000]",1,1,2011-09-05,2.0,Illinois,Approach,Small,Some Cloud,Unknown bird - small,False,5000,False,2011,9,CHICAGO O'HARE INTL ARPT,41.9786,-87.9048,680.0,4.16460023622371,IL,KORD_Chicago,14.35,60.5,13.7,14.2,0.0,1015.75,1,Medium,1
Airplane,"(2000, 3000]",1,1,2011-09-05,2.0,Illinois,Approach,Medium,Some Cloud,Unknown bird - medium,True,3000,True,2011,9,CHICAGO MIDWAY INTL ARPT,41.785999,-87.752403,620.0,8.607490552607114,IL,KORD_Chicago,14.35,60.5,13.7,14.2,0.0,1015.75,1,Medium,1
Airplane,"(-1, 0]",1,1,2011-09-06,2.0,New York,Landing Roll,Small,Overcast,Unknown bird - small,True,0,True,2011,9,BUFFALO-NIAGARA INTL,42.940498,-78.732201,728.0,16.688896633415297,NY,KJFK_New_York,18.25,69.5,14.05,15.9,0.0,1016.15,1,High,2
Airplane,"(400, 600]",1,1,2011-09-06,2.0,Illinois,Approach,Small,Some Cloud,Unknown bird - small,False,500,True,2011,9,CHICAGO MIDWAY INTL ARPT,41.785999,-87.752403,620.0,8.607490552607114,IL,KORD_Chicago,12.25,63.0,5.55,14.55,0.0,1019.95,1,Low,0
Airplane,"(2000, 3000]",1,1,2011-09-07,2.0,Illinois,Approach,Small,No Cloud,Unknown bird - small,False,2500,False,2011,9,CHICAGO MIDWAY INTL ARPT,41.785999,-87.752403,620.0,8.607490552607114,IL,KORD_Chicago,4.9,41.5,7.199999999999999,15.95,0.0,1012.1,1,Low,0
Airplane,"(400, 600]",1,1,2011-09-10,2.0,Illinois,Approach,Small,Some Cloud,Unknown bird - small,False,500,True,2011,9,CHICAGO MIDWAY INTL ARPT,41.785999,-87.752403,620.0,8.607490552607114,IL,KORD_Chicago,15.65,31.0,8.65,10.1,0.0,1013.05,1,Low,0
Airplane,"(200, 400]",1,1,2011-09-10,2.0,Illinois,Approach,Small,Some Cloud,Unknown bird - small,True,300,False,2011,9,CHICAGO O'HARE INTL ARPT,41.9786,-87.9048,680.0,4.16460023622371,IL,KORD_Chicago,15.65,31.0,8.65,10.1,0.0,1013.05,1,Medium,1
Airplane,"(10, 30]",1,1,2011-09-12,2.0,New York,Climb,Small,Overcast,Unknown bird - small,False,20,True,2011,9,BUFFALO-NIAGARA INTL,42.940498,-78.732201,728.0,16.688896633415297,NY,KJFK_New_York,10.45,44.5,12.0,13.85,0.0,1009.25,1,Medium,1
Airplane,"(-1, 0]",1,1,2011-09-12,2.0,New York,Landing Roll,Small,No Cloud,Unknown bird - small,True,0,False,2011,9,JOHN F KENNEDY INTL,40.639447,-73.779317,13.0,285.81600722845906,NY,KJFK_New_York,10.45,44.5,12.0,13.85,0.0,1009.25,1,Medium,1
Airplane,"(400, 600]",1,1,2011-09-13,2.0,Illinois,Climb,Small,No Cloud,Unknown bird - small,False,600,True,2011,9,CHICAGO MIDWAY INTL ARPT,41.785999,-87.752403,620.0,8.607490552607114,IL,KORD_Chicago,10.666666666666666,76.0,14.266666666666666,14.433333333333335,0.0,1011.4333333333334,1,Low,0
Airplane,"(600, 1000]",1,1,2011-09-13,2.0,Colorado,Climb,Small,Some Cloud,Unknown bird - small,False,700,True,2011,9,DENVER INTL AIRPORT,39.52920150756836,-104.65799713134766,6295.0,27.573111187238812,CO,KDEN_Denver,11.7,72.66666666666667,9.2,14.033333333333331,0.4,1008.9666666666668,1,Low,0
Airplane,"(1000, 2000]",1,1,2011-09-13,2.0,New York,Approach,Medium,Some Cloud,Unknown bird - medium,False,1300,False,2011,9,BUFFALO-NIAGARA INTL,42.940498,-78.732201,728.0,16.688896633415297,NY,KJFK_New_York,3.0,45.0,12.2,13.4,0.0,1016.4,1,Medium,1
Airplane,"(3000, 5000]",1,1,2011-09-13,2.0,Illinois,Approach,Small,Some Cloud,Unknown bird - small,False,3500,True,2011,9,CHICAGO MIDWAY INTL ARPT,41.785999,-87.752403,620.0,8.607490552607114,IL,KORD_Chicago,10.666666666666666,76.0,14.266666666666666,14.433333333333335,0.0,1011.4333333333334,1,Low,0
Airplane,"(50, 100]",1,1,2011-09-15,2.0,Illinois,Approach,Small,Overcast,Unknown bird - small,False,75,True,2011,9,CHICAGO MIDWAY INTL ARPT,41.785999,-87.752403,620.0,8.607490552607114,IL,KORD_Chicago,8.4,49.5,6.55,14.85,0.9,1018.4,1,Low,0
Airplane,"(5000, 18000]",1,1,2011-09-15,2.0,Colorado,Descent,Medium,No Cloud,Unknown bird - medium,False,11000,False,2011,9,DENVER INTL AIRPORT,39.52920150756836,-104.65799713134766,6295.0,27.573111187238812,CO,KDEN_Denver,6.1,73.5,8.2,11.3,0.1,1015.8,1,Medium,1
Airplane,"(0, 10]",1,1,2011-09-15,2.0,Colorado,Approach,Small,Some Cloud,Unknown bird - small,True,5,True,2011,9,DENVER INTL AIRPORT,39.52920150756836,-104.65799713134766,6295.0,27.573111187238812,CO,KDEN_Denver,6.1,73.5,8.2,11.3,0.1,1015.8,1,High,2
Airplane,"(1000, 2000]",1,1,2011-09-15,2.0,New York,Approach,Small,Some Cloud,Canada warbler,True,2000,False,2011,9,WESTCHESTER COUNTY ARPT,41.06700134277344,-73.70760345458984,439.0,243.3503200617849,NY,KJFK_New_York,16.200000000000003,59.0,10.6,16.1,1.7,1014.5,1,Low,0
Airplane,"(-1, 0]",1,1,2011-09-16,4.0,New York,Landing Roll,Small,Some Cloud,American kestrel,True,0,False,2011,9,JOHN F KENNEDY INTL,40.639447,-73.779317,13.0,285.81600722845906,NY,KJFK_New_York,17.5,69.5,7.75,5.85,0.0,1003.95,1,Medium,1
Airplane,"(-1, 0]",1,1,2011-09-16,2.0,Colorado,Take-off run,Medium,Some Cloud,Cooper's hawk,False,0,False,2011,9,YAMPA VALLEY,40.481201,-107.218002,6606.0,180.83264488239317,CO,KDEN_Denver,15.35,69.0,9.0,13.05,0.0,1010.85,1,Medium,1
Airplane,"(5000, 18000]",1,1,2011-09-19,2.0,Colorado,Descent,Medium,No Cloud,Unknown bird - medium,False,10000,True,2011,9,DENVER INTL AIRPORT,39.52920150756836,-104.65799713134766,6295.0,27.573111187238812,CO,KDEN_Denver,6.533333333333334,65.66666666666667,15.6,15.0,0.4,1013.4,1,Low,0
Airplane,"(3000, 5000]",1,1,2011-09-19,2.0,Colorado,Approach,Medium,No Cloud,Unknown bird - medium,True,5000,True,2011,9,DENVER INTL AIRPORT,39.52920150756836,-104.65799713134766,6295.0,27.573111187238812,CO,KDEN_Denver,6.533333333333334,65.66666666666667,15.6,15.0,0.4,1013.4,1,Medium,1
Airplane,"(-1, 0]",1,1,2011-09-20,2.0,New York,Landing Roll,Small,Overcast,American kestrel,True,0,False,2011,9,WESTCHESTER COUNTY ARPT,41.06700134277344,-73.70760345458984,439.0,243.3503200617849,NY,KJFK_New_York,7.449999999999999,70.0,12.0,9.05,0.0,1009.85,1,High,2
Airplane,"(-1, 0]",1,1,2011-09-22,2.0,Colorado,Landing Roll,Small,No Cloud,Horned lark,False,0,True,2011,9,DENVER INTL AIRPORT,39.52920150756836,-104.65799713134766,6295.0,27.573111187238812,CO,KDEN_Denver,10.15,67.0,3.7,14.85,0.0,1013.25,1,Medium,1
Airplane,"(1000, 2000]",1,1,2011-09-22,2.0,New York,Approach,Small,Some Cloud,Yellow-billed cuckoo,True,2000,False,2011,9,JOHN F KENNEDY INTL,40.639447,-73.779317,13.0,285.81600722845906,NY,KJFK_New_York,14.35,49.0,4.05,15.3,0.0,999.55,1,Low,0
Airplane,"(600, 1000]",1,1,2011-09-22,2.0,New York,Climb,Large,Some Cloud,Double-crested cormorant,True,1000,False,2011,9,LAGUARDIA NY,40.777199,-73.872597,21.0,268.82670826154464,NY,KJFK_New_York,14.35,49.0,4.05,15.3,0.0,999.55,1,Low,0
Airplane,"(2000, 3000]",1,1,2011-09-23,2.0,Illinois,Climb,Medium,No Cloud,Unknown bird - medium,False,2500,True,2011,9,CHICAGO O'HARE INTL ARPT,41.9786,-87.9048,680.0,4.16460023622371,IL,KORD_Chicago,9.3,69.0,20.4,11.3,0.0,1010.35,1,Medium,1
Airplane,"(-1, 0]",1,1,2011-09-23,2.0,New York,Landing Roll,Large,Overcast,Great black-backed gull,True,0,False,2011,9,JOHN F KENNEDY INTL,40.639447,-73.779317,13.0,285.81600722845906,NY,KJFK_New_York,12.85,72.0,7.05,12.95,0.0,1009.7,1,Medium,1
Airplane,"(-1, 0]",1,1,2011-09-24,2.0,Colorado,Landing Roll,Small,No Cloud,Unknown bird - small,False,0,True,2011,9,DENVER INTL AIRPORT,39.52920150756836,-104.65799713134766,6295.0,27.573111187238812,CO,KDEN_Denver,13.566666666666668,44.333333333333336,9.0,14.733333333333334,0.0,1019.2,1,Medium,1
Airplane,"(-1, 0]",1,1,2011-09-24,2.0,Colorado,Take-off run,Small,No Cloud,Unknown bird - small,True,0,False,2011,9,DENVER INTL AIRPORT,39.52920150756836,-104.65799713134766,6295.0,27.573111187238812,CO,KDEN_Denver,13.566666666666668,44.333333333333336,9.0,14.733333333333334,0.0,1019.2,1,Medium,1
Airplane,"(-1, 0]",1,1,2011-09-24,2.0,New York,Landing Roll,Small,Some Cloud,American kestrel,True,0,False,2011,9,JOHN F KENNEDY INTL,40.639447,-73.779317,13.0,285.81600722845906,NY,KJFK_New_York,15.433333333333332,56.0,5.133333333333333,14.466666666666669,0.0,1017.6333333333332,1,Low,0
Airplane,"(0, 10]",1,1,2011-09-25,2.0,Colorado,Approach,Small,No Cloud,Unknown bird - small,False,5,False,2011,9,DENVER INTL AIRPORT,39.52920150756836,-104.65799713134766,6295.0,27.573111187238812,CO,KDEN_Denver,-0.5,52.0,7.7,9.4,0.0,1022.55,1,Medium,1
Airplane,"(1000, 2000]",1,1,2011-09-26,2.0,New York,Approach,Small,No Cloud,Unknown bird - small,False,1600,True,2011,9,BUFFALO-NIAGARA INTL,42.940498,-78.732201,728.0,16.688896633415297,NY,KJFK_New_York,7.8,71.0,9.1,12.65,0.0,1019.2,1,Low,0
Airplane,"(1000, 2000]",1,1,2011-09-27,2.0,Illinois,Approach,Small,Some Cloud,Unknown bird - small,False,2000,True,2011,9,CHICAGO MIDWAY INTL ARPT,41.785999,-87.752403,620.0,8.607490552607114,IL,KORD_Chicago,13.3,76.5,11.05,12.3,1.5,1018.45,1,Medium,1
Airplane,"(10, 30]",1,1,2011-09-28,2.0,Colorado,Climb,Small,Some Cloud,Unknown bird - small,False,20,True,2011,9,DENVER INTL AIRPORT,39.52920150756836,-104.65799713134766,6295.0,27.573111187238812,CO,KDEN_Denver,17.95,54.0,10.1,14.45,0.0,1012.7,1,Medium,1
Airplane,"(-1, 0]",1,1,2011-09-28,2.0,Colorado,Landing Roll,Small,No Cloud,Horned lark,False,0,False,2011,9,DENVER INTL AIRPORT,39.52920150756836,-104.65799713134766,6295.0,27.573111187238812,CO,KDEN_Denver,17.95,54.0,10.1,14.45,0.0,1012.7,1,Medium,1
Airplane,"(100, 200]",1,1,2011-09-29,2.0,New York,Approach,Medium,No Cloud,Unknown bird - medium,True,200,True,2011,9,LAGUARDIA NY,40.777199,-73.872597,21.0,268.82670826154464,NY,KJFK_New_York,11.55,60.5,7.35,11.85,0.0,1011.6,1,Low,0
Airplane,"(-1, 0]",1,1,2011-09-29,2.0,New York,Landing Roll,Small,Overcast,Killdeer,False,0,False,2011,9,DUTCHESS COUNTY ARPT,41.6265983581543,-73.88420104980469,165.0,180.6127204688489,NY,KJFK_New_York,11.55,60.5,7.35,11.85,0.0,1011.6,1,Medium,1
Airplane,"(50, 100]",1,1,2011-09-30,2.0,New York,Approach,Small,Some Cloud,European starling,True,90,False,2011,9,JOHN F KENNEDY INTL,40.639447,-73.779317,13.0,285.81600722845906,NY,KJFK_New_York,21.33333333333333,60.0,13.5,10.9,0.0,1012.2666666666668,1,Medium,1
Airplane,"(-1, 0]",1,1,2011-09-30,2.0,Colorado,Landing Roll,Small,No Cloud,Unknown bird - small,False,0,True,2011,9,DENVER INTL AIRPORT,39.52920150756836,-104.65799713134766,6295.0,27.573111187238812,CO,KDEN_Denver,18.966666666666665,54.333333333333336,7.266666666666667,14.366666666666667,1.7,1017.9666666666668,1,Medium,1
Airplane,"(600, 1000]",1,1,2011-09-30,2.0,New York,Approach,Small,Overcast,Orchard oriole,True,1000,False,2011,9,LAGUARDIA NY,40.777199,-73.872597,21.0,268.82670826154464,NY,KJFK_New_York,21.33333333333333,60.0,13.5,10.9,0.0,1012.2666666666668,1,Low,0
Airplane,"(-1, 0]",1,1,2011-10-02,2.0,Colorado,Take-off run,Small,No Cloud,Horned lark,False,0,False,2011,10,COLORADO SPRINGS MUNICIPAL,38.805801,-104.700996,6187.0,38.3672452711314,CO,KDEN_Denver,16.7,47.5,15.35,11.3,0.0,1014.3,1,Medium,1
Airplane,"(200, 400]",1,1,2011-10-03,2.0,Illinois,Approach,Small,No Cloud,Unknown bird - small,False,300,True,2011,10,CHICAGO MIDWAY INTL ARPT,41.785999,-87.752403,620.0,8.607490552607114,IL,KORD_Chicago,16.6,69.0,6.0,14.55,0.0,1012.05,1,Low,0
Airplane,"(100, 200]",1,1,2011-10-04,2.0,New York,Approach,Small,No Cloud,Blackpoll warbler,True,200,False,2011,10,JOHN F KENNEDY INTL,40.639447,-73.779317,13.0,285.81600722845906,NY,KJFK_New_York,6.3,74.0,7.1,13.5,0.0,1013.5,1,Low,0
Airplane,"(100, 200]",1,1,2011-10-04,4.0,New York,Approach,Small,No Cloud,Black-throated green warbler,True,200,False,2011,10,JOHN F KENNEDY INTL,40.639447,-73.779317,13.0,285.81600722845906,NY,KJFK_New_York,6.3,74.0,7.1,13.5,0.0,1013.5,1,Low,0
Airplane,"(600, 1000]",1,1,2011-10-05,2.0,Colorado,Climb,Small,No Cloud,Unknown bird - small,False,1000,True,2011,10,DENVER INTL AIRPORT,39.52920150756836,-104.65799713134766,6295.0,27.573111187238812,CO,KDEN_Denver,14.833333333333334,49.66666666666666,12.033333333333331,11.8,0.0,1011.9,1,Medium,1
Airplane,"(1000, 2000]",1,1,2011-10-05,2.0,New York,Approach,Medium,No Cloud,Unknown bird - medium,False,1500,True,2011,10,LAGUARDIA NY,40.777199,-73.872597,21.0,268.82670826154464,NY,KJFK_New_York,10.966666666666669,82.66666666666667,8.933333333333334,11.366666666666667,0.5,1013.6,1,Low,0
Airplane,"(30, 50]",1,1,2011-10-05,2.0,New York,Approach,Small,Some Cloud,Yellow-bellied sapsucker,True,50,False,2011,10,LAGUARDIA NY,40.777199,-73.872597,21.0,268.82670826154464,NY,KJFK_New_York,10.966666666666669,82.66666666666667,8.933333333333334,11.366666666666667,0.5,1013.6,1,Low,0
Airplane,"(100, 200]",1,1,2011-10-06,2.0,New York,Climb,Small,No Cloud,Northern flicker,True,200,False,2011,10,JOHN F KENNEDY INTL,40.639447,-73.779317,13.0,285.81600722845906,NY,KJFK_New_York,2.8,54.0,5.5,13.2,0.0,1014.85,1,Low,0
Airplane,"(600, 1000]",1,1,2011-10-06,2.0,New York,Climb,Medium,No Cloud,Unknown bird - medium,True,1000,False,2011,10,WESTCHESTER COUNTY ARPT,41.06700134277344,-73.70760345458984,439.0,243.3503200617849,NY,KJFK_New_York,2.8,54.0,5.5,13.2,0.0,1014.85,1,Low,0
Airplane,"(3000, 5000]",1,1,2011-10-07,2.0,Illinois,Climb,Medium,No Cloud,Unknown bird - medium,False,4000,False,2011,10,CHICAGO O'HARE INTL ARPT,41.9786,-87.9048,680.0,4.16460023622371,IL,KORD_Chicago,15.1,64.0,14.95,12.75,0.0,1003.85,1,Medium,1
Airplane,"(3000, 5000]",1,1,2011-10-07,2.0,New York,Approach,Medium,No Cloud,Unknown bird - medium,False,4000,False,2011,10,LAGUARDIA NY,40.777199,-73.872597,21.0,268.82670826154464,NY,KJFK_New_York,7.8,65.0,10.8,13.6,0.0,1011.75,1,Low,0
Airplane,"(-1, 0]",1,1,2011-10-07,2.0,New York,Landing Roll,Small,No Cloud,Buff-breasted sandpiper,False,0,False,2011,10,LAGUARDIA NY,40.777199,-73.872597,21.0,268.82670826154464,NY,KJFK_New_York,7.8,65.0,10.8,13.6,0.0,1011.75,1,Medium,1
Airplane,"(0, 10]",1,1,2011-10-08,2.0,New York,Approach,Small,No Cloud,Tree swallow,True,10,False,2011,10,ALBANY INTL,42.748299,-73.801697,285.0,94.50065050780267,NY,KJFK_New_York,10.8,81.0,9.75,12.35,0.0,1010.4,1,Medium,1
Airplane,"(50, 100]",1,1,2011-10-11,2.0,New York,Approach,Small,No Cloud,Perching birds (y),False,100,False,2011,10,LAGUARDIA NY,40.777199,-73.872597,21.0,268.82670826154464,NY,KJFK_New_York,8.166666666666666,77.66666666666667,7.833333333333333,11.7,0.0,1015.0333333333332,1,Low,0
Airplane,"(5000, 18000]",1,1,2011-10-12,2.0,Colorado,Approach,Small,No Cloud,Unknown bird - small,False,7000,False,2011,10,DENVER INTL AIRPORT,39.52920150756836,-104.65799713134766,6295.0,27.573111187238812,CO,KDEN_Denver,9.5,67.0,15.15,11.6,2.0,1022.0,1,Medium,1
Airplane,"(1000, 2000]",1,1,2011-10-13,2.0,Illinois,Climb,Small,Some Cloud,Unknown bird - small,False,2000,False,2011,10,WILLIAMSON COUNTY REGIONAL,39.64260101,-106.9179993,6548.0,1343.0822483629204,IL,KORD_Chicago,19.15,75.0,14.55,13.4,3.2,1008.2,1,Low,0
Airplane,"(-1, 0]",1,1,2011-10-14,2.0,Colorado,Take-off run,Small,No Cloud,Unknown bird - small,False,0,False,2011,10,COLORADO SPRINGS MUNICIPAL,38.805801,-104.700996,6187.0,38.3672452711314,CO,KDEN_Denver,17.75,91.0,7.9,14.65,0.0,1013.8,1,Low,0
Airplane,"(-1, 0]",1,1,2011-10-15,2.0,Colorado,Take-off run,Small,No Cloud,Unknown bird - small,False,0,True,2011,10,DENVER INTL AIRPORT,39.52920150756836,-104.65799713134766,6295.0,27.573111187238812,CO,KDEN_Denver,11.55,64.0,6.9,11.4,0.1,1014.55,1,Medium,1
Airplane,"(-1, 0]",1,1,2011-10-16,2.0,New York,Landing Roll,Small,No Cloud,Short-eared owl,True,0,False,2011,10,JOHN F KENNEDY INTL,40.639447,-73.779317,13.0,285.81600722845906,NY,KJFK_New_York,14.866666666666667,56.0,12.666666666666666,15.0,0.0,1012.1,1,Medium,1
Airplane,"(100, 200]",1,1,2011-10-17,2.0,Illinois,Approach,Medium,No Cloud,Unknown bird - medium,False,200,False,2011,10,CHICAGO O'HARE INTL ARPT,41.9786,-87.9048,680.0,4.16460023622371,IL,KORD_Chicago,21.85,68.0,11.8,12.9,0.0,1011.75,1,High,2
Airplane,"(5000, 18000]",1,1,2011-10-18,2.0,Colorado,Descent,Medium,No Cloud,Unknown bird - medium,False,10200,True,2011,10,DENVER INTL AIRPORT,39.52920150756836,-104.65799713134766,6295.0,27.573111187238812,CO,KDEN_Denver,18.65,60.0,14.15,12.4,1.3,1021.3,1,Medium,1
Airplane,"(30, 50]",1,1,2011-10-18,2.0,Colorado,Climb,Small,No Cloud,Horned lark,False,50,False,2011,10,USAF ACADEMY BULLSEYE AUX AIRSTRIP,38.75830078125,-104.30699920654295,6036.0,18.785659703603432,CO,KDEN_Denver,18.65,60.0,14.15,12.4,1.3,1021.3,1,High,2
Airplane,"(2000, 3000]",1,1,2011-10-18,2.0,New York,Approach,Small,Some Cloud,Yellow-rumped warbler,True,3000,False,2011,10,WESTCHESTER COUNTY ARPT,41.06700134277344,-73.70760345458984,439.0,243.3503200617849,NY,KJFK_New_York,13.65,69.0,8.55,11.9,2.9,1013.8,1,Low,0
Airplane,"(1000, 2000]",1,1,2011-10-18,2.0,New York,Approach,Small,Some Cloud,Yellow-bellied sapsucker,True,2000,False,2011,10,WESTCHESTER COUNTY ARPT,41.06700134277344,-73.70760345458984,439.0,243.3503200617849,NY,KJFK_New_York,13.65,69.0,8.55,11.9,2.9,1013.8,1,Low,0
Airplane,"(0, 10]",1,1,2011-10-19,2.0,Colorado,Approach,Small,No Cloud,Horned lark,False,10,False,2011,10,MONTROSE REGIONAL ARPT,38.5098,-107.893997,5759.0,277.2383550365057,CO,KDEN_Denver,15.4,74.5,5.8,8.75,3.4,1009.0,1,Low,0
Airplane,"(600, 1000]",1,1,2011-10-23,2.0,New York,Approach,Small,Some Cloud,White-throated sparrow,True,1000,False,2011,10,LAGUARDIA NY,40.777199,-73.872597,21.0,268.82670826154464,NY,KJFK_New_York,10.25,50.5,6.5,14.5,0.0,1006.35,1,Low,0
Airplane,"(2000, 3000]",1,1,2011-10-25,2.0,New York,Approach,Medium,No Cloud,Unknown bird - medium,True,2500,False,2011,10,JOHN F KENNEDY INTL,40.639447,-73.779317,13.0,285.81600722845906,NY,KJFK_New_York,16.2,62.0,12.5,15.0,0.0,1021.4,1,Low,0
Airplane,"(1000, 2000]",1,1,2011-10-25,2.0,New York,Approach,Medium,No Cloud,Unknown bird - medium,True,1500,True,2011,10,JOHN F KENNEDY INTL,40.639447,-73.779317,13.0,285.81600722845906,NY,KJFK_New_York,16.2,62.0,12.5,15.0,0.0,1021.4,1,Low,0
Airplane,"(3000, 5000]",1,1,2011-10-28,2.0,New York,Approach,Large,Some Cloud,Canada goose,True,4000,False,2011,10,WESTCHESTER COUNTY ARPT,41.06700134277344,-73.70760345458984,439.0,243.3503200617849,NY,KJFK_New_York,14.0,59.5,7.2,11.15,8.3,1015.6,1,Medium,1
Airplane,"(3000, 5000]",1,1,2011-10-28,2.0,New York,Approach,Small,Overcast,Unknown bird - small,True,3800,True,2011,10,ALBANY INTL,42.748299,-73.801697,285.0,94.50065050780267,NY,KJFK_New_York,14.0,59.5,7.2,11.15,8.3,1015.6,1,Low,0
Airplane,"(30, 50]",1,1,2011-10-29,2.0,New York,Approach,Medium,Overcast,Red-tailed hawk,True,50,True,2011,10,NIAGARA FALLS INTL,43.1073,-78.946198,589.0,14.539853980397393,NY,KJFK_New_York,16.45,73.0,0.85,15.25,0.0,1016.65,1,Medium,1
Airplane,"(1000, 2000]",1,1,2011-10-30,2.0,New York,Approach,Medium,No Cloud,Unknown bird - medium,False,2000,True,2011,10,JOHN F KENNEDY INTL,40.639447,-73.779317,13.0,285.81600722845906,NY,KJFK_New_York,4.050000000000001,51.5,4.4,14.9,0.0,1026.25,1,Low,0
Airplane,"(1000, 2000]",1,1,2011-10-30,2.0,New York,Approach,Medium,No Cloud,Gulls,True,2000,True,2011,10,JOHN F KENNEDY INTL,40.639447,-73.779317,13.0,285.81600722845906,NY,KJFK_New_York,4.050000000000001,51.5,4.4,14.9,0.0,1026.25,1,Low,0
Airplane,"(3000, 5000]",1,1,2011-11-01,2.0,New York,Approach,Small,No Cloud,Unknown bird - small,False,3500,True,2011,11,JOHN F KENNEDY INTL,40.639447,-73.779317,13.0,285.81600722845906,NY,KJFK_New_York,12.15,70.0,7.1,16.1,5.0,1021.05,1,Low,0
Airplane,"(200, 400]",1,1,2011-11-01,2.0,New York,Approach,Small,No Cloud,Black-bellied plover,False,300,False,2011,11,JOHN F KENNEDY INTL,40.639447,-73.779317,13.0,285.81600722845906,NY,KJFK_New_York,12.15,70.0,7.1,16.1,5.0,1021.05,1,Low,0
Airplane,"(-1, 0]",1,1,2011-11-02,2.0,New York,Take-off run,Small,No Cloud,Unknown bird - small,True,0,True,2011,11,LONG ISLAND MAC ARTHUR,40.796324,-73.101703,99.0,292.8807816425768,NY,KJFK_New_York,14.066666666666665,67.33333333333333,11.4,13.066666666666668,0.3,1018.0666666666666,1,Low,0
Airplane,"(2000, 3000]",1,1,2011-11-04,2.0,New York,Approach,Small,Some Cloud,American robin,True,2500,False,2011,11,LAGUARDIA NY,40.777199,-73.872597,21.0,268.82670826154464,NY,KJFK_New_York,15.6,50.0,9.75,9.9,6.0,1006.7,1,Low,0
Airplane,"(3000, 5000]",1,1,2011-11-04,2.0,New York,Approach,Small,Some Cloud,American robin,True,4000,False,2011,11,LAGUARDIA NY,40.777199,-73.872597,21.0,268.82670826154464,NY,KJFK_New_York,15.6,50.0,9.75,9.9,6.0,1006.7,1,Low,0
Airplane,"(3000, 5000]",1,1,2011-11-04,2.0,New York,Approach,Medium,No Cloud,Unknown bird - medium,True,5000,False,2011,11,WESTCHESTER COUNTY ARPT,41.06700134277344,-73.70760345458984,439.0,243.3503200617849,NY,KJFK_New_York,15.6,50.0,9.75,9.9,6.0,1006.7,1,Medium,1
Airplane,"(-1, 0]",1,1,2011-11-08,2.0,New York,Landing Roll,Small,No Cloud,American kestrel,True,0,False,2011,11,LAGUARDIA NY,40.777199,-73.872597,21.0,268.82670826154464,NY,KJFK_New_York,5.25,46.0,5.05,15.9,0.0,1013.05,1,Low,0
Airplane,"(1000, 2000]",1,1,2011-11-09,2.0,Illinois,Approach,Medium,Overcast,Unknown bird - medium,False,1500,False,2011,11,CHICAGO MIDWAY INTL ARPT,41.785999,-87.752403,620.0,8.607490552607114,IL,KORD_Chicago,10.85,46.0,19.95,16.1,5.5,1015.4,1,Medium,1
Airplane,"(3000, 5000]",1,1,2011-11-11,2.0,New York,Approach,Medium,Some Cloud,Mallard,False,4000,False,2011,11,LAGUARDIA NY,40.777199,-73.872597,21.0,268.82670826154464,NY,KJFK_New_York,10.0,74.0,9.65,15.9,0.0,1016.15,1,Low,0
Airplane,"(5000, 18000]",1,1,2011-11-15,2.0,Illinois,Approach,Small,Some Cloud,Unknown bird - small,False,5400,True,2011,11,CHICAGO MIDWAY INTL ARPT,41.785999,-87.752403,620.0,8.607490552607114,IL,KORD_Chicago,3.45,76.5,14.9,11.2,6.9,1013.5,1,Medium,1
Airplane,"(10, 30]",1,1,2011-11-16,1.0,New York,Approach,Large,Overcast,Snowy owl,True,20,False,2011,11,GRIFFISS INTL,37.392936,-102.283058,3964.0,1993.0974915688307,NY,KJFK_New_York,16.0,55.0,6.050000000000001,14.0,0.0,1007.65,1,Medium,1
Airplane,"(200, 400]",1,1,2011-11-17,2.0,Illinois,Approach,Small,No Cloud,Unknown bird - small,True,300,False,2011,11,QUAD CITY ARPT,39.6431007385,-89.14450073239999,630.0,33.991848342153304,IL,KORD_Chicago,18.3,68.0,15.3,15.65,3.6,1009.0,1,Medium,1
Airplane,"(3000, 5000]",1,1,2011-11-17,2.0,New York,Climb,Medium,No Cloud,Unknown bird - medium,True,5000,False,2011,11,JOHN F KENNEDY INTL,40.639447,-73.779317,13.0,285.81600722845906,NY,KJFK_New_York,12.9,85.0,5.6,13.7,0.2,1013.95,1,Low,0
Airplane,"(50, 100]",1,1,2011-11-21,2.0,Colorado,Approach,Small,No Cloud,Unknown bird - small,False,100,False,2011,11,CENTENNIAL ARPT,39.57009888,-104.848999,5885.0,22.177781438130427,CO,KDEN_Denver,21.0,54.0,6.1000000000000005,14.4,2.0,1022.35,1,Low,0
Airplane,"(3000, 5000]",1,1,2011-11-21,2.0,New York,Approach,Small,Some Cloud,American robin,True,4000,False,2011,11,LAGUARDIA NY,40.777199,-73.872597,21.0,268.82670826154464,NY,KJFK_New_York,1.5,58.0,9.95,13.4,0.0,1011.7,1,Low,0
Airplane,"(10, 30]",1,1,2011-11-24,2.0,New York,Approach,Small,No Cloud,Unknown bird - small,False,20,False,2011,11,STEWART INTL AIRPORT,41.85419845581055,-89.08760070800781,770.0,772.6270946133457,NY,KJFK_New_York,7.766666666666667,64.0,10.433333333333334,11.233333333333334,1.7,1020.2666666666668,1,Low,0
Airplane,"(1000, 2000]",1,1,2011-11-24,1.0,Illinois,Approach,Medium,No Cloud,Unknown bird - medium,False,1300,False,2011,11,BLOOMINGTON/NORMAL,40.4771,-88.915901,871.0,9.96741417120628,IL,KORD_Chicago,17.333333333333332,35.0,8.066666666666666,15.433333333333335,1.0,1020.5666666666666,1,Medium,1
Airplane,"(-1, 0]",1,1,2011-11-26,2.0,New York,Take-off run,Small,Some Cloud,Unknown bird - small,True,0,False,2011,11,WESTCHESTER COUNTY ARPT,41.06700134277344,-73.70760345458984,439.0,243.3503200617849,NY,KJFK_New_York,17.7,51.0,11.3,14.2,0.0,1020.25,1,Medium,1
Airplane,"(0, 10]",1,1,2011-11-27,2.0,Illinois,Approach,Small,Overcast,Unknown bird - small,False,10,False,2011,11,UNIV OF ILLINOIS -WILLARD ARPT,40.039819,-88.276249,755.0,25.148499963897123,IL,KORD_Chicago,25.45,84.5,12.75,11.4,0.0,1011.45,1,High,2
Airplane,"(-1, 0]",1,1,2011-11-29,2.0,New York,Landing Roll,Large,Overcast,Unknown bird - large,True,0,True,2011,11,JOHN F KENNEDY INTL,40.639447,-73.779317,13.0,285.81600722845906,NY,KJFK_New_York,11.7,48.66666666666666,6.2,12.233333333333334,0.0,1012.1666666666666,1,High,2
Airplane,"(-1, 0]",1,1,2011-12-03,2.0,New York,Landing Roll,Small,Some Cloud,Unknown bird - small,True,0,False,2011,12,BUFFALO-NIAGARA INTL,42.940498,-78.732201,728.0,16.688896633415297,NY,KJFK_New_York,17.25,77.5,2.85,16.1,0.7,1014.2,1,Medium,1
Airplane,"(-1, 0]",1,1,2011-12-23,2.0,Colorado,Take-off run,Small,No Cloud,Unknown bird - small,False,0,True,2011,12,DENVER INTL AIRPORT,39.52920150756836,-104.65799713134766,6295.0,27.573111187238812,CO,KDEN_Denver,5.1000000000000005,54.5,4.550000000000001,13.25,0.0,1014.3,1,Medium,1
Airplane,"(-1, 0]",1,1,2011-12-23,2.0,Colorado,Take-off run,Medium,No Cloud,Ferruginous hawk,False,0,True,2011,12,DENVER INTL AIRPORT,39.52920150756836,-104.65799713134766,6295.0,27.573111187238812,CO,KDEN_Denver,5.1000000000000005,54.5,4.550000000000001,13.25,0.0,1014.3,1,Medium,1
Airplane,"(-1, 0]",1,1,2011-12-27,2.0,Illinois,Landing Roll,Medium,No Cloud,Unknown bird - medium,False,0,False,2011,12,GREATER ROCKFORD,42.1954,-89.097198,742.0,37.23938268045538,IL,KORD_Chicago,22.366666666666664,68.66666666666667,11.633333333333333,13.1,0.0,1018.1333333333332,1,High,2
Airplane,"(-1, 0]",1,1,2011-12-31,2.0,Illinois,Take-off run,Medium,No Cloud,Red-tailed hawk,False,0,True,2011,12,ABRAHAM LINCOLN CAPITAL ARPT,39.844101,-89.677902,598.0,24.88369746449472,IL,KORD_Chicago,6.35,81.0,14.85,12.9,0.0,1019.5,1,High,2
